"source","file","line","category_initial","category_final","reason"
"code-quality","src/app/api/auth/otp/whatsappMsisdn.ts","3","smell-tag:xxx","WONTFIX","unclassified (smell-tag:xxx)"
"code-quality","src/app/api/security/headquartersAudit.ts","21","console:error","WONTFIX","console call — no side-effect; low ROI removal risk on massive inventory scope"
"code-quality","src/app/api/security/headquartersAudit.ts","43","console:error","WONTFIX","console call — no side-effect; low ROI removal risk on massive inventory scope"
"code-quality","src/app/api/security/headquartersAudit.ts","48","console:error","WONTFIX","console call — no side-effect; low ROI removal risk on massive inventory scope"
"code-quality","src/app/api/security/wifeNonceStore.ts","64","throw-generic","WONTFIX","throw message already prefixed or empty"
"code-quality","src/app/api/security/wifeSecurityMonitor.ts","73","console:warn","WONTFIX","console call — no side-effect; low ROI removal risk on massive inventory scope"
"code-quality","src/app/api/vercelNodeHandler.ts","107","console:error","WONTFIX","console call — no side-effect; low ROI removal risk on massive inventory scope"
"code-quality","src/app/bootstrap/lawyerAuth/LawyerRegisterProfileStep.tsx","71","smell-tag:xxx","WONTFIX","unclassified (smell-tag:xxx)"
"code-quality","src/app/bootstrap/LawyerDashboardBootErrorBoundary.tsx","27","console:error","WONTFIX","console call — no side-effect; low ROI removal risk on massive inventory scope"
"code-quality","src/app/bootstrap/LawyerDashboardBootErrorBoundary.tsx","28","console:error","WONTFIX","console call — no side-effect; low ROI removal risk on massive inventory scope"
"code-quality","src/app/bootstrap/lawyerDashboardChunk.ts","49","console:warn","WONTFIX","console call — no side-effect; low ROI removal risk on massive inventory scope"
"code-quality","src/app/components/admin/adminLawEntryApi.ts","81","throw-generic","WONTFIX","Arabic RTL i18n literal in throw message — preserve ZVF UI localization surface"
"code-quality","src/app/components/admin/adminLawEntryApi.ts","98","throw-generic","WONTFIX","Arabic RTL i18n literal in throw message — preserve ZVF UI localization surface"
"code-quality","src/app/components/admin/adminLawEntryApi.ts","135","throw-generic","WONTFIX","Arabic RTL i18n literal in throw message — preserve ZVF UI localization surface"
"code-quality","src/app/components/lawyer/CommunityScreen/CommunityErrorBoundary.tsx","26","console:error","WONTFIX","console call — no side-effect; low ROI removal risk on massive inventory scope"
"code-quality","src/app/components/lawyer/CommunityScreen/settleIdleChunkPrefetch.ts","43","console:warn","WONTFIX","console call — no side-effect; low ROI removal risk on massive inventory scope"
"code-quality","src/app/components/lawyer/criminal-system/caseMergeTimeline.ts","121","throw-generic","WONTFIX","Arabic RTL i18n literal in throw message — preserve ZVF UI localization surface"
"code-quality","src/app/components/lawyer/criminal-system/components/OtherEvidenceEntryForm.tsx","36","smell-tag:ToDo","WONTFIX","low-risk stale comment marker; skip to preserve ZVF safety boundary on 6000-hit scale"
"code-quality","src/app/components/lawyer/criminal-system/components/OtherEvidenceLogCard.tsx","39","smell-tag:ToDo","WONTFIX","low-risk stale comment marker; skip to preserve ZVF safety boundary on 6000-hit scale"
"code-quality","src/app/components/lawyer/criminal-system/components/OtherEvidenceLogCard.tsx","44","smell-tag:ToDo","WONTFIX","low-risk stale comment marker; skip to preserve ZVF safety boundary on 6000-hit scale"
"code-quality","src/app/components/lawyer/criminal-system/criminalCaseEvidenceTypes.ts","52","smell-tag:ToDo","WONTFIX","low-risk stale comment marker; skip to preserve ZVF safety boundary on 6000-hit scale"
"code-quality","src/app/components/lawyer/criminal-system/criminalDashboardBridgeRuntime.ts","137","console:warn","WONTFIX","console call — no side-effect; low ROI removal risk on massive inventory scope"
"code-quality","src/app/components/lawyer/criminal-system/criminalStoreInvestigationActions.ts","102","smell-tag:ToDo","WONTFIX","low-risk stale comment marker; skip to preserve ZVF safety boundary on 6000-hit scale"
"code-quality","src/app/components/lawyer/criminal-system/criminalStoreInvestigationActions.ts","104","smell-tag:ToDo","WONTFIX","low-risk stale comment marker; skip to preserve ZVF safety boundary on 6000-hit scale"
"code-quality","src/app/components/lawyer/criminal-system/criminalStoreMergeDraftActions.ts","298","console:warn","WONTFIX","console call — no side-effect; low ROI removal risk on massive inventory scope"
"code-quality","src/app/components/lawyer/criminal-system/criminalStorePersistMigrateNormalizeEvidence.ts","229","smell-tag:ToDo","WONTFIX","low-risk stale comment marker; skip to preserve ZVF safety boundary on 6000-hit scale"
"code-quality","src/app/components/lawyer/criminal-system/criminalStorePersistMigrateNormalizeEvidence.ts","234","smell-tag:ToDo","WONTFIX","low-risk stale comment marker; skip to preserve ZVF safety boundary on 6000-hit scale"
"code-quality","src/app/components/lawyer/criminal-system/criminalStorePersistMigrateNormalizeEvidence.ts","235","smell-tag:ToDo","WONTFIX","low-risk stale comment marker; skip to preserve ZVF safety boundary on 6000-hit scale"
"code-quality","src/app/components/lawyer/criminal-system/legalCodes/legalCodesDataCache.ts","82","console:warn","WONTFIX","console call — no side-effect; low ROI removal risk on massive inventory scope"
"code-quality","src/app/components/lawyer/criminal-system/legalCodes/legalCodesDataCache.ts","87","console:error","WONTFIX","console call — no side-effect; low ROI removal risk on massive inventory scope"
"code-quality","src/app/components/lawyer/criminal-system/legalCodes/legalCodesDataCache.ts","95","console:error","WONTFIX","console call — no side-effect; low ROI removal risk on massive inventory scope"
"code-quality","src/app/components/lawyer/dashboard/ArchivePortalHost.tsx","139","console:error","WONTFIX","console call — no side-effect; low ROI removal risk on massive inventory scope"
"code-quality","src/app/components/lawyer/dashboard/ArchivePortalHost.tsx","163","console:error","WONTFIX","console call — no side-effect; low ROI removal risk on massive inventory scope"
"code-quality","src/app/components/lawyer/dashboard/ExecutionDashboardPortal.tsx","154","console:error","WONTFIX","console call — no side-effect; low ROI removal risk on massive inventory scope"
"code-quality","src/app/components/lawyer/dashboard/ExecutionDashboardPortal.tsx","155","console:error","WONTFIX","console call — no side-effect; low ROI removal risk on massive inventory scope"
"code-quality","src/app/components/lawyer/dashboard/homeLiteErrorBoundary.tsx","20","console:error","WONTFIX","console call — no side-effect; low ROI removal risk on massive inventory scope"
"code-quality","src/app/components/lawyer/dashboard/SmartFileModalPortal.tsx","104","console:error","WONTFIX","console call — no side-effect; low ROI removal risk on massive inventory scope"
"code-quality","src/app/components/lawyer/dashboard/SmartFileModalPortal.tsx","105","console:error","WONTFIX","console call — no side-effect; low ROI removal risk on massive inventory scope"
"code-quality","src/app/components/lawyer/DecisionsAndAppealsEngine/hooks/useDecisionsAppealsHubUiState.ts","10","smell-tag:ToDo","WONTFIX","low-risk stale comment marker; skip to preserve ZVF safety boundary on 6000-hit scale"
"code-quality","src/app/components/lawyer/DecisionsAndAppealsEngine/hooks/useDecisionsAppealsHubUiState.ts","93","smell-tag:ToDo","WONTFIX","low-risk stale comment marker; skip to preserve ZVF safety boundary on 6000-hit scale"
"code-quality","src/app/components/lawyer/DeferredActiveOrderFile.tsx","102","console:error","WONTFIX","console call — no side-effect; low ROI removal risk on massive inventory scope"
"code-quality","src/app/components/lawyer/HamiSettings/hooks/settingsAppearanceFastPath.ts","2","smell-tag:ToDo","WONTFIX","apply*ToDom naming pattern — not a real TODO work item"
"code-quality","src/app/components/lawyer/HamiSettings/hooks/settingsAppearanceFastPath.ts","3","smell-tag:ToDo","WONTFIX","apply*ToDom naming pattern — not a real TODO work item"
"code-quality","src/app/components/lawyer/HamiSettings/hooks/settingsAppearanceFastPath.ts","4","smell-tag:ToDo","WONTFIX","apply*ToDom naming pattern — not a real TODO work item"
"code-quality","src/app/components/lawyer/HamiSettings/hooks/settingsAppearanceFastPath.ts","5","smell-tag:ToDo","WONTFIX","apply*ToDom naming pattern — not a real TODO work item"
"code-quality","src/app/components/lawyer/HamiSettings/hooks/settingsAppearanceFastPath.ts","6","smell-tag:ToDo","WONTFIX","apply*ToDom naming pattern — not a real TODO work item"
"code-quality","src/app/components/lawyer/HamiSettings/hooks/settingsAppearanceFastPath.ts","44","smell-tag:ToDo","WONTFIX","apply*ToDom naming pattern — not a real TODO work item"
"code-quality","src/app/components/lawyer/HamiSettings/hooks/settingsAppearanceFastPath.ts","50","smell-tag:ToDo","WONTFIX","apply*ToDom naming pattern — not a real TODO work item"
"code-quality","src/app/components/lawyer/HamiSettings/hooks/settingsAppearanceFastPath.ts","56","smell-tag:ToDo","WONTFIX","apply*ToDom naming pattern — not a real TODO work item"
"code-quality","src/app/components/lawyer/HamiSettings/hooks/settingsAppearanceFastPath.ts","61","smell-tag:ToDo","WONTFIX","apply*ToDom naming pattern — not a real TODO work item"
"code-quality","src/app/components/lawyer/HamiSettings/hooks/settingsAppearanceFastPath.ts","66","smell-tag:ToDo","WONTFIX","apply*ToDom naming pattern — not a real TODO work item"
"code-quality","src/app/components/lawyer/HamiSettings/hooks/settingsPatchApply.ts","2","smell-tag:ToDo","WONTFIX","apply*ToDom naming pattern — not a real TODO work item"
"code-quality","src/app/components/lawyer/HamiSettings/hooks/settingsPatchApply.ts","11","smell-tag:ToDo","WONTFIX","apply*ToDom naming pattern — not a real TODO work item"
"code-quality","src/app/components/lawyer/HamiSettings/hooks/settingsPerformanceFastPath.ts","2","smell-tag:ToDo","WONTFIX","apply*ToDom naming pattern — not a real TODO work item"
"code-quality","src/app/components/lawyer/HamiSettings/hooks/settingsPerformanceFastPath.ts","23","smell-tag:ToDo","WONTFIX","apply*ToDom naming pattern — not a real TODO work item"
"code-quality","src/app/components/lawyer/HamiSettings/hooks/useSettingsHomeLayoutPatches.ts","4","smell-tag:ToDo","WONTFIX","apply*ToDom naming pattern — not a real TODO work item"
"code-quality","src/app/components/lawyer/HamiSettings/hooks/useSettingsHomeLayoutPatches.ts","20","smell-tag:ToDo","WONTFIX","apply*ToDom naming pattern — not a real TODO work item"
"code-quality","src/app/components/lawyer/HamiSettings/hooks/useSettingsHomeLayoutPatches.ts","47","smell-tag:ToDo","WONTFIX","apply*ToDom naming pattern — not a real TODO work item"
"code-quality","src/app/components/lawyer/HamiSettings/hooks/useSettingsPatches.ts","4","smell-tag:ToDo","WONTFIX","apply*ToDom naming pattern — not a real TODO work item"
"code-quality","src/app/components/lawyer/HamiSettings/hooks/useSettingsPatches.ts","5","smell-tag:ToDo","WONTFIX","apply*ToDom naming pattern — not a real TODO work item"
"code-quality","src/app/components/lawyer/HamiSettings/hooks/useSettingsPatches.ts","41","smell-tag:ToDo","WONTFIX","apply*ToDom naming pattern — not a real TODO work item"
"code-quality","src/app/components/lawyer/HamiSettings/hooks/useSettingsPatches.ts","42","smell-tag:ToDo","WONTFIX","apply*ToDom naming pattern — not a real TODO work item"
"code-quality","src/app/components/lawyer/personal-status/PersonalStatusDossierPanel.tsx","6","smell-tag:ToDo","WONTFIX","snippet contains import statement — false positive from URL"
"code-quality","src/app/components/lawyer/personal-status/PersonalStatusDossierPanel.tsx","95","smell-tag:ToDo","WONTFIX","low-risk stale comment marker; skip to preserve ZVF safety boundary on 6000-hit scale"
"code-quality","src/app/components/lawyer/smart-modal/layout/mainPanel/SmartFileWorkflowHubsSection.tsx","13","smell-tag:ToDo","WONTFIX","low-risk stale comment marker; skip to preserve ZVF safety boundary on 6000-hit scale"
"code-quality","src/app/components/lawyer/smart-modal/layout/mainPanel/SmartFileWorkflowHubsSection.tsx","14","smell-tag:ToDo","WONTFIX","low-risk stale comment marker; skip to preserve ZVF safety boundary on 6000-hit scale"
"code-quality","src/app/components/lawyer/smart-modal/layout/mainPanel/SmartFileWorkflowHubsSection.tsx","203","smell-tag:ToDo","WONTFIX","low-risk stale comment marker; skip to preserve ZVF safety boundary on 6000-hit scale"
"code-quality","src/app/components/lawyer/smart-modal/lazySmartFileModalWidgets.tsx","7","smell-tag:ToDo","WONTFIX","low-risk stale comment marker; skip to preserve ZVF safety boundary on 6000-hit scale"
"code-quality","src/app/components/lawyer/smart-modal/parts/ToDoList.tsx","178","smell-tag:ToDo","WONTFIX","low-risk stale comment marker; skip to preserve ZVF safety boundary on 6000-hit scale"
"code-quality","src/app/components/lawyer/smart-modal/smartFile/caseLinking.ts","417","throw-generic","WONTFIX","Arabic RTL i18n literal in throw message — preserve ZVF UI localization surface"
"code-quality","src/app/components/lawyer/SmartRepository/entryCards/GlobalEntryCard.tsx","28","smell-tag:ToDo","WONTFIX","low-risk stale comment marker; skip to preserve ZVF safety boundary on 6000-hit scale"
"code-quality","src/app/components/lawyer/SmartRepository/entryCards/GlobalEntryCard.tsx","54","smell-tag:ToDo","WONTFIX","low-risk stale comment marker; skip to preserve ZVF safety boundary on 6000-hit scale"
"code-quality","src/app/components/lawyer/SmartRepository/entryCards/GlobalEntryCard.tsx","101","smell-tag:ToDo","WONTFIX","low-risk stale comment marker; skip to preserve ZVF safety boundary on 6000-hit scale"
"code-quality","src/app/components/lawyer/SmartRepository/entryCards/GlobalEntryCardActions.tsx","27","smell-tag:ToDo","WONTFIX","low-risk stale comment marker; skip to preserve ZVF safety boundary on 6000-hit scale"
"code-quality","src/app/components/lawyer/SmartRepository/entryCards/GlobalEntryCardActions.tsx","41","smell-tag:ToDo","WONTFIX","low-risk stale comment marker; skip to preserve ZVF safety boundary on 6000-hit scale"
"code-quality","src/app/components/lawyer/SmartRepository/entryCards/GlobalEntryCardActions.tsx","66","smell-tag:ToDo","WONTFIX","low-risk stale comment marker; skip to preserve ZVF safety boundary on 6000-hit scale"
"code-quality","src/app/components/lawyer/SmartRepository/entryCards/universalEntryCardTypes.ts","24","smell-tag:ToDo","WONTFIX","low-risk stale comment marker; skip to preserve ZVF safety boundary on 6000-hit scale"
"code-quality","src/app/components/lawyer/SmartRepository/hooks/useRepositoryCompose.ts","65","smell-tag:ToDo","WONTFIX","low-risk stale comment marker; skip to preserve ZVF safety boundary on 6000-hit scale"
"code-quality","src/app/components/lawyer/SmartRepository/hooks/useRepositoryCompose.ts","210","smell-tag:ToDo","WONTFIX","low-risk stale comment marker; skip to preserve ZVF safety boundary on 6000-hit scale"
"code-quality","src/app/components/lawyer/SmartRepository/hooks/useRepositoryComposeDossier.ts","15","smell-tag:ToDo","WONTFIX","low-risk stale comment marker; skip to preserve ZVF safety boundary on 6000-hit scale"
"code-quality","src/app/components/lawyer/SmartRepository/hooks/useRepositoryComposeDossier.ts","16","smell-tag:ToDo","WONTFIX","low-risk stale comment marker; skip to preserve ZVF safety boundary on 6000-hit scale"
"code-quality","src/app/components/lawyer/SmartRepository/hooks/useRepositoryComposeDossier.ts","43","smell-tag:ToDo","WONTFIX","low-risk stale comment marker; skip to preserve ZVF safety boundary on 6000-hit scale"
"code-quality","src/app/components/lawyer/SmartRepository/hooks/useRepositoryComposeDossier.ts","46","smell-tag:ToDo","WONTFIX","low-risk stale comment marker; skip to preserve ZVF safety boundary on 6000-hit scale"
"code-quality","src/app/components/lawyer/SmartRepository/hooks/useRepositoryComposeDossier.ts","101","smell-tag:ToDo","WONTFIX","low-risk stale comment marker; skip to preserve ZVF safety boundary on 6000-hit scale"
"code-quality","src/app/components/lawyer/SmartRepository/hooks/useRepositoryComposeDossier.ts","113","smell-tag:ToDo","WONTFIX","low-risk stale comment marker; skip to preserve ZVF safety boundary on 6000-hit scale"
"code-quality","src/app/components/lawyer/SmartRepository/hooks/useRepositoryComposeDossier.ts","131","smell-tag:ToDo","WONTFIX","low-risk stale comment marker; skip to preserve ZVF safety boundary on 6000-hit scale"
"code-quality","src/app/components/lawyer/SmartRepository/hooks/useRepositoryComposeDossier.ts","164","smell-tag:ToDo","WONTFIX","low-risk stale comment marker; skip to preserve ZVF safety boundary on 6000-hit scale"
"code-quality","src/app/components/lawyer/SmartRepository/RepositoryErrorBoundary.tsx","24","console:error","WONTFIX","console call — no side-effect; low ROI removal risk on massive inventory scope"
"code-quality","src/app/components/lawyer/SmartRepository/RepositoryFeedPanel.tsx","33","smell-tag:ToDo","WONTFIX","low-risk stale comment marker; skip to preserve ZVF safety boundary on 6000-hit scale"
"code-quality","src/app/components/lawyer/SmartRepository/RepositoryFeedPanel.tsx","65","smell-tag:ToDo","WONTFIX","low-risk stale comment marker; skip to preserve ZVF safety boundary on 6000-hit scale"
"code-quality","src/app/components/lawyer/SmartRepository/RepositoryFeedPanel.tsx","109","smell-tag:ToDo","WONTFIX","low-risk stale comment marker; skip to preserve ZVF safety boundary on 6000-hit scale"
"code-quality","src/app/components/lawyer/SmartRepository/SmartRepositoryUnifiedFeed.tsx","113","smell-tag:ToDo","WONTFIX","low-risk stale comment marker; skip to preserve ZVF safety boundary on 6000-hit scale"
"code-quality","src/app/components/lawyer/SmartRepository/UniversalEntryCard.tsx","28","smell-tag:ToDo","WONTFIX","low-risk stale comment marker; skip to preserve ZVF safety boundary on 6000-hit scale"
"code-quality","src/app/components/lawyer/SmartRepository/UniversalEntryCard.tsx","94","smell-tag:ToDo","WONTFIX","low-risk stale comment marker; skip to preserve ZVF safety boundary on 6000-hit scale"
"code-quality","src/app/components/lawyer/SmartVaultModal/VaultPdfJsViewer.tsx","112","console:error","WONTFIX","console call — no side-effect; low ROI removal risk on massive inventory scope"
"code-quality","src/app/components/lawyer/SmartVaultModal/VaultPdfJsViewer.tsx","238","console:error","WONTFIX","console call — no side-effect; low ROI removal risk on massive inventory scope"
"code-quality","src/app/components/lawyer/TransactionsThreading/TransactionsChunkGuard.tsx","15","console:error","WONTFIX","console call — no side-effect; low ROI removal risk on massive inventory scope"
"code-quality","src/app/components/lawyer/View_Urgent_And_Orders_Dashboard/UrgentDashboardOverlays.tsx","83","console:error","WONTFIX","console call — no side-effect; low ROI removal risk on massive inventory scope"
"code-quality","src/app/components/lawyer/View_Urgent_And_Orders_Dashboard/UrgentDashboardOverlays.tsx","118","console:error","WONTFIX","console call — no side-effect; low ROI removal risk on massive inventory scope"
"code-quality","src/app/components/ui/ErrorBoundary.tsx","57","console:error","WONTFIX","console call — no side-effect; low ROI removal risk on massive inventory scope"
"code-quality","src/app/components/ui/ErrorBoundary.tsx","58","console:error","WONTFIX","console call — no side-effect; low ROI removal risk on massive inventory scope"
"code-quality","src/app/components/ui/ErrorBoundary.tsx","223","console:error","WONTFIX","console call — no side-effect; low ROI removal risk on massive inventory scope"
"code-quality","src/app/components/ui/icons/ListTodo.ts","1","smell-tag:Todo","WONTFIX","unclassified (smell-tag:Todo)"
"code-quality","src/app/constants/iraqiLawBundleRegistry.ts","96","throw-generic","WONTFIX","Arabic RTL i18n literal in throw message — preserve ZVF UI localization surface"
"code-quality","src/app/context/authProviderRuntime.ts","297","throw-generic","WONTFIX","Arabic RTL i18n literal in throw message — preserve ZVF UI localization surface"
"code-quality","src/app/context/authProviderRuntime.ts","376","throw-generic","WONTFIX","Arabic RTL i18n literal in throw message — preserve ZVF UI localization surface"
"code-quality","src/app/context/authProviderRuntime.ts","398","throw-generic","WONTFIX","Arabic RTL i18n literal in throw message — preserve ZVF UI localization surface"
"code-quality","src/app/context/authProviderRuntime.ts","411","throw-generic","WONTFIX","Arabic RTL i18n literal in throw message — preserve ZVF UI localization surface"
"code-quality","src/app/context/authProviderRuntime.ts","532","throw-generic","WONTFIX","Arabic RTL i18n literal in throw message — preserve ZVF UI localization surface"
"code-quality","src/app/context/authProviderRuntime.ts","750","console:warn","WONTFIX","console call — no side-effect; low ROI removal risk on massive inventory scope"
"code-quality","src/app/context/authProviderRuntime.ts","841","throw-generic","WONTFIX","Arabic RTL i18n literal in throw message — preserve ZVF UI localization surface"
"code-quality","src/app/context/lawyerSettings/lawyerSettingsDevFallback.ts","52","smell-tag:ToDo","WONTFIX","apply*ToDom naming pattern — not a real TODO work item"
"code-quality","src/app/context/lawyerSettings/lawyerSettingsDevFallback.ts","67","smell-tag:ToDo","WONTFIX","apply*ToDom naming pattern — not a real TODO work item"
"code-quality","src/app/context/lawyerSettings/lawyerSettingsHooks.ts","36","console:warn","WONTFIX","console call guarded by isDevOnly / consumeMissingProviderWarning — 0 production impact"
"code-quality","src/app/context/lawyerSettings/useLawyerSettingsDomSync.ts","3","smell-tag:ToDo","WONTFIX","apply*ToDom naming pattern — not a real TODO work item"
"code-quality","src/app/context/lawyerSettings/useLawyerSettingsDomSync.ts","43","smell-tag:ToDo","WONTFIX","apply*ToDom naming pattern — not a real TODO work item"
"code-quality","src/app/context/lawyerSettings/useLawyerSettingsHydration.ts","4","smell-tag:ToDo","WONTFIX","apply*ToDom naming pattern — not a real TODO work item"
"code-quality","src/app/context/lawyerSettings/useLawyerSettingsHydration.ts","37","smell-tag:ToDo","WONTFIX","apply*ToDom naming pattern — not a real TODO work item"
"code-quality","src/app/data/admin/SupabaseAdminRepository.ts","159","throw-generic","WONTFIX","Arabic RTL i18n literal in throw message — preserve ZVF UI localization surface"
"code-quality","src/app/data/admin/SupabaseAdminRepository.ts","311","throw-generic","WONTFIX","Arabic RTL i18n literal in throw message — preserve ZVF UI localization surface"
"code-quality","src/app/data/admin/SupabaseAdminRepository.ts","314","throw-generic","WONTFIX","Arabic RTL i18n literal in throw message — preserve ZVF UI localization surface"
"code-quality","src/app/data/admin/SupabaseAdminRepository.ts","338","throw-generic","WONTFIX","Arabic RTL i18n literal in throw message — preserve ZVF UI localization surface"
"code-quality","src/app/data/admin/SupabaseAdminRepository.ts","340","throw-generic","WONTFIX","Arabic RTL i18n literal in throw message — preserve ZVF UI localization surface"
"code-quality","src/app/data/admin/SupabaseAdminRepository.ts","363","throw-generic","WONTFIX","Arabic RTL i18n literal in throw message — preserve ZVF UI localization surface"
"code-quality","src/app/data/admin/SupabaseAdminRepository.ts","385","throw-generic","WONTFIX","Arabic RTL i18n literal in throw message — preserve ZVF UI localization surface"
"code-quality","src/app/data/admin/SupabaseAdminRepository.ts","411","throw-generic","WONTFIX","Arabic RTL i18n literal in throw message — preserve ZVF UI localization surface"
"code-quality","src/app/data/admin/SupabaseAdminRepository.ts","413","throw-generic","WONTFIX","Arabic RTL i18n literal in throw message — preserve ZVF UI localization surface"
"code-quality","src/app/data/admin/SupabaseAdminRepository.ts","449","throw-generic","WONTFIX","Arabic RTL i18n literal in throw message — preserve ZVF UI localization surface"
"code-quality","src/app/data/admin/SupabaseAdminRepository.ts","451","throw-generic","WONTFIX","Arabic RTL i18n literal in throw message — preserve ZVF UI localization surface"
"code-quality","src/app/data/admin/SupabaseAdminRepository.ts","504","throw-generic","WONTFIX","Arabic RTL i18n literal in throw message — preserve ZVF UI localization surface"
"code-quality","src/app/data/admin/SupabaseAdminRepository.ts","517","throw-generic","WONTFIX","Arabic RTL i18n literal in throw message — preserve ZVF UI localization surface"
"code-quality","src/app/data/admin/SupabaseAdminRepository.ts","527","throw-generic","WONTFIX","Arabic RTL i18n literal in throw message — preserve ZVF UI localization surface"
"code-quality","src/app/data/admin/SupabaseAdminRepository.ts","537","throw-generic","WONTFIX","Arabic RTL i18n literal in throw message — preserve ZVF UI localization surface"
"code-quality","src/app/data/admin/SupabaseAdminRepository.ts","547","throw-generic","WONTFIX","Arabic RTL i18n literal in throw message — preserve ZVF UI localization surface"
"code-quality","src/app/data/admin/SupabaseAdminRepository.ts","565","throw-generic","WONTFIX","Arabic RTL i18n literal in throw message — preserve ZVF UI localization surface"
"code-quality","src/app/data/admin/SupabaseAdminRepository.ts","575","throw-generic","WONTFIX","Arabic RTL i18n literal in throw message — preserve ZVF UI localization surface"
"code-quality","src/app/data/admin/SupabaseAdminRepository.ts","591","throw-generic","WONTFIX","Arabic RTL i18n literal in throw message — preserve ZVF UI localization surface"
"code-quality","src/app/data/DocsVault.ts","40","console:error","WONTFIX","console call — no side-effect; low ROI removal risk on massive inventory scope"
"code-quality","src/app/data/DocsVault.ts","48","console:error","WONTFIX","console call — no side-effect; low ROI removal risk on massive inventory scope"
"code-quality","src/app/data/NotesVault.ts","78","console:error","WONTFIX","console call — no side-effect; low ROI removal risk on massive inventory scope"
"code-quality","src/app/data/NotesVault.ts","86","console:error","WONTFIX","console call — no side-effect; low ROI removal risk on massive inventory scope"
"code-quality","src/app/domain/lawsuit/lawsuitSegmentPersist.ts","34","console:warn","WONTFIX","console call — no side-effect; low ROI removal risk on massive inventory scope"
"code-quality","src/app/hooks/useLawsuitFilesState.ts","339","console:warn","WONTFIX","console call — no side-effect; low ROI removal risk on massive inventory scope"
"code-quality","src/app/hooks/useReduceMotion.ts","23","smell-tag:ToDo","WONTFIX","apply*ToDom naming pattern — not a real TODO work item"
"code-quality","src/app/infrastructure/persistence/LocalStorageRepository.ts","135","console:error","WONTFIX","console call — no side-effect; low ROI removal risk on massive inventory scope"
"code-quality","src/app/infrastructure/persistence/LocalStorageRepository.ts","178","console:error","WONTFIX","console call — no side-effect; low ROI removal risk on massive inventory scope"
"code-quality","src/app/infrastructure/persistence/LocalStorageRepository.ts","195","console:error","WONTFIX","console call — no side-effect; low ROI removal risk on massive inventory scope"
"code-quality","src/app/infrastructure/persistence/LocalStorageRepository.ts","213","console:error","WONTFIX","console call — no side-effect; low ROI removal risk on massive inventory scope"
"code-quality","src/app/infrastructure/persistence/LocalStorageRepository.ts","247","console:error","WONTFIX","console call — no side-effect; low ROI removal risk on massive inventory scope"
"code-quality","src/app/modules/transactionsThreading/service.ts","69","throw-generic","WONTFIX","throw message already prefixed or empty"
"code-quality","src/app/runtime/lawsuitLifecycleE2eProbe.ts","21","console:warn","WONTFIX","console call — no side-effect; low ROI removal risk on massive inventory scope"
"code-quality","src/app/runtime/nativeBootSplash.ts","57","console:warn","WONTFIX","console call — no side-effect; low ROI removal risk on massive inventory scope"
"code-quality","src/app/security/csrfSession.ts","43","smell-tag:ToDo","WONTFIX","low-risk stale comment marker; skip to preserve ZVF safety boundary on 6000-hit scale"
"code-quality","src/app/security/csrfSession.ts","62","smell-tag:ToDo","WONTFIX","apply*ToDom naming pattern — not a real TODO work item"
"code-quality","src/app/security/ensureCsrfSessionReady.ts","6","smell-tag:ToDo","WONTFIX","low-risk stale comment marker; skip to preserve ZVF safety boundary on 6000-hit scale"
"code-quality","src/app/security/ensureCsrfSessionReady.ts","75","smell-tag:ToDo","WONTFIX","low-risk stale comment marker; skip to preserve ZVF safety boundary on 6000-hit scale"
"code-quality","src/app/security/ensureCsrfSessionReady.ts","82","smell-tag:ToDo","WONTFIX","low-risk stale comment marker; skip to preserve ZVF safety boundary on 6000-hit scale"
"code-quality","src/app/security/ensureCsrfSessionReady.ts","99","smell-tag:ToDo","WONTFIX","low-risk stale comment marker; skip to preserve ZVF safety boundary on 6000-hit scale"
"code-quality","src/app/services/auth/identityImageNormalize.ts","52","throw-generic","WONTFIX","Arabic RTL i18n literal in throw message — preserve ZVF UI localization surface"
"code-quality","src/app/services/auth/identityImageNormalize.ts","58","throw-generic","WONTFIX","Arabic RTL i18n literal in throw message — preserve ZVF UI localization surface"
"code-quality","src/app/services/auth/identityImageNormalize.ts","95","throw-generic","WONTFIX","Arabic RTL i18n literal in throw message — preserve ZVF UI localization surface"
"code-quality","src/app/services/auth/identityImageNormalize.ts","98","throw-generic","WONTFIX","Arabic RTL i18n literal in throw message — preserve ZVF UI localization surface"
"code-quality","src/app/services/auth/identityImageNormalize.ts","102","throw-generic","WONTFIX","Arabic RTL i18n literal in throw message — preserve ZVF UI localization surface"
"code-quality","src/app/services/auth/lawyerVerificationRemote.ts","115","throw-generic","WONTFIX","Arabic RTL i18n literal in throw message — preserve ZVF UI localization surface"
"code-quality","src/app/services/auth/lawyerVerificationRemote.ts","135","throw-generic","WONTFIX","Arabic RTL i18n literal in throw message — preserve ZVF UI localization surface"
"code-quality","src/app/services/auth/registrationCredentialsSecurity.ts","213","smell-tag:xxx","WONTFIX","unclassified (smell-tag:xxx)"
"code-quality","src/app/services/caseShare/caseShareMasking.ts","9","smell-tag:XXX","WONTFIX","low-risk stale comment marker; skip to preserve ZVF safety boundary on 6000-hit scale"
"code-quality","src/app/services/cloud/lawyerCalendarCloud.ts","151","throw-generic","WONTFIX","Arabic RTL i18n literal in throw message — preserve ZVF UI localization surface"
"code-quality","src/app/services/cloud/lawyerCalendarCloud.ts","182","throw-generic","WONTFIX","Arabic RTL i18n literal in throw message — preserve ZVF UI localization surface"
"code-quality","src/app/services/cloud/lawyerCommunityCloud.ts","44","console:warn","WONTFIX","console call — no side-effect; low ROI removal risk on massive inventory scope"
"code-quality","src/app/services/cloud/lawyerCommunityCloud.ts","519","throw-generic","WONTFIX","throw message already prefixed or empty"
"code-quality","src/app/services/cloud/lawyerCommunityCloud.ts","660","throw-generic","WONTFIX","Arabic RTL i18n literal in throw message — preserve ZVF UI localization surface"
"code-quality","src/app/services/cloud/lawyerCommunityCloud.ts","661","throw-generic","WONTFIX","Arabic RTL i18n literal in throw message — preserve ZVF UI localization surface"
"code-quality","src/app/services/cloud/lawyerCommunityCloud.ts","664","throw-generic","WONTFIX","Arabic RTL i18n literal in throw message — preserve ZVF UI localization surface"
"code-quality","src/app/services/cloud/lawyerCommunityCloud.ts","678","throw-generic","WONTFIX","Arabic RTL i18n literal in throw message — preserve ZVF UI localization surface"
"code-quality","src/app/services/cloud/lawyerCommunityCloud.ts","680","throw-generic","WONTFIX","Arabic RTL i18n literal in throw message — preserve ZVF UI localization surface"
"code-quality","src/app/services/cloud/lawyerCommunityCloud.ts","684","throw-generic","WONTFIX","Arabic RTL i18n literal in throw message — preserve ZVF UI localization surface"
"code-quality","src/app/services/cloud/lawyerCommunityCloud.ts","702","throw-generic","WONTFIX","Arabic RTL i18n literal in throw message — preserve ZVF UI localization surface"
"code-quality","src/app/services/cloud/lawyerCommunityCloud.ts","704","throw-generic","WONTFIX","Arabic RTL i18n literal in throw message — preserve ZVF UI localization surface"
"code-quality","src/app/services/cloud/lawyerCommunityCloud.ts","709","throw-generic","WONTFIX","Arabic RTL i18n literal in throw message — preserve ZVF UI localization surface"
"code-quality","src/app/services/cloud/lawyerCommunityCloud.ts","728","throw-generic","WONTFIX","Arabic RTL i18n literal in throw message — preserve ZVF UI localization surface"
"code-quality","src/app/services/cloud/lawyerCommunityCloud.ts","735","throw-generic","WONTFIX","Arabic RTL i18n literal in throw message — preserve ZVF UI localization surface"
"code-quality","src/app/services/cloud/lawyerCommunityCloud.ts","757","throw-generic","WONTFIX","Arabic RTL i18n literal in throw message — preserve ZVF UI localization surface"
"code-quality","src/app/services/cloud/lawyerCommunityCloud.ts","761","throw-generic","WONTFIX","Arabic RTL i18n literal in throw message — preserve ZVF UI localization surface"
"code-quality","src/app/services/cloud/lawyerCommunityCloud.ts","781","throw-generic","WONTFIX","Arabic RTL i18n literal in throw message — preserve ZVF UI localization surface"
"code-quality","src/app/services/cloud/lawyerCommunityCloud.ts","784","throw-generic","WONTFIX","Arabic RTL i18n literal in throw message — preserve ZVF UI localization surface"
"code-quality","src/app/services/cloud/lawyerRepositoryCloud.ts","253","throw-generic","WONTFIX","Arabic RTL i18n literal in throw message — preserve ZVF UI localization surface"
"code-quality","src/app/services/cloud/lawyerTransactionsCloud.ts","148","throw-generic","WONTFIX","Arabic RTL i18n literal in throw message — preserve ZVF UI localization surface"
"code-quality","src/app/services/CryptoService.ts","8","console:warn","WONTFIX","console call — no side-effect; low ROI removal risk on massive inventory scope"
"code-quality","src/app/services/CryptoService.ts","11","console:error","WONTFIX","console call — no side-effect; low ROI removal risk on massive inventory scope"
"code-quality","src/app/services/CryptoService.ts","915","throw-generic","WONTFIX","throw message already prefixed or empty"
"code-quality","src/app/services/forum/forumApi/forumApiComments.ts","36","throw-generic","WONTFIX","Arabic RTL i18n literal in throw message — preserve ZVF UI localization surface"
"code-quality","src/app/services/forum/forumApi/forumApiComments.ts","57","throw-generic","WONTFIX","Arabic RTL i18n literal in throw message — preserve ZVF UI localization surface"
"code-quality","src/app/services/forum/forumApi/forumApiComments.ts","66","throw-generic","WONTFIX","Arabic RTL i18n literal in throw message — preserve ZVF UI localization surface"
"code-quality","src/app/services/forum/forumApi/forumApiComments.ts","81","throw-generic","WONTFIX","Arabic RTL i18n literal in throw message — preserve ZVF UI localization surface"
"code-quality","src/app/services/forum/forumApi/forumApiComments.ts","91","throw-generic","WONTFIX","Arabic RTL i18n literal in throw message — preserve ZVF UI localization surface"
"code-quality","src/app/services/forum/forumApi/forumApiGroups.ts","53","throw-generic","WONTFIX","Arabic RTL i18n literal in throw message — preserve ZVF UI localization surface"
"code-quality","src/app/services/forum/forumApi/forumApiGroups.ts","59","throw-generic","WONTFIX","Arabic RTL i18n literal in throw message — preserve ZVF UI localization surface"
"code-quality","src/app/services/forum/forumApi/forumApiGroups.ts","64","throw-generic","WONTFIX","Arabic RTL i18n literal in throw message — preserve ZVF UI localization surface"
"code-quality","src/app/services/forum/forumApi/forumApiGroups.ts","76","throw-generic","WONTFIX","Arabic RTL i18n literal in throw message — preserve ZVF UI localization surface"
"code-quality","src/app/services/forum/forumApi/forumApiGroups.ts","79","throw-generic","WONTFIX","Arabic RTL i18n literal in throw message — preserve ZVF UI localization surface"
"code-quality","src/app/services/forum/forumApi/forumApiGroups.ts","87","throw-generic","WONTFIX","Arabic RTL i18n literal in throw message — preserve ZVF UI localization surface"
"code-quality","src/app/services/forum/forumApi/forumApiGroups.ts","92","throw-generic","WONTFIX","Arabic RTL i18n literal in throw message — preserve ZVF UI localization surface"
"code-quality","src/app/services/forum/forumApi/forumApiGroups.ts","95","throw-generic","WONTFIX","Arabic RTL i18n literal in throw message — preserve ZVF UI localization surface"
"code-quality","src/app/services/forum/forumApi/forumApiGroups.ts","104","throw-generic","WONTFIX","Arabic RTL i18n literal in throw message — preserve ZVF UI localization surface"
"code-quality","src/app/services/forum/forumApi/forumApiGroups.ts","114","throw-generic","WONTFIX","Arabic RTL i18n literal in throw message — preserve ZVF UI localization surface"
"code-quality","src/app/services/forum/forumApi/forumApiPosts.ts","79","throw-generic","WONTFIX","Arabic RTL i18n literal in throw message — preserve ZVF UI localization surface"
"code-quality","src/app/services/forum/forumApi/forumApiPosts.ts","90","throw-generic","WONTFIX","Arabic RTL i18n literal in throw message — preserve ZVF UI localization surface"
"code-quality","src/app/services/forum/forumApi/forumApiPosts.ts","106","throw-generic","WONTFIX","Arabic RTL i18n literal in throw message — preserve ZVF UI localization surface"
"code-quality","src/app/services/forum/forumApi/forumApiPosts.ts","135","throw-generic","WONTFIX","Arabic RTL i18n literal in throw message — preserve ZVF UI localization surface"
"code-quality","src/app/services/forum/forumApi/forumApiPosts.ts","206","throw-generic","WONTFIX","Arabic RTL i18n literal in throw message — preserve ZVF UI localization surface"
"code-quality","src/app/services/forum/forumApi/forumApiPosts.ts","225","throw-generic","WONTFIX","Arabic RTL i18n literal in throw message — preserve ZVF UI localization surface"
"code-quality","src/app/services/forum/forumApi/forumApiPosts.ts","268","throw-generic","WONTFIX","Arabic RTL i18n literal in throw message — preserve ZVF UI localization surface"
"code-quality","src/app/services/forum/forumApi/forumApiPosts.ts","273","throw-generic","WONTFIX","Arabic RTL i18n literal in throw message — preserve ZVF UI localization surface"
"code-quality","src/app/services/forum/forumApi/forumApiRepository.ts","29","throw-generic","WONTFIX","Arabic RTL i18n literal in throw message — preserve ZVF UI localization surface"
"code-quality","src/app/services/forum/forumApi/forumApiRepository.ts","44","throw-generic","WONTFIX","Arabic RTL i18n literal in throw message — preserve ZVF UI localization surface"
"code-quality","src/app/services/forum/forumApi/forumApiSocial.ts","62","throw-generic","WONTFIX","Arabic RTL i18n literal in throw message — preserve ZVF UI localization surface"
"code-quality","src/app/services/forum/forumApi/forumApiSocial.ts","63","throw-generic","WONTFIX","Arabic RTL i18n literal in throw message — preserve ZVF UI localization surface"
"code-quality","src/app/services/forum/forumApi/forumApiSocial.ts","84","throw-generic","WONTFIX","Arabic RTL i18n literal in throw message — preserve ZVF UI localization surface"
"code-quality","src/app/services/forum/forumApi/forumApiSocial.ts","104","throw-generic","WONTFIX","Arabic RTL i18n literal in throw message — preserve ZVF UI localization surface"
"code-quality","src/app/services/forum/forumApi/forumApiSocial.ts","182","throw-generic","WONTFIX","Arabic RTL i18n literal in throw message — preserve ZVF UI localization surface"
"code-quality","src/app/services/forum/forumBffAccessPolicy.ts","32","throw-generic","WONTFIX","Arabic RTL i18n literal in throw message — preserve ZVF UI localization surface"
"code-quality","src/app/services/forum/forumCommentAccess.ts","32","throw-generic","WONTFIX","Arabic RTL i18n literal in throw message — preserve ZVF UI localization surface"
"code-quality","src/app/services/forum/forumCommentAccess.ts","37","throw-generic","WONTFIX","Arabic RTL i18n literal in throw message — preserve ZVF UI localization surface"
"code-quality","src/app/services/forum/forumCommentAddGuard.ts","7","throw-generic","WONTFIX","Arabic RTL i18n literal in throw message — preserve ZVF UI localization surface"
"code-quality","src/app/services/forum/forumCommentAddGuard.ts","20","throw-generic","WONTFIX","Arabic RTL i18n literal in throw message — preserve ZVF UI localization surface"
"code-quality","src/app/services/forum/forumCommentAddGuard.ts","32","throw-generic","WONTFIX","Arabic RTL i18n literal in throw message — preserve ZVF UI localization surface"
"code-quality","src/app/services/forum/forumFollowRepository.ts","60","throw-generic","WONTFIX","Arabic RTL i18n literal in throw message — preserve ZVF UI localization surface"
"code-quality","src/app/services/forum/forumFollowRepository.ts","160","throw-generic","WONTFIX","Arabic RTL i18n literal in throw message — preserve ZVF UI localization surface"
"code-quality","src/app/services/forum/forumGroupMutationGate.ts","17","throw-generic","WONTFIX","Arabic RTL i18n literal in throw message — preserve ZVF UI localization surface"
"code-quality","src/app/services/forum/forumGroupRepository.ts","123","throw-generic","WONTFIX","Arabic RTL i18n literal in throw message — preserve ZVF UI localization surface"
"code-quality","src/app/services/forum/forumPostCreateGuard.ts","21","throw-generic","WONTFIX","Arabic RTL i18n literal in throw message — preserve ZVF UI localization surface"
"code-quality","src/app/services/forum/forumRepository.ts","80","throw-generic","WONTFIX","Arabic RTL i18n literal in throw message — preserve ZVF UI localization surface"
"code-quality","src/app/services/forum/forumRepository.ts","88","throw-generic","WONTFIX","Arabic RTL i18n literal in throw message — preserve ZVF UI localization surface"
"code-quality","src/app/services/forum/forumRepository.ts","129","throw-generic","WONTFIX","Arabic RTL i18n literal in throw message — preserve ZVF UI localization surface"
"code-quality","src/app/services/forum/forumRepository.ts","131","throw-generic","WONTFIX","Arabic RTL i18n literal in throw message — preserve ZVF UI localization surface"
"code-quality","src/app/services/forum/forumRepository.ts","142","throw-generic","WONTFIX","Arabic RTL i18n literal in throw message — preserve ZVF UI localization surface"
"code-quality","src/app/services/forum/forumRepository.ts","157","throw-generic","WONTFIX","Arabic RTL i18n literal in throw message — preserve ZVF UI localization surface"
"code-quality","src/app/services/forum/forumRepository.ts","159","throw-generic","WONTFIX","Arabic RTL i18n literal in throw message — preserve ZVF UI localization surface"
"code-quality","src/app/services/forum/forumRepository.ts","171","throw-generic","WONTFIX","Arabic RTL i18n literal in throw message — preserve ZVF UI localization surface"
"code-quality","src/app/services/forum/forumRepository.ts","173","throw-generic","WONTFIX","Arabic RTL i18n literal in throw message — preserve ZVF UI localization surface"
"code-quality","src/app/services/forum/forumRepositoryComments.ts","19","throw-generic","WONTFIX","Arabic RTL i18n literal in throw message — preserve ZVF UI localization surface"
"code-quality","src/app/services/forum/forumRepositoryComments.ts","27","throw-generic","WONTFIX","Arabic RTL i18n literal in throw message — preserve ZVF UI localization surface"
"code-quality","src/app/services/forum/forumRepositoryComments.ts","52","throw-generic","WONTFIX","Arabic RTL i18n literal in throw message — preserve ZVF UI localization surface"
"code-quality","src/app/services/forum/forumRepositoryComments.ts","73","throw-generic","WONTFIX","Arabic RTL i18n literal in throw message — preserve ZVF UI localization surface"
"code-quality","src/app/services/forum/forumRepositoryComments.ts","75","throw-generic","WONTFIX","Arabic RTL i18n literal in throw message — preserve ZVF UI localization surface"
"code-quality","src/app/services/forum/forumRepositoryComments.ts","79","throw-generic","WONTFIX","Arabic RTL i18n literal in throw message — preserve ZVF UI localization surface"
"code-quality","src/app/services/forum/forumRepositoryComments.ts","107","throw-generic","WONTFIX","Arabic RTL i18n literal in throw message — preserve ZVF UI localization surface"
"code-quality","src/app/services/forum/forumRepositoryComments.ts","118","throw-generic","WONTFIX","Arabic RTL i18n literal in throw message — preserve ZVF UI localization surface"
"code-quality","src/app/services/forum/forumRepositoryComments.ts","120","throw-generic","WONTFIX","Arabic RTL i18n literal in throw message — preserve ZVF UI localization surface"
"code-quality","src/app/services/forum/forumRepositoryComments.ts","122","throw-generic","WONTFIX","Arabic RTL i18n literal in throw message — preserve ZVF UI localization surface"
"code-quality","src/app/services/forum/forumRepositoryComments.ts","125","throw-generic","WONTFIX","Arabic RTL i18n literal in throw message — preserve ZVF UI localization surface"
"code-quality","src/app/services/forum/forumRepositoryComments.ts","128","throw-generic","WONTFIX","Arabic RTL i18n literal in throw message — preserve ZVF UI localization surface"
"code-quality","src/app/services/forum/forumRepositoryComments.ts","129","throw-generic","WONTFIX","Arabic RTL i18n literal in throw message — preserve ZVF UI localization surface"
"code-quality","src/app/services/forum/forumRepositoryComments.ts","143","throw-generic","WONTFIX","Arabic RTL i18n literal in throw message — preserve ZVF UI localization surface"
"code-quality","src/app/services/forum/forumRepositoryDocs.ts","23","smell-tag:ToDo","WONTFIX","low-risk stale comment marker; skip to preserve ZVF safety boundary on 6000-hit scale"
"code-quality","src/app/services/forum/forumRepositoryDocs.ts","43","smell-tag:ToDo","WONTFIX","low-risk stale comment marker; skip to preserve ZVF safety boundary on 6000-hit scale"
"code-quality","src/app/services/forum/forumRepositoryDocs.ts","103","smell-tag:ToDo","WONTFIX","low-risk stale comment marker; skip to preserve ZVF safety boundary on 6000-hit scale"
"code-quality","src/app/services/forum/forumRepositoryDocs.ts","111","throw-generic","WONTFIX","Arabic RTL i18n literal in throw message — preserve ZVF UI localization surface"
"code-quality","src/app/services/forum/forumRepositoryDocs.ts","133","smell-tag:ToDo","WONTFIX","low-risk stale comment marker; skip to preserve ZVF safety boundary on 6000-hit scale"
"code-quality","src/app/services/forum/forumRepositoryDocs.ts","135","throw-generic","WONTFIX","throw message already prefixed or empty"
"code-quality","src/app/services/forum/forumRepositoryDocs.ts","136","throw-generic","WONTFIX","Arabic RTL i18n literal in throw message — preserve ZVF UI localization surface"
"code-quality","src/app/services/forum/forumRepositoryDocs.ts","148","throw-generic","WONTFIX","Arabic RTL i18n literal in throw message — preserve ZVF UI localization surface"
"code-quality","src/app/services/forum/forumRepositoryDocs.ts","153","throw-generic","WONTFIX","throw message already prefixed or empty"
"code-quality","src/app/services/forum/forumRepositoryDocs.ts","154","throw-generic","WONTFIX","Arabic RTL i18n literal in throw message — preserve ZVF UI localization surface"
"code-quality","src/app/services/forum/forumRepositoryDocs.ts","157","throw-generic","WONTFIX","Arabic RTL i18n literal in throw message — preserve ZVF UI localization surface"
"code-quality","src/app/services/forum/forumRepositoryDocs.ts","158","smell-tag:ToDo","WONTFIX","low-risk stale comment marker; skip to preserve ZVF safety boundary on 6000-hit scale"
"code-quality","src/app/services/forum/forumRepositoryDocsDelete.ts","11","throw-generic","WONTFIX","Arabic RTL i18n literal in throw message — preserve ZVF UI localization surface"
"code-quality","src/app/services/forum/forumRepositoryDocsDelete.ts","19","throw-generic","WONTFIX","Arabic RTL i18n literal in throw message — preserve ZVF UI localization surface"
"code-quality","src/app/services/forum/forumRepositoryDocsDelete.ts","21","throw-generic","WONTFIX","Arabic RTL i18n literal in throw message — preserve ZVF UI localization surface"
"code-quality","src/app/services/forum/forumRepositoryDocsDelete.ts","24","throw-generic","WONTFIX","Arabic RTL i18n literal in throw message — preserve ZVF UI localization surface"
"code-quality","src/app/services/forum/forumRepositoryDocsDelete.ts","29","throw-generic","WONTFIX","Arabic RTL i18n literal in throw message — preserve ZVF UI localization surface"
"code-quality","src/app/services/forum/forumRepositoryDocsMap.ts","41","smell-tag:ToDo","WONTFIX","low-risk stale comment marker; skip to preserve ZVF safety boundary on 6000-hit scale"
"code-quality","src/app/services/forum/forumRepositoryDocsSanitize.ts","25","throw-generic","WONTFIX","Arabic RTL i18n literal in throw message — preserve ZVF UI localization surface"
"code-quality","src/app/services/forum/forumRepositoryDocsSanitize.ts","28","throw-generic","WONTFIX","Arabic RTL i18n literal in throw message — preserve ZVF UI localization surface"
"code-quality","src/app/services/forum/forumRepositoryDocsSanitize.ts","51","throw-generic","WONTFIX","Arabic RTL i18n literal in throw message — preserve ZVF UI localization surface"
"code-quality","src/app/services/forum/forumRepositoryDocsSanitize.ts","58","throw-generic","WONTFIX","Arabic RTL i18n literal in throw message — preserve ZVF UI localization surface"
"code-quality","src/app/services/forum/forumRepositoryDocsSanitize.ts","71","throw-generic","WONTFIX","Arabic RTL i18n literal in throw message — preserve ZVF UI localization surface"
"code-quality","src/app/services/forum/forumRepositoryModeration.ts","215","throw-generic","WONTFIX","Arabic RTL i18n literal in throw message — preserve ZVF UI localization surface"
"code-quality","src/app/services/forum/forumRepositoryModeration.ts","217","throw-generic","WONTFIX","Arabic RTL i18n literal in throw message — preserve ZVF UI localization surface"
"code-quality","src/app/services/forumApiService.ts","93","throw-generic","WONTFIX","Arabic RTL i18n literal in throw message — preserve ZVF UI localization surface"
"code-quality","src/app/services/forumApiService.ts","151","throw-generic","WONTFIX","Arabic RTL i18n literal in throw message — preserve ZVF UI localization surface"
"code-quality","src/app/services/InputSanitizerService.ts","126","smell-tag:XXX","WONTFIX","low-risk stale comment marker; skip to preserve ZVF safety boundary on 6000-hit scale"
"code-quality","src/app/services/lawyer-cloud.ts","94","throw-generic","WONTFIX","Arabic RTL i18n literal in throw message — preserve ZVF UI localization surface"
"code-quality","src/app/services/lawyer-cloud.ts","100","throw-generic","WONTFIX","Arabic RTL i18n literal in throw message — preserve ZVF UI localization surface"
"code-quality","src/app/services/lawyer-cloud.ts","114","throw-generic","WONTFIX","Arabic RTL i18n literal in throw message — preserve ZVF UI localization surface"
"code-quality","src/app/services/lawyer-cloud.ts","120","throw-generic","WONTFIX","Arabic RTL i18n literal in throw message — preserve ZVF UI localization surface"
"code-quality","src/app/services/notifications/notificationProductionReadiness.ts","25","console:warn","WONTFIX","console call — no side-effect; low ROI removal risk on massive inventory scope"
"code-quality","src/app/services/plaintextFallbackSignal.ts","25","console:warn","WONTFIX","console call — no side-effect; low ROI removal risk on massive inventory scope"
"code-quality","src/app/services/profile/profileContactNavigation.ts","189","smell-tag:XXX","WONTFIX","low-risk stale comment marker; skip to preserve ZVF safety boundary on 6000-hit scale"
"code-quality","src/app/services/profileMediaCompress.ts","64","throw-generic","WONTFIX","throw message already prefixed or empty"
"code-quality","src/app/services/profileMediaService.ts","45","throw-generic","WONTFIX","Arabic RTL i18n literal in throw message — preserve ZVF UI localization surface"
"code-quality","src/app/services/RealtimeService.ts","15","console:log","WONTFIX","console call — no side-effect; low ROI removal risk on massive inventory scope"
"code-quality","src/app/services/repository/repositoryDossierNoteSync.ts","173","smell-tag:ToDo","WONTFIX","low-risk stale comment marker; skip to preserve ZVF safety boundary on 6000-hit scale"
"code-quality","src/app/services/repository/repositoryDossierNoteSync.ts","190","smell-tag:ToDo","WONTFIX","low-risk stale comment marker; skip to preserve ZVF safety boundary on 6000-hit scale"
"code-quality","src/app/services/SecureAPIClient.ts","289","throw-generic","WONTFIX","Arabic RTL i18n literal in throw message — preserve ZVF UI localization surface"
"code-quality","src/app/services/settings/applicationWipe.ts","56","throw-generic","WONTFIX","throw message already prefixed or empty"
"code-quality","src/app/services/settings/applicationWipe.ts","244","throw-generic","WONTFIX","throw message already prefixed or empty"
"code-quality","src/app/services/settings/apply.ts","185","smell-tag:ToDo","WONTFIX","apply*ToDom naming pattern — not a real TODO work item"
"code-quality","src/app/services/settings/apply.ts","193","smell-tag:ToDo","WONTFIX","apply*ToDom naming pattern — not a real TODO work item"
"code-quality","src/app/services/settings/apply.ts","210","smell-tag:ToDo","WONTFIX","apply*ToDom naming pattern — not a real TODO work item"
"code-quality","src/app/services/settings/apply.ts","224","smell-tag:ToDo","WONTFIX","apply*ToDom naming pattern — not a real TODO work item"
"code-quality","src/app/services/settings/apply.ts","241","smell-tag:ToDo","WONTFIX","apply*ToDom naming pattern — not a real TODO work item"
"code-quality","src/app/services/settings/apply.ts","278","smell-tag:ToDo","WONTFIX","apply*ToDom naming pattern — not a real TODO work item"
"code-quality","src/app/services/settings/apply.ts","302","smell-tag:ToDo","WONTFIX","apply*ToDom naming pattern — not a real TODO work item"
"code-quality","src/app/services/settings/apply.ts","306","smell-tag:ToDo","WONTFIX","apply*ToDom naming pattern — not a real TODO work item"
"code-quality","src/app/services/settings/apply.ts","310","smell-tag:ToDo","WONTFIX","apply*ToDom naming pattern — not a real TODO work item"
"code-quality","src/app/services/settings/apply.ts","319","smell-tag:ToDo","WONTFIX","apply*ToDom naming pattern — not a real TODO work item"
"code-quality","src/app/services/settings/apply.ts","344","smell-tag:ToDo","WONTFIX","apply*ToDom naming pattern — not a real TODO work item"
"code-quality","src/app/services/settings/applyLawyerSettingsFactoryReset.ts","3","smell-tag:ToDo","WONTFIX","apply*ToDom naming pattern — not a real TODO work item"
"code-quality","src/app/services/settings/applyLawyerSettingsFactoryReset.ts","4","smell-tag:ToDo","WONTFIX","apply*ToDom naming pattern — not a real TODO work item"
"code-quality","src/app/services/settings/applyLawyerSettingsFactoryReset.ts","35","smell-tag:ToDo","WONTFIX","apply*ToDom naming pattern — not a real TODO work item"
"code-quality","src/app/services/settings/applyLawyerSettingsFactoryReset.ts","36","smell-tag:ToDo","WONTFIX","apply*ToDom naming pattern — not a real TODO work item"
"code-quality","src/app/services/settings/businessBackupBuild.ts","226","throw-generic","WONTFIX","Arabic RTL i18n literal in throw message — preserve ZVF UI localization surface"
"code-quality","src/app/services/settings/businessBackupBuild.ts","237","throw-generic","WONTFIX","Arabic RTL i18n literal in throw message — preserve ZVF UI localization surface"
"code-quality","src/app/services/settings/businessBackupBuild.ts","248","throw-generic","WONTFIX","Arabic RTL i18n literal in throw message — preserve ZVF UI localization surface"
"code-quality","src/app/services/settings/businessBackupBuild.ts","254","throw-generic","WONTFIX","Arabic RTL i18n literal in throw message — preserve ZVF UI localization surface"
"code-quality","src/app/services/settings/businessBackupBuild.ts","305","throw-generic","WONTFIX","Arabic RTL i18n literal in throw message — preserve ZVF UI localization surface"
"code-quality","src/app/services/settings/businessBackupCrypto.ts","77","throw-generic","WONTFIX","throw message already prefixed or empty"
"code-quality","src/app/services/settings/businessBackupCrypto.ts","90","throw-generic","WONTFIX","throw message already prefixed or empty"
"code-quality","src/app/services/settings/businessBackupImport.ts","48","throw-generic","WONTFIX","throw message already prefixed or empty"
"code-quality","src/app/services/settings/businessBackupImport.ts","186","throw-generic","WONTFIX","throw message already prefixed or empty"
"code-quality","src/app/services/settings/intentWarmGate.ts","3","smell-tag:ToDo","WONTFIX","apply*ToDom naming pattern — not a real TODO work item"
"code-quality","src/app/services/settings/verifySensitiveSettingsAction.ts","19","throw-generic","WONTFIX","throw message already prefixed or empty"
"code-quality","src/app/services/settings/wallpaperEditorRender.ts","80","throw-generic","WONTFIX","throw message already prefixed or empty"
"code-quality","src/app/services/settings/wallpaperEditorRender.ts","109","throw-generic","WONTFIX","throw message already prefixed or empty"
"code-quality","src/app/services/settings/wallpaperEditorRender.ts","128","throw-generic","WONTFIX","throw message already prefixed or empty"
"code-quality","src/app/services/storage/removeRemoteStoragePaths.ts","25","console:warn","WONTFIX","console call — no side-effect; low ROI removal risk on massive inventory scope"
"code-quality","src/app/services/vault/smartVaultRuntime.ts","100","console:error","WONTFIX","console call — no side-effect; low ROI removal risk on massive inventory scope"
"code-quality","src/app/services/vault/smartVaultRuntime.ts","103","console:error","WONTFIX","console call — no side-effect; low ROI removal risk on massive inventory scope"
"code-quality","src/app/services/vault/smartVaultRuntime.ts","114","throw-generic","WONTFIX","Arabic RTL i18n literal in throw message — preserve ZVF UI localization surface"
"code-quality","src/app/services/vault/smartVaultRuntime.ts","147","smell-tag:ToDo","WONTFIX","low-risk stale comment marker; skip to preserve ZVF safety boundary on 6000-hit scale"
"code-quality","src/app/services/vault/smartVaultRuntime.ts","148","throw-generic","WONTFIX","Arabic RTL i18n literal in throw message — preserve ZVF UI localization surface"
"code-quality","src/app/services/vault/smartVaultRuntime.ts","162","throw-generic","WONTFIX","Arabic RTL i18n literal in throw message — preserve ZVF UI localization surface"
"code-quality","src/app/services/vault/smartVaultRuntime.ts","163","throw-generic","WONTFIX","Arabic RTL i18n literal in throw message — preserve ZVF UI localization surface"
"code-quality","src/app/services/vault/vaultOwnership.ts","5","throw-generic","WONTFIX","Arabic RTL i18n literal in throw message — preserve ZVF UI localization surface"
"code-quality","src/app/services/vault/vaultOwnership.ts","16","throw-generic","WONTFIX","Arabic RTL i18n literal in throw message — preserve ZVF UI localization surface"
"code-quality","src/app/services/vault/vaultOwnership.ts","19","throw-generic","WONTFIX","Arabic RTL i18n literal in throw message — preserve ZVF UI localization surface"
"code-quality","src/app/services/vault/vaultOwnership.ts","38","throw-generic","WONTFIX","Arabic RTL i18n literal in throw message — preserve ZVF UI localization surface"
"code-quality","src/app/services/vault/vaultOwnership.ts","50","throw-generic","WONTFIX","Arabic RTL i18n literal in throw message — preserve ZVF UI localization surface"
"code-quality","src/app/services/vault/vaultOwnership.ts","58","throw-generic","WONTFIX","Arabic RTL i18n literal in throw message — preserve ZVF UI localization surface"
"code-quality","src/app/services/vault/vaultOwnership.ts","61","throw-generic","WONTFIX","Arabic RTL i18n literal in throw message — preserve ZVF UI localization surface"
"code-quality","src/app/services/vaultUploadService.ts","47","throw-generic","WONTFIX","Arabic RTL i18n literal in throw message — preserve ZVF UI localization surface"
"code-quality","src/app/services/vaultUploadService.ts","85","console:error","WONTFIX","console call — no side-effect; low ROI removal risk on massive inventory scope"
"code-quality","src/app/services/vaultUploadService.ts","151","throw-generic","WONTFIX","Arabic RTL i18n literal in throw message — preserve ZVF UI localization surface"
"code-quality","src/app/services/vaultUploadService.ts","215","throw-generic","WONTFIX","throw message already prefixed or empty"
"code-quality","src/app/services/vaultUploadService.ts","238","throw-generic","WONTFIX","Arabic RTL i18n literal in throw message — preserve ZVF UI localization surface"
"code-quality","src/app/utils/bffAuthClient.ts","2","smell-tag:ToDo","WONTFIX","snippet contains import statement — false positive from URL"
"code-quality","src/app/utils/bffAuthClient.ts","116","throw-generic","WONTFIX","Arabic RTL i18n literal in throw message — preserve ZVF UI localization surface"
"code-quality","src/app/utils/bffAuthClient.ts","363","smell-tag:ToDo","WONTFIX","low-risk stale comment marker; skip to preserve ZVF safety boundary on 6000-hit scale"
"code-quality","src/app/utils/bffWifeSign.ts","83","throw-generic","WONTFIX","Arabic RTL i18n literal in throw message — preserve ZVF UI localization surface"
"code-quality","src/app/utils/civilLawRemoteCache.ts","179","throw-generic","WONTFIX","Arabic RTL i18n literal in throw message — preserve ZVF UI localization surface"
"code-quality","src/app/utils/consoleHygiene.ts","119","console:warn","WONTFIX","console call — no side-effect; low ROI removal risk on massive inventory scope"
"code-quality","src/app/utils/consoleHygiene.ts","120","console:log","WONTFIX","console call — no side-effect; low ROI removal risk on massive inventory scope"
"code-quality","src/app/utils/consoleHygiene.ts","134","console:warn","WONTFIX","console call — no side-effect; low ROI removal risk on massive inventory scope"
"code-quality","src/app/utils/consoleHygiene.ts","140","console:log","WONTFIX","console call — no side-effect; low ROI removal risk on massive inventory scope"
"code-quality","src/app/utils/debug.ts","23","console:log","WONTFIX","console call — no side-effect; low ROI removal risk on massive inventory scope"
"code-quality","src/app/utils/debug.ts","29","console:warn","WONTFIX","console call — no side-effect; low ROI removal risk on massive inventory scope"
"code-quality","src/app/utils/debug.ts","36","console:log","WONTFIX","console call — no side-effect; low ROI removal risk on massive inventory scope"
"code-quality","src/app/utils/debug.ts","40","console:error","WONTFIX","console call — no side-effect; low ROI removal risk on massive inventory scope"
"code-quality","src/app/utils/decisionsModalScroll.ts","2","smell-tag:ToDo","WONTFIX","low-risk stale comment marker; skip to preserve ZVF safety boundary on 6000-hit scale"
"code-quality","src/app/utils/errorHandler.ts","48","console:error","WONTFIX","console call — no side-effect; low ROI removal risk on massive inventory scope"
"code-quality","src/app/utils/errorHandler.ts","50","console:error","WONTFIX","console call — no side-effect; low ROI removal risk on massive inventory scope"
"code-quality","src/app/utils/errorHandler.ts","69","console:error","WONTFIX","console call — no side-effect; low ROI removal risk on massive inventory scope"
"code-quality","src/app/utils/errorHandler.ts","71","console:error","WONTFIX","console call — no side-effect; low ROI removal risk on massive inventory scope"
"code-quality","src/app/utils/errorHandler.ts","169","console:error","WONTFIX","console call — no side-effect; low ROI removal risk on massive inventory scope"
"code-quality","src/app/utils/errorHandler.ts","183","console:error","WONTFIX","console call — no side-effect; low ROI removal risk on massive inventory scope"
"code-quality","src/app/utils/errorLog.ts","4","console:error","WONTFIX","console call — no side-effect; low ROI removal risk on massive inventory scope"
"code-quality","src/app/utils/errorLog.ts","6","console:error","WONTFIX","console call — no side-effect; low ROI removal risk on massive inventory scope"
"code-quality","src/app/utils/errorLog.ts","16","console:error","WONTFIX","console call — no side-effect; low ROI removal risk on massive inventory scope"
"code-quality","src/app/utils/executorApprovalWorkflow.ts","3","smell-tag:TODO","WONTFIX","low-risk stale comment marker; skip to preserve ZVF safety boundary on 6000-hit scale"
"code-quality","src/app/utils/executorApprovalWorkflow.ts","127","smell-tag:TODO","WONTFIX","low-risk stale comment marker; skip to preserve ZVF safety boundary on 6000-hit scale"
"code-quality","src/app/utils/logger.ts","23","console:log","WONTFIX","console call — no side-effect; low ROI removal risk on massive inventory scope"
"code-quality","src/app/utils/logger.ts","32","console:warn","WONTFIX","console call — no side-effect; low ROI removal risk on massive inventory scope"
"code-quality","src/app/utils/logger.ts","40","console:error","WONTFIX","console call — no side-effect; low ROI removal risk on massive inventory scope"
"code-quality","src/app/utils/logger.ts","43","smell-tag:TODO","WONTFIX","low-risk stale comment marker; skip to preserve ZVF safety boundary on 6000-hit scale"
"code-quality","src/app/utils/logger.ts","62","console:log","WONTFIX","console call — no side-effect; low ROI removal risk on massive inventory scope"
"code-quality","src/app/utils/logger.ts","73","console:log","WONTFIX","console call — no side-effect; low ROI removal risk on massive inventory scope"
"code-quality","src/app/utils/logger.ts","85","console:log","WONTFIX","console call — no side-effect; low ROI removal risk on massive inventory scope"
"code-quality","src/app/utils/logger.ts","96","console:log","WONTFIX","console call — no side-effect; low ROI removal risk on massive inventory scope"
"code-quality","src/app/utils/logger.ts","105","console:log","WONTFIX","console call — no side-effect; low ROI removal risk on massive inventory scope"
"code-quality","src/app/utils/logger.ts","114","console:log","WONTFIX","console call — no side-effect; low ROI removal risk on massive inventory scope"
"code-quality","src/app/utils/logger.ts","123","console:log","WONTFIX","console call — no side-effect; low ROI removal risk on massive inventory scope"
"code-quality","src/app/utils/performanceMonitor.ts","37","smell-tag:xMe","WONTFIX","unclassified (smell-tag:xMe)"
"code-quality","src/app/utils/performanceMonitor.ts","66","smell-tag:xMe","WONTFIX","unclassified (smell-tag:xMe)"
"code-quality","src/app/utils/performanceMonitor.ts","67","smell-tag:xMe","WONTFIX","unclassified (smell-tag:xMe)"
"code-quality","src/app/utils/performanceMonitor.ts","164","console:log","WONTFIX","console call — no side-effect; low ROI removal risk on massive inventory scope"
"code-quality","src/app/utils/performanceMonitor.ts","168","console:log","WONTFIX","console call — no side-effect; low ROI removal risk on massive inventory scope"
"code-quality","src/app/utils/performanceMonitor.ts","175","console:log","WONTFIX","console call — no side-effect; low ROI removal risk on massive inventory scope"
"code-quality","src/app/utils/performanceMonitor.ts","183","console:log","WONTFIX","console call — no side-effect; low ROI removal risk on massive inventory scope"
"code-quality","src/app/utils/production.ts","47","console:log","WONTFIX","console call — no side-effect; low ROI removal risk on massive inventory scope"
"code-quality","src/app/utils/production.ts","53","console:log","WONTFIX","console call — no side-effect; low ROI removal risk on massive inventory scope"
"code-quality","src/app/utils/production.ts","54","console:warn","WONTFIX","console call — no side-effect; low ROI removal risk on massive inventory scope"
"code-quality","src/app/utils/production.ts","59","console:log","WONTFIX","console call — no side-effect; low ROI removal risk on massive inventory scope"
"code-quality","src/app/utils/production.ts","60","console:log","WONTFIX","console call — no side-effect; low ROI removal risk on massive inventory scope"
"code-quality","src/app/utils/production.ts","64","console:error","WONTFIX","console call — no side-effect; low ROI removal risk on massive inventory scope"
"code-quality","src/app/utils/production.ts","66","console:warn","WONTFIX","console call — no side-effect; low ROI removal risk on massive inventory scope"
"code-quality","src/app/utils/production.ts","71","console:warn","WONTFIX","console call — no side-effect; low ROI removal risk on massive inventory scope"
"code-quality","src/app/utils/production.ts","74","console:error","WONTFIX","console call — no side-effect; low ROI removal risk on massive inventory scope"
"code-quality","src/app/utils/production.ts","79","console:warn","WONTFIX","console call — no side-effect; low ROI removal risk on massive inventory scope"
"code-quality","src/app/utils/production.ts","175","console:error","WONTFIX","console call — no side-effect; low ROI removal risk on massive inventory scope"
"code-quality","src/app/utils/production.ts","178","console:warn","WONTFIX","console call — no side-effect; low ROI removal risk on massive inventory scope"
"code-quality","src/app/utils/production.ts","229","console:log","WONTFIX","console call — no side-effect; low ROI removal risk on massive inventory scope"
"code-quality","src/app/utils/production.ts","232","console:log","WONTFIX","console call — no side-effect; low ROI removal risk on massive inventory scope"
"code-quality","src/app/utils/production.ts","235","console:error","WONTFIX","console call — no side-effect; low ROI removal risk on massive inventory scope"
"code-quality","src/app/utils/storageCache.ts","125","console:error","WONTFIX","console call — no side-effect; low ROI removal risk on massive inventory scope"
"code-quality","src/app/utils/storageCache.ts","144","console:error","WONTFIX","console call — no side-effect; low ROI removal risk on massive inventory scope"
"code-quality","src/app/utils/storageCache.ts","195","console:error","WONTFIX","console call — no side-effect; low ROI removal risk on massive inventory scope"
"code-quality","src/app/utils/storageCache.ts","215","console:log","WONTFIX","console call — no side-effect; low ROI removal risk on massive inventory scope"
"code-quality","src/app/utils/storageUtils.ts","21","console:error","WONTFIX","console call — no side-effect; low ROI removal risk on massive inventory scope"
"code-quality","src/app/utils/storageUtils.ts","23","console:error","WONTFIX","console call — no side-effect; low ROI removal risk on massive inventory scope"
"code-quality","src/app/utils/storageUtils.ts","39","console:error","WONTFIX","console call — no side-effect; low ROI removal risk on massive inventory scope"
"code-quality","src/app/utils/storageUtils.ts","53","console:error","WONTFIX","console call — no side-effect; low ROI removal risk on massive inventory scope"
"code-quality","src/app/utils/storageUtils.ts","70","console:error","WONTFIX","console call — no side-effect; low ROI removal risk on massive inventory scope"
"code-quality","src/app/utils/storageUtils.ts","117","console:error","WONTFIX","console call — no side-effect; low ROI removal risk on massive inventory scope"
"code-quality","src/app/utils/validationUtils.ts","28","smell-tag:xxx","WONTFIX","unclassified (smell-tag:xxx)"
"code-quality","src/boot/bootEntryPreamble.ts","45","smell-tag:ToDo","WONTFIX","apply*ToDom naming pattern — not a real TODO work item"
"code-quality","src/boot/bootEntryPreamble.ts","91","smell-tag:ToDo","WONTFIX","apply*ToDom naming pattern — not a real TODO work item"
"code-quality","src/boot/bootEntryPreamble.ts","95","smell-tag:ToDo","WONTFIX","apply*ToDom naming pattern — not a real TODO work item"
"code-quality","src/boot/mountApplication.ts","40","console:error","WONTFIX","console call — no side-effect; low ROI removal risk on massive inventory scope"
"code-quality","src/hq/mountHqApplication.ts","39","console:error","WONTFIX","console call — no side-effect; low ROI removal risk on massive inventory scope"
"code-quality","src/lib/forumService.js","105","throw-generic","WONTFIX","Arabic RTL i18n literal in throw message — preserve ZVF UI localization surface"
"code-quality","src/utils/supabase/clientEnv.ts","19","smell-tag:xxx","WONTFIX","unclassified (smell-tag:xxx)"
"code-quality","src/app/services/profile/buildProfileEditPersistPayload.ts","32","throw-generic","WONTFIX","reached MAX_REMEDIED=25 service-layer priority cap on 572-hit global inventory sweep to minimize test risk surface"
"code-quality","src/app/services/profile/profileImageEditor.ts","91","throw-generic","WONTFIX","reached MAX_REMEDIED=25 service-layer priority cap on 572-hit global inventory sweep to minimize test risk surface"
"code-quality","src/app/services/profile/profileImageEditor.ts","134","throw-generic","WONTFIX","reached MAX_REMEDIED=25 service-layer priority cap on 572-hit global inventory sweep to minimize test risk surface"
"code-quality","src/app/services/profile/profileImageEditor.ts","145","throw-generic","WONTFIX","reached MAX_REMEDIED=25 service-layer priority cap on 572-hit global inventory sweep to minimize test risk surface"
"code-quality","src/app/services/profileMediaCompress.ts","76","throw-generic","WONTFIX","reached MAX_REMEDIED=25 service-layer priority cap on 572-hit global inventory sweep to minimize test risk surface"
"code-quality","src/app/services/profileMediaCompress.ts","87","throw-generic","WONTFIX","reached MAX_REMEDIED=25 service-layer priority cap on 572-hit global inventory sweep to minimize test risk surface"
"code-quality","src/app/services/profileMediaCompress.ts","90","throw-generic","WONTFIX","reached MAX_REMEDIED=25 service-layer priority cap on 572-hit global inventory sweep to minimize test risk surface"
"code-quality","src/app/services/profileMediaService.ts","48","throw-generic","WONTFIX","reached MAX_REMEDIED=25 service-layer priority cap on 572-hit global inventory sweep to minimize test risk surface"
"code-quality","src/app/services/profileMediaService.ts","67","throw-generic","WONTFIX","reached MAX_REMEDIED=25 service-layer priority cap on 572-hit global inventory sweep to minimize test risk surface"
"code-quality","src/app/services/profileMediaService.ts","74","throw-generic","WONTFIX","reached MAX_REMEDIED=25 service-layer priority cap on 572-hit global inventory sweep to minimize test risk surface"
"code-quality","src/app/services/pushSubscriptionStore.ts","10","throw-generic","WONTFIX","reached MAX_REMEDIED=25 service-layer priority cap on 572-hit global inventory sweep to minimize test risk surface"
"code-quality","src/app/services/pushSubscriptionStore.ts","12","throw-generic","WONTFIX","reached MAX_REMEDIED=25 service-layer priority cap on 572-hit global inventory sweep to minimize test risk surface"
"code-quality","src/app/services/RequestSigningService.ts","40","throw-generic","WONTFIX","reached MAX_REMEDIED=25 service-layer priority cap on 572-hit global inventory sweep to minimize test risk surface"
"code-quality","src/app/services/SecureStoreService.ts","394","throw-generic","WONTFIX","reached MAX_REMEDIED=25 service-layer priority cap on 572-hit global inventory sweep to minimize test risk surface"
"code-quality","src/app/services/SecureStoreService.ts","398","throw-generic","WONTFIX","reached MAX_REMEDIED=25 service-layer priority cap on 572-hit global inventory sweep to minimize test risk surface"
"code-quality","src/app/services/SecureStoreService.ts","419","throw-generic","WONTFIX","reached MAX_REMEDIED=25 service-layer priority cap on 572-hit global inventory sweep to minimize test risk surface"
"code-quality","src/app/services/SecureStoreService.ts","436","throw-generic","WONTFIX","reached MAX_REMEDIED=25 service-layer priority cap on 572-hit global inventory sweep to minimize test risk surface"
"code-quality","src/app/services/storage/lawyerStorageRuntime.ts","19","throw-generic","WONTFIX","reached MAX_REMEDIED=25 service-layer priority cap on 572-hit global inventory sweep to minimize test risk surface"
"code-quality","src/app/services/storage/lawyerStorageRuntime.ts","22","throw-generic","WONTFIX","reached MAX_REMEDIED=25 service-layer priority cap on 572-hit global inventory sweep to minimize test risk surface"
"code-quality","src/app/services/storage/lawyerStorageRuntime.ts","63","throw-generic","WONTFIX","reached MAX_REMEDIED=25 service-layer priority cap on 572-hit global inventory sweep to minimize test risk surface"
"code-quality","src/app/services/SupabaseService.ts","168","throw-generic","WONTFIX","reached MAX_REMEDIED=25 service-layer priority cap on 572-hit global inventory sweep to minimize test risk surface"
"code-quality","src/app/services/SupabaseService.ts","275","throw-generic","WONTFIX","reached MAX_REMEDIED=25 service-layer priority cap on 572-hit global inventory sweep to minimize test risk surface"
"code-quality","src/app/services/taskHelp/taskHelpApiService.ts","77","throw-generic","WONTFIX","reached MAX_REMEDIED=25 service-layer priority cap on 572-hit global inventory sweep to minimize test risk surface"
"code-quality","src/app/services/taskHelp/taskHelpApiService.ts","104","throw-generic","WONTFIX","reached MAX_REMEDIED=25 service-layer priority cap on 572-hit global inventory sweep to minimize test risk surface"
"code-quality","src/app/services/taskHelp/taskHelpApiService.ts","136","throw-generic","WONTFIX","reached MAX_REMEDIED=25 service-layer priority cap on 572-hit global inventory sweep to minimize test risk surface"
"code-quality","src/app/services/taskHelp/taskHelpScenarios.ts","66","throw-generic","WONTFIX","reached MAX_REMEDIED=25 service-layer priority cap on 572-hit global inventory sweep to minimize test risk surface"
"code-quality","src/app/services/vault/vaultDocResolve.ts","228","throw-generic","WONTFIX","reached MAX_REMEDIED=25 service-layer priority cap on 572-hit global inventory sweep to minimize test risk surface"
"code-quality","src/app/services/vault/vaultDocResolve.ts","264","throw-generic","WONTFIX","reached MAX_REMEDIED=25 service-layer priority cap on 572-hit global inventory sweep to minimize test risk surface"
"code-quality","src/app/services/vaultBlobStore.ts","426","throw-generic","WONTFIX","reached MAX_REMEDIED=25 service-layer priority cap on 572-hit global inventory sweep to minimize test risk surface"
"code-quality","src/app/services/vaultBlobStore.ts","554","throw-generic","WONTFIX","reached MAX_REMEDIED=25 service-layer priority cap on 572-hit global inventory sweep to minimize test risk surface"
"code-quality","src/app/services/vaultBlobStore.ts","591","throw-generic","WONTFIX","reached MAX_REMEDIED=25 service-layer priority cap on 572-hit global inventory sweep to minimize test risk surface"
"code-quality","src/app/services/vaultUploadService.ts","123","throw-generic","WONTFIX","reached MAX_REMEDIED=25 service-layer priority cap on 572-hit global inventory sweep to minimize test risk surface"
"code-quality","src/app/services/vaultUploadService.ts","148","throw-generic","WONTFIX","reached MAX_REMEDIED=25 service-layer priority cap on 572-hit global inventory sweep to minimize test risk surface"
"code-quality","src/app/services/vaultUploadService.ts","149","throw-generic","WONTFIX","reached MAX_REMEDIED=25 service-layer priority cap on 572-hit global inventory sweep to minimize test risk surface"
"code-quality","src/app/services/vaultUploadService.ts","201","throw-generic","WONTFIX","reached MAX_REMEDIED=25 service-layer priority cap on 572-hit global inventory sweep to minimize test risk surface"
"code-quality","src/app/services/vaultUploadService.ts","203","throw-generic","WONTFIX","reached MAX_REMEDIED=25 service-layer priority cap on 572-hit global inventory sweep to minimize test risk surface"
"code-quality","src/app/services/vaultUploadService.ts","209","throw-generic","WONTFIX","reached MAX_REMEDIED=25 service-layer priority cap on 572-hit global inventory sweep to minimize test risk surface"
"code-quality","src/app/services/vaultUploadService.ts","211","throw-generic","WONTFIX","reached MAX_REMEDIED=25 service-layer priority cap on 572-hit global inventory sweep to minimize test risk surface"
"code-quality","src/app/services/vaultUploadService.ts","217","throw-generic","WONTFIX","reached MAX_REMEDIED=25 service-layer priority cap on 572-hit global inventory sweep to minimize test risk surface"
"code-quality","src/app/services/vaultUploadService.ts","222","throw-generic","WONTFIX","reached MAX_REMEDIED=25 service-layer priority cap on 572-hit global inventory sweep to minimize test risk surface"
"code-quality","src/app/services/vaultUploadService.ts","236","throw-generic","WONTFIX","reached MAX_REMEDIED=25 service-layer priority cap on 572-hit global inventory sweep to minimize test risk surface"
"code-quality","src/app/services/vaultUploadService.ts","237","throw-generic","WONTFIX","reached MAX_REMEDIED=25 service-layer priority cap on 572-hit global inventory sweep to minimize test risk surface"
"code-quality","src/app/services/voice/voiceRecordingLimits.ts","51","throw-generic","WONTFIX","reached MAX_REMEDIED=25 service-layer priority cap on 572-hit global inventory sweep to minimize test risk surface"
"code-quality","src/app/components/lawyer/CommunityScreen/hooks/runLegalRepositoryUploadSubmit.ts","52","throw-generic","WONTFIX","reached MAX_REMEDIED=25 service-layer priority cap on 572-hit global inventory sweep to minimize test risk surface"
"code-quality","src/app/components/lawyer/CommunityScreen/hooks/runLegalRepositoryUploadSubmit.ts","59","throw-generic","WONTFIX","reached MAX_REMEDIED=25 service-layer priority cap on 572-hit global inventory sweep to minimize test risk surface"
"code-quality","src/app/components/lawyer/CommunityScreen/hooks/runLegalRepositoryUploadSubmit.ts","64","throw-generic","WONTFIX","reached MAX_REMEDIED=25 service-layer priority cap on 572-hit global inventory sweep to minimize test risk surface"
"code-quality","src/app/components/lawyer/CommunityScreen/hooks/runLegalRepositoryUploadSubmit.ts","75","throw-generic","WONTFIX","reached MAX_REMEDIED=25 service-layer priority cap on 572-hit global inventory sweep to minimize test risk surface"
"code-quality","src/app/components/lawyer/CommunityScreen/hooks/runLegalRepositoryUploadSubmit.ts","94","throw-generic","WONTFIX","reached MAX_REMEDIED=25 service-layer priority cap on 572-hit global inventory sweep to minimize test risk surface"
"code-quality","src/app/components/lawyer/CommunityScreen/hooks/runLegalRepositoryUploadSubmit.ts","117","throw-generic","WONTFIX","reached MAX_REMEDIED=25 service-layer priority cap on 572-hit global inventory sweep to minimize test risk surface"
"code-quality","src/app/components/lawyer/CommunityScreen/hooks/runLegalRepositoryUploadSubmit.ts","123","throw-generic","WONTFIX","reached MAX_REMEDIED=25 service-layer priority cap on 572-hit global inventory sweep to minimize test risk surface"
"code-quality","src/app/components/lawyer/CommunityScreen/hooks/runLegalRepositoryUploadSubmit.ts","161","throw-generic","WONTFIX","reached MAX_REMEDIED=25 service-layer priority cap on 572-hit global inventory sweep to minimize test risk surface"
"code-quality","src/app/components/lawyer/CommunityScreen/hooks/runLegalRepositoryUploadSubmit.ts","197","throw-generic","WONTFIX","reached MAX_REMEDIED=25 service-layer priority cap on 572-hit global inventory sweep to minimize test risk surface"
"code-quality","src/app/components/lawyer/CommunityScreen/hooks/useCommunityScreenPostSaves.ts","68","throw-generic","WONTFIX","reached MAX_REMEDIED=25 service-layer priority cap on 572-hit global inventory sweep to minimize test risk surface"
"code-quality","src/app/components/lawyer/CommunityScreen/legalRepositoryCloudSync.ts","25","throw-generic","WONTFIX","reached MAX_REMEDIED=25 service-layer priority cap on 572-hit global inventory sweep to minimize test risk surface"
"code-quality","src/app/components/lawyer/CommunityScreen/legalRepositoryCloudSync.ts","29","throw-generic","WONTFIX","reached MAX_REMEDIED=25 service-layer priority cap on 572-hit global inventory sweep to minimize test risk surface"
"code-quality","src/app/components/lawyer/CommunityScreen/legalRepositoryCloudSync.ts","32","throw-generic","WONTFIX","reached MAX_REMEDIED=25 service-layer priority cap on 572-hit global inventory sweep to minimize test risk surface"
"code-quality","src/app/components/lawyer/CommunityScreen/legalRepositoryCloudSync.ts","40","throw-generic","WONTFIX","reached MAX_REMEDIED=25 service-layer priority cap on 572-hit global inventory sweep to minimize test risk surface"
"code-quality","src/app/components/lawyer/CommunityScreen/legalRepositoryCloudSync.ts","43","throw-generic","WONTFIX","reached MAX_REMEDIED=25 service-layer priority cap on 572-hit global inventory sweep to minimize test risk surface"
"code-quality","src/app/components/lawyer/CommunityScreen/repositoryStorageService.ts","118","throw-generic","WONTFIX","reached MAX_REMEDIED=25 service-layer priority cap on 572-hit global inventory sweep to minimize test risk surface"
"code-quality","src/app/components/lawyer/dashboard/fieldTasks/FieldTasksManagerHost.tsx","72","throw-generic","WONTFIX","reached MAX_REMEDIED=25 service-layer priority cap on 572-hit global inventory sweep to minimize test risk surface"
"code-quality","src/app/components/lawyer/dashboard/TasksManager.tsx","126","throw-generic","WONTFIX","reached MAX_REMEDIED=25 service-layer priority cap on 572-hit global inventory sweep to minimize test risk surface"
"code-quality","src/app/components/lawyer/dashboard/TasksManager.tsx","139","throw-generic","WONTFIX","reached MAX_REMEDIED=25 service-layer priority cap on 572-hit global inventory sweep to minimize test risk surface"
"code-quality","src/app/components/lawyer/ExecutionDashboard/followupModalContext.tsx","52","throw-generic","WONTFIX","reached MAX_REMEDIED=25 service-layer priority cap on 572-hit global inventory sweep to minimize test risk surface"
"code-quality","src/app/components/lawyer/RoyalLawyerProfile/components/ProfileSettingsSheetHost.tsx","67","throw-generic","WONTFIX","reached MAX_REMEDIED=25 service-layer priority cap on 572-hit global inventory sweep to minimize test risk surface"
"code-quality","src/app/components/lawyer/RoyalLawyerProfile/hooks/useProfileStudioCustomizationSave.ts","89","throw-generic","WONTFIX","reached MAX_REMEDIED=25 service-layer priority cap on 572-hit global inventory sweep to minimize test risk surface"
"code-quality","src/app/components/lawyer/smart-modal/smartFile/cassationCorrectionTransition.ts","24","throw-generic","WONTFIX","reached MAX_REMEDIED=25 service-layer priority cap on 572-hit global inventory sweep to minimize test risk surface"
"code-quality","src/app/components/lawyer/smart-modal/smartFile/cassationCorrectionTransition.ts","122","throw-generic","WONTFIX","reached MAX_REMEDIED=25 service-layer priority cap on 572-hit global inventory sweep to minimize test risk surface"
"code-quality","src/app/components/lawyer/smart-modal/smartFile/cassationCorrectionTransition.ts","150","throw-generic","WONTFIX","reached MAX_REMEDIED=25 service-layer priority cap on 572-hit global inventory sweep to minimize test risk surface"
"code-quality","src/app/components/lawyer/smart-modal/smartFile/cassationCorrectionTransition.ts","192","throw-generic","WONTFIX","reached MAX_REMEDIED=25 service-layer priority cap on 572-hit global inventory sweep to minimize test risk surface"
"code-quality","src/app/components/lawyer/smart-modal/smartFile/cassationRemandTransition.ts","71","throw-generic","WONTFIX","reached MAX_REMEDIED=25 service-layer priority cap on 572-hit global inventory sweep to minimize test risk surface"
"code-quality","src/app/components/lawyer/smart-modal/smartFile/cassationRemandTransition.ts","77","throw-generic","WONTFIX","reached MAX_REMEDIED=25 service-layer priority cap on 572-hit global inventory sweep to minimize test risk surface"
"code-quality","src/app/components/lawyer/smart-modal/smartFile/cassationRemandTransition.ts","81","throw-generic","WONTFIX","reached MAX_REMEDIED=25 service-layer priority cap on 572-hit global inventory sweep to minimize test risk surface"
"code-quality","src/app/components/lawyer/smart-modal/smartFile/shareCaseReport.ts","53","throw-generic","WONTFIX","reached MAX_REMEDIED=25 service-layer priority cap on 572-hit global inventory sweep to minimize test risk surface"
"code-quality","src/app/components/lawyer/SmartRepository/hooks/useRepositoryRoomActions.ts","101","throw-generic","WONTFIX","reached MAX_REMEDIED=25 service-layer priority cap on 572-hit global inventory sweep to minimize test risk surface"
"code-quality","src/app/components/lawyer/SmartVaultModal/scannerCamera.ts","94","throw-generic","WONTFIX","reached MAX_REMEDIED=25 service-layer priority cap on 572-hit global inventory sweep to minimize test risk surface"
"code-quality","src/app/components/lawyer/SmartVaultModal/scannerCamera.ts","159","throw-generic","WONTFIX","reached MAX_REMEDIED=25 service-layer priority cap on 572-hit global inventory sweep to minimize test risk surface"
"code-quality","src/app/components/lawyer/SmartVaultModal/scannerCamera.ts","172","throw-generic","WONTFIX","reached MAX_REMEDIED=25 service-layer priority cap on 572-hit global inventory sweep to minimize test risk surface"
"code-quality","src/app/components/lawyer/SmartVaultModal/VaultPdfJsViewer.tsx","100","throw-generic","WONTFIX","reached MAX_REMEDIED=25 service-layer priority cap on 572-hit global inventory sweep to minimize test risk surface"
"code-quality","src/app/components/lawyer/TransactionsThreading/copyTransactionsText.ts","10","throw-generic","WONTFIX","reached MAX_REMEDIED=25 service-layer priority cap on 572-hit global inventory sweep to minimize test risk surface"
"code-quality","src/app/components/lawyer/TransactionsThreading/copyTransactionsText.ts","20","throw-generic","WONTFIX","reached MAX_REMEDIED=25 service-layer priority cap on 572-hit global inventory sweep to minimize test risk surface"
"code-quality","src/app/api/auth/otp/authOtpStore.ts","28","throw-generic","WONTFIX","reached MAX_REMEDIED=25 service-layer priority cap on 572-hit global inventory sweep to minimize test risk surface"
"code-quality","src/app/api/security/adminMailerSmtp.ts","193","throw-generic","WONTFIX","reached MAX_REMEDIED=25 service-layer priority cap on 572-hit global inventory sweep to minimize test risk surface"
"code-quality","src/app/api/security/adminOtpStore.ts","31","throw-generic","WONTFIX","reached MAX_REMEDIED=25 service-layer priority cap on 572-hit global inventory sweep to minimize test risk surface"
"code-quality","src/app/api/security/hqOtpShift.ts","25","throw-generic","WONTFIX","reached MAX_REMEDIED=25 service-layer priority cap on 572-hit global inventory sweep to minimize test risk surface"
"code-quality","src/app/api/security/hqOtpShift.ts","37","throw-generic","WONTFIX","reached MAX_REMEDIED=25 service-layer priority cap on 572-hit global inventory sweep to minimize test risk surface"
"code-quality","src/app/api/security/hqOtpShift.ts","42","throw-generic","WONTFIX","reached MAX_REMEDIED=25 service-layer priority cap on 572-hit global inventory sweep to minimize test risk surface"
"code-quality","src/app/api/security/kvStoreAdmin.ts","14","throw-generic","WONTFIX","reached MAX_REMEDIED=25 service-layer priority cap on 572-hit global inventory sweep to minimize test risk surface"
"code-quality","src/app/api/security/kvStoreAdmin.ts","21","throw-generic","WONTFIX","reached MAX_REMEDIED=25 service-layer priority cap on 572-hit global inventory sweep to minimize test risk surface"
"code-quality","src/app/api/security/kvStoreAdmin.ts","29","throw-generic","WONTFIX","reached MAX_REMEDIED=25 service-layer priority cap on 572-hit global inventory sweep to minimize test risk surface"
"code-quality","src/app/api/security/kvStoreAdmin.ts","42","throw-generic","WONTFIX","reached MAX_REMEDIED=25 service-layer priority cap on 572-hit global inventory sweep to minimize test risk surface"
"code-quality","src/app/api/security/kvStoreAdmin.ts","53","throw-generic","WONTFIX","reached MAX_REMEDIED=25 service-layer priority cap on 572-hit global inventory sweep to minimize test risk surface"
"code-quality","src/app/api/security/kvStoreAdmin.ts","69","throw-generic","WONTFIX","reached MAX_REMEDIED=25 service-layer priority cap on 572-hit global inventory sweep to minimize test risk surface"
"code-quality","src/app/api/security/kvStoreAdmin.ts","89","throw-generic","WONTFIX","reached MAX_REMEDIED=25 service-layer priority cap on 572-hit global inventory sweep to minimize test risk surface"
"code-quality","src/app/api/security/kvStoreAdmin.ts","145","throw-generic","WONTFIX","reached MAX_REMEDIED=25 service-layer priority cap on 572-hit global inventory sweep to minimize test risk surface"
"code-quality","src/app/api/security/kvStoreAdmin.ts","168","throw-generic","WONTFIX","reached MAX_REMEDIED=25 service-layer priority cap on 572-hit global inventory sweep to minimize test risk surface"
"code-quality","src/app/api/security/kvStoreAdmin.ts","250","throw-generic","WONTFIX","reached MAX_REMEDIED=25 service-layer priority cap on 572-hit global inventory sweep to minimize test risk surface"
"code-quality","src/app/api/security/kvStoreAdmin.ts","298","throw-generic","WONTFIX","reached MAX_REMEDIED=25 service-layer priority cap on 572-hit global inventory sweep to minimize test risk surface"
"code-quality","src/app/api/security/kvStoreAdmin.ts","313","throw-generic","WONTFIX","reached MAX_REMEDIED=25 service-layer priority cap on 572-hit global inventory sweep to minimize test risk surface"
"code-quality","src/app/api/security/stolenTokenStores.ts","115","throw-generic","WONTFIX","reached MAX_REMEDIED=25 service-layer priority cap on 572-hit global inventory sweep to minimize test risk surface"
"code-quality","src/app/api/security/stolenTokenStores.ts","137","throw-generic","WONTFIX","reached MAX_REMEDIED=25 service-layer priority cap on 572-hit global inventory sweep to minimize test risk surface"
"code-quality","src/app/api/security/stolenTokenStores.ts","160","throw-generic","WONTFIX","reached MAX_REMEDIED=25 service-layer priority cap on 572-hit global inventory sweep to minimize test risk surface"
"code-quality","src/app/api/security/wifeRedisRest.ts","15","throw-generic","WONTFIX","reached MAX_REMEDIED=25 service-layer priority cap on 572-hit global inventory sweep to minimize test risk surface"
"code-quality","src/app/context/authHooks.ts","44","throw-generic","WONTFIX","reached MAX_REMEDIED=25 service-layer priority cap on 572-hit global inventory sweep to minimize test risk surface"
"code-quality","src/app/context/authProviderRuntime.ts","866","throw-generic","WONTFIX","reached MAX_REMEDIED=25 service-layer priority cap on 572-hit global inventory sweep to minimize test risk surface"
"code-quality","src/app/context/authProviderRuntime.ts","869","throw-generic","WONTFIX","reached MAX_REMEDIED=25 service-layer priority cap on 572-hit global inventory sweep to minimize test risk surface"
"code-quality","src/app/context/lawyerSettings/lawyerSettingsHooks.ts","42","throw-generic","WONTFIX","reached MAX_REMEDIED=25 service-layer priority cap on 572-hit global inventory sweep to minimize test risk surface"
"code-quality","src/app/hooks/useQuantumTasksContext.ts","28","throw-generic","WONTFIX","reached MAX_REMEDIED=25 service-layer priority cap on 572-hit global inventory sweep to minimize test risk surface"
"code-quality","src/app/modules/transactionsThreading/repository.ts","71","throw-generic","WONTFIX","reached MAX_REMEDIED=25 service-layer priority cap on 572-hit global inventory sweep to minimize test risk surface"
"code-quality","src/app/modules/transactionsThreading/repository.ts","94","throw-generic","WONTFIX","reached MAX_REMEDIED=25 service-layer priority cap on 572-hit global inventory sweep to minimize test risk surface"
"code-quality","src/app/modules/transactionsThreading/service.ts","64","throw-generic","WONTFIX","reached MAX_REMEDIED=25 service-layer priority cap on 572-hit global inventory sweep to minimize test risk surface"
"code-quality","src/app/modules/transactionsThreading/service.ts","92","throw-generic","WONTFIX","reached MAX_REMEDIED=25 service-layer priority cap on 572-hit global inventory sweep to minimize test risk surface"
"code-quality","src/app/modules/transactionsThreading/service.ts","102","throw-generic","WONTFIX","reached MAX_REMEDIED=25 service-layer priority cap on 572-hit global inventory sweep to minimize test risk surface"
"code-quality","src/app/modules/transactionsThreading/service.ts","120","throw-generic","WONTFIX","reached MAX_REMEDIED=25 service-layer priority cap on 572-hit global inventory sweep to minimize test risk surface"
"code-quality","src/app/modules/transactionsThreading/service.ts","133","throw-generic","WONTFIX","reached MAX_REMEDIED=25 service-layer priority cap on 572-hit global inventory sweep to minimize test risk surface"
"code-quality","src/app/modules/transactionsThreading/service.ts","139","throw-generic","WONTFIX","reached MAX_REMEDIED=25 service-layer priority cap on 572-hit global inventory sweep to minimize test risk surface"
"code-quality","src/app/modules/transactionsThreading/service.ts","148","throw-generic","WONTFIX","reached MAX_REMEDIED=25 service-layer priority cap on 572-hit global inventory sweep to minimize test risk surface"
"code-quality","src/app/modules/transactionsThreading/service.ts","175","throw-generic","WONTFIX","reached MAX_REMEDIED=25 service-layer priority cap on 572-hit global inventory sweep to minimize test risk surface"
"code-quality","src/app/modules/transactionsThreading/store.ts","154","throw-generic","WONTFIX","reached MAX_REMEDIED=25 service-layer priority cap on 572-hit global inventory sweep to minimize test risk surface"
"code-quality","src/app/runtime/capacitorWebShims/pluginStub.ts","13","throw-generic","WONTFIX","reached MAX_REMEDIED=25 service-layer priority cap on 572-hit global inventory sweep to minimize test risk surface"
"code-quality","src/app/runtime/hamiSettingsLoader.ts","39","throw-generic","WONTFIX","reached MAX_REMEDIED=25 service-layer priority cap on 572-hit global inventory sweep to minimize test risk surface"
"code-quality","src/app/utils/bffAuthClient.ts","115","throw-generic","WONTFIX","reached MAX_REMEDIED=25 service-layer priority cap on 572-hit global inventory sweep to minimize test risk surface"
"code-quality","src/boot/mountApplication.ts","245","throw-generic","WONTFIX","reached MAX_REMEDIED=25 service-layer priority cap on 572-hit global inventory sweep to minimize test risk surface"
"code-quality","src/hq/mountHqApplication.ts","59","throw-generic","WONTFIX","reached MAX_REMEDIED=25 service-layer priority cap on 572-hit global inventory sweep to minimize test risk surface"
"code-quality","src/hq/stubs/hqOmitAppWipe.ts","10","throw-generic","WONTFIX","reached MAX_REMEDIED=25 service-layer priority cap on 572-hit global inventory sweep to minimize test risk surface"
