file,line,has_type,type_value,has_onClick,inside_form_context,class_final,downgrade_reason_or_note,raw_snippet_240chars
"src/app/bootstrap/lawyerAuth/AuthPasswordField.tsx",46,1,"button",1,0,"B0-SAFE-explicit-type-button","","<button type=""button"" className=""absolute inset-y-0 end-0 z-[1] flex min-w-[44px] min-h-[44px] items-center justify-center px-2 text-white/70 hover:text-[#E6C673]"" aria-label={visible ? 'إخفاء كلمة المرور' : 'إظهار كلمة المرور'} aria-pr"
"src/app/bootstrap/lawyerAuth/LawyerAuthChoiceCard.tsx",46,1,"button",1,0,"B0-SAFE-explicit-type-button","","<button type=""button"" className={authGateSecondaryBtnClass} disabled={busy} onClick={onGuest} data-testid=""lawyer-auth-guest-confirm"" >"
"src/app/bootstrap/lawyerAuth/LawyerAuthChoiceCard.tsx",55,1,"button",1,0,"B0-SAFE-explicit-type-button","","<button type=""button"" className={authGateGhostBtnClass} disabled={busy} onClick={() => setGuestWarning(false)} data-testid=""lawyer-auth-guest-cancel"" >"
"src/app/bootstrap/lawyerAuth/LawyerAuthChoiceCard.tsx",78,1,"button",1,0,"B0-SAFE-explicit-type-button","","<button type=""button"" className={authGatePrimaryBtnClass} onClick={onLogin} onPointerEnter={onPrefetchForms} onFocus={onPrefetchForms} data-testid=""lawyer-auth-go-login"" >"
"src/app/bootstrap/lawyerAuth/LawyerAuthChoiceCard.tsx",88,1,"button",1,0,"B0-SAFE-explicit-type-button","","<button type=""button"" className={authGateSecondaryBtnClass} onClick={onRegister} onPointerEnter={onPrefetchForms} onFocus={onPrefetchForms} data-testid=""lawyer-auth-go-register"" >"
"src/app/bootstrap/lawyerAuth/LawyerAuthChoiceCard.tsx",101,1,"button",1,0,"B0-SAFE-explicit-type-button","","<button type=""button"" className={authGateGhostBtnClass} disabled={busy} onClick={() => setGuestWarning(true)} data-testid=""lawyer-auth-enter-guest"" >"
"src/app/bootstrap/lawyerAuth/LawyerAuthChoiceCard.tsx",111,1,"button",1,0,"B0-SAFE-explicit-type-button","","<button type=""button"" className={authGateGhostBtnClass} disabled={busy} onClick={onDevUnlock} data-testid=""lawyer-auth-enter-dev"" >"
"src/app/bootstrap/lawyerAuth/LawyerAuthOtpPanelSteps.tsx",90,1,"submit",0,1,"B1-SAFE-explicit-type-submit","inside_form=true","<button type=""submit"" className={authGatePrimaryBtnClass} disabled={loading} data-testid=""lawyer-auth-otp-email-continue"" >"
"src/app/bootstrap/lawyerAuth/LawyerAuthOtpPanelSteps.tsx",98,1,"button",1,1,"B0-SAFE-explicit-type-button","","<button type=""button"" className={authGateGhostBtnClass} onClick={onBack} data-testid=""lawyer-auth-otp-back"" >"
"src/app/bootstrap/lawyerAuth/LawyerAuthOtpPanelSteps.tsx",143,1,"button",1,0,"B0-SAFE-explicit-type-button","","<button type=""button"" className={authGatePrimaryBtnClass} disabled={loading} onClick={onSendEmail} data-testid=""lawyer-auth-otp-channel-email"" >"
"src/app/bootstrap/lawyerAuth/LawyerAuthOtpPanelSteps.tsx",153,1,"button",1,0,"B0-SAFE-explicit-type-button","","<button type=""button"" className={authGateSecondaryBtnClass} disabled={loading} onClick={onSendWhatsApp} data-testid=""lawyer-auth-otp-channel-whatsapp"" >"
"src/app/bootstrap/lawyerAuth/LawyerAuthOtpPanelSteps.tsx",164,1,"button",1,0,"B0-SAFE-explicit-type-button","","<button type=""button"" className={authGateGhostBtnClass} disabled={loading} onClick={onOpenAdminWhatsApp} data-testid=""lawyer-auth-otp-channel-admin-whatsapp"" >"
"src/app/bootstrap/lawyerAuth/LawyerAuthOtpPanelSteps.tsx",174,1,"button",1,0,"B0-SAFE-explicit-type-button","","<button type=""button"" className={authGateGhostBtnClass} disabled={loading} onClick={onBack} data-testid=""lawyer-auth-otp-back"" >"
"src/app/bootstrap/lawyerAuth/LawyerAuthOtpPanelSteps.tsx",279,1,"submit",0,1,"B1-SAFE-explicit-type-submit","inside_form=true","<button type=""submit"" className={authGatePrimaryBtnClass} disabled={loading} data-testid=""lawyer-auth-otp-submit"" >"
"src/app/bootstrap/lawyerAuth/LawyerAuthOtpPanelSteps.tsx",287,1,"button",1,1,"B0-SAFE-explicit-type-button","","<button type=""button"" className={authGateGhostBtnClass} disabled={loading || resendIn > 0} onClick={onResend} data-testid=""lawyer-auth-otp-resend"" >"
"src/app/bootstrap/lawyerAuth/LawyerAuthOtpPanelSteps.tsx",296,1,"button",1,1,"B0-SAFE-explicit-type-button","","<button type=""button"" className={authGateGhostBtnClass} disabled={loading} onClick={onChangeChannel} data-testid=""lawyer-auth-otp-change-channel"" >"
"src/app/bootstrap/lawyerAuth/LawyerPasswordResetForm.tsx",230,1,"submit",0,1,"B1-SAFE-explicit-type-submit","inside_form=true","<button type=""submit"" disabled={loading || done || sessionReady === false} className={authGatePrimaryBtnClass} data-testid=""lawyer-password-reset-submit"" >"
"src/app/bootstrap/lawyerAuth/LawyerPasswordResetForm.tsx",238,1,"button",1,1,"B0-SAFE-explicit-type-button","","<button type=""button"" className={authGateGhostBtnClass} disabled={loading} onClick={() => { clearPasswordRecoveryPending(); scrubPasswordRecoveryUrlMarkers(); onCancelToLogin(); }} data-testid=""lawyer-password-reset-cancel"" >"
"src/app/bootstrap/lawyerAuth/LawyerRegisterCompleteStep.tsx",62,1,"button",1,0,"B0-SAFE-explicit-type-button","","<button type=""button"" className={authGatePrimaryBtnClass} disabled={busy} onClick={onRetryHqSubmit} data-testid=""lawyer-register-retry-hq"" >"
"src/app/bootstrap/lawyerAuth/LawyerRegisterCompleteStep.tsx",75,1,"button",1,0,"B0-SAFE-explicit-type-button","","<button type=""button"" className={authGateSecondaryBtnClass} disabled={busy} onClick={onConfirmOtp} data-testid=""lawyer-register-confirm-otp"" >"
"src/app/bootstrap/lawyerAuth/LawyerRegisterCompleteStep.tsx",85,1,"button",1,0,"B0-SAFE-explicit-type-button","","<button type=""button"" className={authGateSecondaryBtnClass} disabled={busy} onClick={onResendConfirm} data-testid=""lawyer-register-resend-confirm"" >"
"src/app/bootstrap/lawyerAuth/LawyerRegisterCompleteStep.tsx",96,1,"button",1,0,"B0-SAFE-explicit-type-button","","<button type=""button"" className={hqReceived ? authGatePrimaryBtnClass : authGateSecondaryBtnClass} onClick={onEnterWithoutWaiting} disabled={busy} data-testid=""lawyer-register-enter-pending"" >"
"src/app/bootstrap/lawyerAuth/LawyerRegisterCompleteStep.tsx",106,1,"button",1,0,"B0-SAFE-explicit-type-button","","<button type=""button"" className={authGateGhostBtnClass} onClick={onGoLogin} disabled={busy} data-testid=""lawyer-register-complete-login"" >"
"src/app/bootstrap/lawyerAuth/LawyerRegisterCredentialsStep.tsx",89,1,"submit",0,1,"B1-SAFE-explicit-type-submit","inside_form=true","<button type=""submit"" disabled={loading} className={authGatePrimaryBtnClass} data-testid=""lawyer-register-credentials-next"" >"
"src/app/bootstrap/lawyerAuth/LawyerRegisterCredentialsStep.tsx",97,1,"button",1,1,"B0-SAFE-explicit-type-button","","<button type=""button"" className={authGateGhostBtnClass} onClick={onBack} disabled={loading}>"
"src/app/bootstrap/lawyerAuth/LawyerRegisterFaceStep.tsx",55,1,"button",1,0,"B0-SAFE-explicit-type-button","","<button type=""button"" disabled={loading || !faceSelfieDataUrl} className={authGatePrimaryBtnClass} onClick={onSubmitWithFace} data-testid=""lawyer-register-face-submit"" >"
"src/app/bootstrap/lawyerAuth/LawyerRegisterFaceStep.tsx",64,1,"button",1,0,"B0-SAFE-explicit-type-button","","<button type=""button"" disabled={loading} className={authGateSecondaryBtnClass} onClick={onSkip} data-testid=""lawyer-register-face-skip"" >"
"src/app/bootstrap/lawyerAuth/LawyerRegisterFaceStep.tsx",73,1,"button",1,0,"B0-SAFE-explicit-type-button","","<button type=""button"" className={authGateGhostBtnClass} onClick={onBack} disabled={loading} >"
"src/app/bootstrap/lawyerAuth/LawyerRegisterIdentityStep.tsx",69,1,"submit",0,1,"B1-SAFE-explicit-type-submit","inside_form=true","<button type=""submit"" disabled={loading || !ready} className={authGatePrimaryBtnClass} data-testid=""lawyer-register-identity-next"" >"
"src/app/bootstrap/lawyerAuth/LawyerRegisterIdentityStep.tsx",77,1,"button",1,1,"B0-SAFE-explicit-type-button","","<button type=""button"" className={authGateGhostBtnClass} onClick={onBack}>"
"src/app/bootstrap/lawyerAuth/LawyerRegisterProfileStep.tsx",136,1,"submit",0,1,"B1-SAFE-explicit-type-submit","inside_form=true","<button type=""submit"" className={authGatePrimaryBtnClass} data-testid=""lawyer-register-profile-next"" >"
"src/app/bootstrap/lawyerAuth/LawyerRegisterProfileStep.tsx",143,1,"button",1,1,"B0-SAFE-explicit-type-button","","<button type=""button"" className={authGateGhostBtnClass} onClick={onBack} disabled={loading} >"
"src/app/bootstrap/lawyerAuth/LawyerSignInForm.tsx",185,1,"submit",0,1,"B1-SAFE-explicit-type-submit","inside_form=true","<button type=""submit"" disabled={loading || resendLoading} className={authGatePrimaryBtnClass} data-testid=""lawyer-sign-in-submit"" >"
"src/app/bootstrap/lawyerAuth/LawyerSignInForm.tsx",193,1,"button",1,1,"B0-SAFE-explicit-type-button","","<button type=""button"" className={authGateGhostBtnClass} disabled={loading || resendLoading} onClick={onForgot} data-testid=""lawyer-sign-in-forgot"" >"
"src/app/bootstrap/lawyerAuth/LawyerSignInForm.tsx",204,1,"button",1,1,"B0-SAFE-explicit-type-button","","<button type=""button"" className={authGateGhostBtnClass} disabled={loading || resendLoading || !email.trim()} onClick={() => setOtpPurpose('email_confirm')} data-testid=""lawyer-sign-in-confirm-otp"" >"
"src/app/bootstrap/lawyerAuth/LawyerSignInForm.tsx",213,1,"button",1,1,"B0-SAFE-explicit-type-button","","<button type=""button"" className={authGateGhostBtnClass} disabled={resendLoading || loading || !email.trim()} onClick={() => void onResendConfirm()} data-testid=""lawyer-sign-in-resend-confirm"" >"
"src/app/bootstrap/lawyerAuth/LawyerSignInForm.tsx",224,1,"button",1,1,"B0-SAFE-explicit-type-button","","<button type=""button"" className={authGateGhostBtnClass} onClick={onBack} data-testid=""lawyer-sign-in-back"">"
"src/app/bootstrap/lawyerAuth/LegalTermsConsentGate.tsx",102,1,"button",1,0,"B0-SAFE-explicit-type-button","","<button type=""button"" className={authGatePrimaryBtnClass} onClick={() => setView('consent')} data-testid=""legal-terms-reconsider"" >"
"src/app/bootstrap/lawyerAuth/LegalTermsConsentGate.tsx",110,1,"button",1,0,"B0-SAFE-explicit-type-button","","<button type=""button"" className={authGateSecondaryBtnClass} disabled={exiting} aria-busy={exiting || undefined} onClick={() => void onExit()} data-testid=""legal-terms-exit-app"" >"
"src/app/bootstrap/lawyerAuth/LegalTermsConsentGate.tsx",121,1,"button",1,0,"B0-SAFE-explicit-type-button","","<button type=""button"" className={authGateGhostBtnClass} disabled={exiting} onClick={onBack} data-testid=""legal-terms-back-choice"" >"
"src/app/bootstrap/lawyerAuth/LegalTermsConsentGate.tsx",168,1,"button",1,0,"B0-SAFE-explicit-type-button","","<button type=""button"" className={authGatePrimaryBtnClass} onClick={onAccept} disabled={!canAccept} aria-disabled={!canAccept} data-testid=""legal-terms-accept"" >"
"src/app/bootstrap/lawyerAuth/LegalTermsConsentGate.tsx",178,1,"button",1,0,"B0-SAFE-explicit-type-button","","<button type=""button"" className={authGateGhostBtnClass} onClick={onDecline} data-testid=""legal-terms-decline"" >"
"src/app/bootstrap/lawyerAuth/LegalTermsConsentGate.tsx",187,1,"button",1,0,"B0-SAFE-explicit-type-button","","<button type=""button"" className={authGateGhostBtnClass} onClick={onBack} data-testid=""legal-terms-back-choice"" >"
"src/app/bootstrap/LawyerDashboardBootErrorBoundary.tsx",71,1,"button",1,0,"B0-SAFE-explicit-type-button","","<button type=""button"" onClick={this.handleRetry} data-testid=""lawyer-dashboard-boot-error-retry"" className=""min-h-[48px] px-8 rounded-2xl bg-[#E6C673]/12 text-[#E6C673] border border-[#E6C673]/25 active:bg-[#E6C673]/20 transition-color"
"src/app/components/admin/AdminHeadquartersAccess.tsx",129,1,"button",1,0,"B0-SAFE-explicit-type-button","","<button type=""button"" onClick={onSwitchAccount} className={authGatePrimaryBtnClass} data-testid=""admin-denied-switch-account"" >"
"src/app/components/admin/AdminHeadquartersAccess.tsx",137,1,"button",1,0,"B0-SAFE-explicit-type-button","","<button type=""button"" onClick={onBack} className={authGateGhostBtnClass} data-testid=""admin-denied-back"" >"
"src/app/components/admin/AdminHeadquartersAccess.tsx",148,1,"button",1,0,"B0-SAFE-explicit-type-button","","<button type=""button"" className={authGateGhostBtnClass} onClick={() => setShowDiag((v) => !v)} data-testid=""admin-denied-toggle-diag"" >"
"src/app/components/admin/AdminLawEntry.tsx",113,1,"button",1,0,"B0-SAFE-explicit-type-button","","<button type=""button"" onClick={() => { setActiveDomain(""execution""); setSuccess(null); setError(null); }} disabled={singleLoading || bulkLoading} className={cn( ""rounded-lg px-3 py-2 text-sm font-semibold transition"", activeDomain ==="
"src/app/components/admin/AdminLawEntry.tsx",130,1,"button",1,0,"B0-SAFE-explicit-type-button","","<button type=""button"" onClick={() => { setActiveDomain(""criminal""); setSuccess(null); setError(null); }} disabled={singleLoading || bulkLoading} className={cn( ""rounded-lg px-3 py-2 text-sm font-semibold transition"", activeDomain === "
"src/app/components/admin/AdminLawEntry.tsx",147,1,"button",1,0,"B0-SAFE-explicit-type-button","","<button type=""button"" onClick={() => { setActiveDomain(""civil""); setSuccess(null); setError(null); }} disabled={singleLoading || bulkLoading} className={cn( ""rounded-lg px-3 py-2 text-sm font-semibold transition"", activeDomain === ""c"
"src/app/components/admin/AdminLawEntry.tsx",164,1,"button",1,0,"B0-SAFE-explicit-type-button","","<button type=""button"" onClick={() => { setActiveDomain(""personal""); setSuccess(null); setError(null); }} disabled={singleLoading || bulkLoading} className={cn( ""rounded-lg px-3 py-2 text-sm font-semibold transition"", activeDomain === "
"src/app/components/admin/AdminLawEntry.tsx",186,1,"button",1,0,"B0-SAFE-explicit-type-button","","<button key={tab} type=""button"" onClick={() => { setActiveCriminalLawTab(tab); setSuccess(null); setError(null); }} disabled={singleLoading || bulkLoading} className={cn( ""rounded-lg px-3 py-2 text-xs font-bold transition"", activeCrimin"
"src/app/components/admin/AdminLawEntry.tsx",211,1,"button",1,0,"B0-SAFE-explicit-type-button","","<button key={tab} type=""button"" onClick={() => { setActiveCivilLawTab(tab); setSuccess(null); setError(null); }} disabled={singleLoading || bulkLoading} className={cn( ""rounded-lg px-3 py-2 text-xs font-bold transition"", activeCivilLawT"
"src/app/components/admin/AdminLawEntry.tsx",236,1,"button",1,0,"B0-SAFE-explicit-type-button","","<button key={tab} type=""button"" onClick={() => { setActivePersonalLawTab(tab); setSuccess(null); setError(null); }} disabled={singleLoading || bulkLoading} className={cn( ""rounded-lg px-3 py-2 text-xs font-bold transition"", activePerson"
"src/app/components/admin/AdminLawEntry.tsx",264,1,"button",1,0,"B0-SAFE-explicit-type-button","","<button type=""button"" onClick={() => { setActiveTab(""single""); setError(null); setSuccess(null); }} disabled={singleLoading || bulkLoading || browseLoading} className={cn( ""rounded-lg px-3 py-2 text-sm font-semibold transition"", activ"
"src/app/components/admin/AdminLawEntry.tsx",281,1,"button",1,0,"B0-SAFE-explicit-type-button","","<button type=""button"" onClick={() => { setActiveTab(""bulk""); setError(null); setSuccess(null); }} disabled={singleLoading || bulkLoading || browseLoading} className={cn( ""rounded-lg px-3 py-2 text-sm font-semibold transition"", activeT"
"src/app/components/admin/AdminLawEntry.tsx",298,1,"button",1,0,"B0-SAFE-explicit-type-button","","<button type=""button"" onClick={() => { setActiveTab(""browse""); setError(null); setSuccess(null); }} disabled={singleLoading || bulkLoading} className={cn( ""rounded-lg px-3 py-2 text-sm font-semibold transition"", activeTab === ""browse"
"src/app/components/admin/AdminLawEntry.tsx",391,1,"button",1,0,"B0-SAFE-explicit-type-button","","<button type=""button"" onClick={() => { hasLoadedBrowseRef.current = false; void loadBrowseArticles(); }} disabled={browseLoading} aria-busy={browseLoading || undefined} className=""rounded-lg border border-white/15 px-3 py-1.5 text-xs fon"
"src/app/components/admin/AdminLawEntry.tsx",410,1,"button",1,0,"B0-SAFE-explicit-type-button","","<button key={sectionId} type=""button"" onClick={() => { setHierarchySectionId(sectionId); setHierarchyFilterId(null); }} className={cn( ""rounded-lg border px-3 py-2 text-xs font-bold transition"", hierarchySectionId === sectionId ? ""bord"
"src/app/components/admin/AdminLawEntry.tsx",451,1,"button",1,0,"B0-SAFE-explicit-type-button","","<button type=""button"" onClick={() => setHierarchyFilterId(filter.id)} className={cn( ""px-3 py-2 text-xs font-bold transition"", isActive ? ""text-[#E6C673]"" : ""text-white/80 hover:text-[#E6C673]"", )} >"
"src/app/components/admin/AdminLawEntry.tsx",466,1,"button",1,0,"B0-SAFE-explicit-type-button","","<button type=""button"" title={ isPinned ? ""إلغاء التثبيت"" : ""تثبيت هذا النطاق"" } onClick={(e) => { e.stopPropagation(); if (isPinned) { handleUnpinHierarchyFilter(); } else { handlePinHierarchyFilter( hierarchySectionId, filter.id, ); "
"src/app/components/admin/AdminLawEntry.tsx",583,1,"button",1,0,"B0-SAFE-explicit-type-button","","<button type=""button"" onClick={() => setBrowseVisibleCount( (v) => v + BROWSE_TABLE_PAGE_SIZE, ) } className=""rounded-lg border border-[#E6C673]/30 px-4 py-2 text-xs font-bold text-[#E6C673] hover:bg-[#E6C673]/10"" >"
"src/app/components/admin/AdminLawEntry.tsx",618,1,"button",1,0,"B0-SAFE-explicit-type-button","","<button type=""button"" onClick={() => bulkJsonFileInputRef.current?.click()} disabled={singleLoading || bulkLoading} className=""rounded-lg border border-[#E6C673]/30 px-3 py-1.5 text-xs font-bold text-[#E6C673] hover:bg-[#E6C673]/10 disab"
"src/app/components/admin/AdminLawEntry.tsx",713,1,"button",1,0,"B0-SAFE-explicit-type-button","","<button type=""button"" onClick={activeTab === ""single"" ? handleSubmit : handleBulkSubmit} disabled={singleLoading || bulkLoading || clearLoading} className={cn( ""w-full rounded-xl py-3.5 text-sm font-bold transition-[opacity,transform,b"
"src/app/components/admin/AdminLawEntry.tsx",760,1,"button",1,0,"B0-SAFE-explicit-type-button","","<button type=""button"" onClick={handleClearDatabase} disabled={singleLoading || bulkLoading || clearLoading} className={cn( ""w-full rounded-xl py-3 text-sm font-bold transition-[opacity,transform] active:scale-[0.99]"", ""border border-re"
"src/app/components/admin/AdminLawyerVerificationRequests.tsx",151,1,"button",1,0,"B0-SAFE-explicit-type-button","","<button type=""button"" className=""hq-ops-pill hq-ops-pill-warn"" onClick={() => setStatusFilter('pending')} >"
"src/app/components/admin/HeadquartersPanel.tsx",294,1,"button",1,0,"B0-SAFE-explicit-type-button","","<button type=""button"" className=""hq-ops-pill hq-ops-pill-warn"" onClick={() => setStatusFilter('pending')} >"
"src/app/components/admin/HeadquartersPanel.tsx",303,1,"button",1,0,"B0-SAFE-explicit-type-button","","<button type=""button"" className=""hq-ops-pill"" onClick={() => setStatusFilter('unsubmitted')} >"
"src/app/components/admin/HeadquartersPanel.tsx",312,1,"button",1,0,"B0-SAFE-explicit-type-button","","<button type=""button"" className=""hq-ops-pill hq-ops-pill-warn"" onClick={() => setStatusFilter('name_mismatch')} >"
"src/app/components/admin/HeadquartersUserDossier.tsx",332,1,"button",1,0,"B0-SAFE-explicit-type-button","","<button type=""button"" className=""mt-2 inline-flex min-h-11 items-center gap-2 rounded-lg border border-white/10 bg-white/5 px-3 text-xs text-white/70"" onClick={() => void copyUserId()} >"
"src/app/components/admin/HeadquartersUserDossier.tsx",352,1,"button",1,0,"B0-SAFE-explicit-type-button","","<button type=""button"" className=""min-h-11 rounded-lg border border-white/15 px-3 text-sm text-white/80"" onClick={onClose} data-testid=""hq-user-dossier-close"" >"
"src/app/components/admin/HeadquartersUserDossier.tsx",408,1,"button",1,0,"B0-SAFE-explicit-type-button","","<button type=""button"" className=""hq-verify-slot"" onClick={() => setDocPeek(true)} aria-label={`عرض ${slot.label} بالحجم الكامل`} >"
"src/app/components/admin/HeadquartersUserDossier.tsx",446,1,"button",1,0,"B0-SAFE-explicit-type-button","","<button type=""button"" disabled={busy} onClick={() => void runRestore()} className=""inline-flex min-h-11 w-full items-center justify-center rounded-lg border border-emerald-600/50 bg-emerald-600/15 px-3 text-sm font-bold text-emerald-400 "
"src/app/components/admin/HeadquartersUserDossier.tsx",460,1,"button",1,0,"B0-SAFE-explicit-type-button","","<button type=""button"" disabled={busy} data-testid=""hq-dossier-public-badge"" aria-pressed={user.publicVerifiedBadge === true} onClick={() => void runPublicBadge(user.publicVerifiedBadge !== true)} className=""inline-flex min-h-11 w-full "
"src/app/components/admin/HeadquartersUserDossier.tsx",476,1,"button",1,0,"B0-SAFE-explicit-type-button","","<button key={option.hours} type=""button"" disabled={busy} onClick={() => void runFreeze(option.hours)} className=""min-h-11 rounded-lg border border-amber-600/50 bg-amber-600/15 px-3 text-sm font-bold text-amber-400 transition hover:bg-amb"
"src/app/components/admin/HeadquartersUserDossier.tsx",488,1,"button",1,0,"B0-SAFE-explicit-type-button","","<button type=""button"" disabled={busy} onClick={() => void runUnfreeze()} className=""mt-2 inline-flex min-h-11 w-full items-center justify-center rounded-lg border border-emerald-600/50 bg-emerald-600/15 px-3 text-sm font-bold text-emeral"
"src/app/components/admin/HeadquartersUserDossier.tsx",502,1,"button",1,0,"B0-SAFE-explicit-type-button","","<button key={`login-${option.hours}`} type=""button"" disabled={busy} onClick={() => void runLockLogin(option.hours)} className=""min-h-11 rounded-lg border border-amber-600/50 bg-amber-600/15 px-3 text-sm font-bold text-amber-400 transitio"
"src/app/components/admin/HeadquartersUserDossier.tsx",514,1,"button",1,0,"B0-SAFE-explicit-type-button","","<button type=""button"" disabled={busy} onClick={() => void runUnlockLogin()} className=""mt-2 inline-flex min-h-11 w-full items-center justify-center rounded-lg border border-emerald-600/50 bg-emerald-600/15 px-3 text-sm font-bold text-eme"
"src/app/components/admin/HeadquartersUserDossier.tsx",536,1,"button",1,0,"B0-SAFE-explicit-type-button","","<button key={`forum-${option.hours}`} type=""button"" disabled={busy} onClick={() => void runBanForum(option.hours)} className=""min-h-11 rounded-lg border border-amber-600/50 bg-amber-600/15 px-3 text-sm font-bold text-amber-400 transition"
"src/app/components/admin/HeadquartersUserDossier.tsx",547,1,"button",1,0,"B0-SAFE-explicit-type-button","","<button type=""button"" disabled={busy} onClick={() => void runUnbanForum()} className=""mt-2 inline-flex min-h-11 w-full items-center justify-center rounded-lg border border-emerald-600/50 bg-emerald-600/15 px-3 text-sm font-bold text-emer"
"src/app/components/admin/HeadquartersUserDossier.tsx",558,1,"button",1,0,"B0-SAFE-explicit-type-button","","<button type=""button"" disabled={busy} onClick={() => void runRevoke()} className=""inline-flex min-h-11 w-full items-center justify-center rounded-lg border border-white/20 bg-white/5 px-3 text-sm font-bold text-white/80 transition hover:"
"src/app/components/admin/HeadquartersUserDossier.tsx",595,1,"button",1,0,"B0-SAFE-explicit-type-button","","<button type=""button"" disabled={busy || !password} onClick={() => void runPassword()} className=""mt-2 inline-flex min-h-11 w-full items-center justify-center rounded-lg border border-[#E6C673]/35 bg-[#E6C673]/10 px-3 text-sm font-bold te"
"src/app/components/admin/HeadquartersUserDossier.tsx",606,1,"button",1,0,"B0-SAFE-explicit-type-button","","<button type=""button"" disabled={busy} onClick={() => void runSoftDelete()} className=""inline-flex min-h-11 w-full items-center justify-center rounded-lg border border-red-600/50 bg-red-600/15 px-3 text-sm font-bold text-red-400 transitio"
"src/app/components/admin/HeadquartersUserRow.tsx",106,1,"button",1,0,"B0-SAFE-explicit-type-button","","<button type=""button"" className=""hq-dir-identity"" onClick={onOpen} data-testid={`hq-user-open-${user.id}`} aria-expanded={open} aria-label={`فتح إضبارة ${displayName}`} >"
"src/app/components/admin/HeadquartersUserRow.tsx",198,1,"button",1,0,"B0-SAFE-explicit-type-button","","<button type=""button"" disabled={busy} aria-expanded={!isSuspended && pickingFreeze} onClick={() => { if (isSuspended) { onUnfreeze(); return; } onToggleFreezePicker(); }} className={cn('hq-dir-freeze', isSuspended ? 'hq-dir-freeze-stop' :"
"src/app/components/admin/HeadquartersUserRow.tsx",224,1,"button",1,0,"B0-SAFE-explicit-type-button","","<button type=""button"" disabled={busy} data-testid={`hq-public-badge-${user.id}`} aria-pressed={isAccreditedLawyer(user)} aria-label={ isAccreditedLawyer(user) ? `إزالة علامة التوثيق عن ${displayName}` : `وضع علامة التوثيق لـ ${displayName"
"src/app/components/admin/hqChrome.tsx",30,1,"button",0,0,"B0-SAFE-explicit-type-button","","<button type=""button"" className={cn('hq-btn hq-btn-ghost', className)} {...props}>"
"src/app/components/admin/hqChrome.tsx",89,1,"button",1,0,"B0-SAFE-explicit-type-button","","<button type=""button"" className={className} onClick={onClick} aria-label={`${label}: ${value}`} >"
"src/app/components/admin/hqChrome.tsx",134,1,"button",0,0,"B0-SAFE-explicit-type-button","","<button type=""button"" aria-pressed={active} className={cn('hq-chip', active && 'hq-chip-active')} {...props} >"
"src/app/components/admin/HqConsultationsPanel.tsx",203,1,"button",1,0,"B0-SAFE-explicit-type-button","","<button type=""button"" className=""text-white/60 text-xs hover:text-white disabled:opacity-50 min-h-11 px-2"" disabled={busyId === post.id} onClick={() => void onMutate(post.id, post.pinned ? 'unpin' : 'pin')} >"
"src/app/components/admin/HqConsultationsPanel.tsx",211,1,"button",1,0,"B0-SAFE-explicit-type-button","","<button type=""button"" className=""text-white/60 text-xs hover:text-white disabled:opacity-50 min-h-11 px-2"" onClick={() => void onMutate(post.id, post.locked ? 'unlock' : 'lock')} disabled={busyId === post.id} >"
"src/app/components/admin/HqConsultationsPanel.tsx",219,1,"button",1,0,"B0-SAFE-explicit-type-button","","<button type=""button"" className=""text-red-400 text-xs hover:text-red-300 disabled:opacity-50 min-h-11 px-2"" disabled={busyId === post.id} onClick={() => void onDelete(post.id)} >"
"src/app/components/admin/HqFold.tsx",49,1,"button",1,0,"B0-SAFE-explicit-type-button","","<button type=""button"" className=""hq-fold-toggle"" aria-expanded={open} aria-controls={panelId} aria-label={ariaLabel} onClick={toggle} >"
"src/app/components/admin/HqForumAdminPanel.tsx",327,1,"button",1,0,"B0-SAFE-explicit-type-button","","<button type=""button"" onClick={() => void handleBan()} disabled={actionLoading !== null} className=""mt-3 min-h-11 rounded-xl bg-red-600 px-6 py-2.5 text-sm font-bold text-white transition hover:bg-red-700"" >"
"src/app/components/admin/HqForumAdminPanel.tsx",351,1,"button",1,0,"B0-SAFE-explicit-type-button","","<button type=""button"" onClick={() => void handleUnban(b.userId)} disabled={actionLoading !== null} className=""min-h-11 rounded-lg border border-green-600/50 bg-green-600/20 px-4 py-2 text-xs font-bold text-green-500 transition hover:bg-g"
"src/app/components/admin/HqReportsInbox.tsx",238,1,"button",1,0,"B0-SAFE-explicit-type-button","","<button type=""button"" onClick={() => handleDeletePost(report.postId, report.id)} disabled={Boolean(actionLoading)} className=""flex min-h-11 items-center gap-1 rounded-lg border border-red-500/30 bg-red-500/20 px-3 text-xs font-bold text-"
"src/app/components/admin/HqReportsInbox.tsx",246,1,"button",1,0,"B0-SAFE-explicit-type-button","","<button type=""button"" onClick={() => handleDismiss(report.id)} disabled={Boolean(actionLoading)} className=""flex min-h-11 items-center gap-1 rounded-lg border border-white/10 bg-white/5 px-3 text-xs font-bold text-white/60 transition hov"
"src/app/components/admin/HqReportsInbox.tsx",279,1,"button",1,0,"B0-SAFE-explicit-type-button","","<button type=""button"" onClick={() => handleDeleteComment(report.commentId, report.id)} disabled={Boolean(actionLoading)} className=""flex min-h-11 items-center gap-1 rounded-lg border border-red-500/30 bg-red-500/20 px-3 text-xs font-bold"
"src/app/components/admin/HqReportsInbox.tsx",287,1,"button",1,0,"B0-SAFE-explicit-type-button","","<button type=""button"" onClick={() => handleDismissComment(report.id)} disabled={Boolean(actionLoading)} className=""flex min-h-11 items-center gap-1 rounded-lg border border-white/10 bg-white/5 px-3 text-xs font-bold text-white/60 disable"
"src/app/components/admin/HqStepUpHost.tsx",135,1,"submit",0,1,"B1-SAFE-explicit-type-submit","inside_form=true","<button type=""submit"" disabled={busy || otp.replace(/\D/g, '').length !== 6} className={cn('hq-btn hq-verify-approve')} data-testid=""hq-stepup-verify"" aria-busy={busy || undefined} >"
"src/app/components/admin/HqStepUpHost.tsx",144,1,"button",1,1,"B0-SAFE-explicit-type-button","","<button type=""button"" disabled={busy} className=""hq-btn hq-btn-ghost"" onClick={closeCancel} data-testid=""hq-stepup-cancel"" >"
"src/app/components/admin/HqSystemNotifyComposer.tsx",118,1,"button",1,0,"B0-SAFE-explicit-type-button","","<button key={user.id} type=""button"" aria-pressed={on} onClick={() => toggle(user.id)} className={cn('hq-dir-notify-user', on && 'hq-dir-notify-user-on')} data-testid={`hq-system-notify-user-${user.id}`} >"
"src/app/components/admin/HqTrustedDevicesPanel.tsx",209,1,"button",1,0,"B0-SAFE-explicit-type-button","","<button type=""button"" disabled={busyId === device.id} onClick={() => void onRevoke(device)} className=""min-h-11 shrink-0 rounded-lg border border-red-500/30 bg-red-500/10 px-4 text-sm font-bold text-red-400 disabled:opacity-50"" >"
"src/app/components/admin/HqVerificationDocPeek.tsx",220,1,"button",1,0,"B0-SAFE-explicit-type-button","","<button type=""button"" className=""hq-btn hq-btn-ghost min-h-11 px-3"" onClick={onClose} aria-label=""إغلاق المعاينة"" data-testid=""hq-verify-peek-close"" >"
"src/app/components/admin/HqVerificationDocPeek.tsx",282,1,"button",1,0,"B0-SAFE-explicit-type-button","","<button type=""button"" className=""hq-verify-tool"" onClick={() => goAttached(-1)} disabled={attachedIndexes.length < 2} aria-label=""الوثيقة السابقة"" >"
"src/app/components/admin/HqVerificationDocPeek.tsx",292,1,"button",1,0,"B0-SAFE-explicit-type-button","","<button type=""button"" className=""hq-verify-tool"" onClick={() => zoomBy(-SCALE_STEP)} disabled={!active?.src || scale <= SCALE_MIN} aria-label=""تصغير"" data-testid=""hq-verify-zoom-out"" >"
"src/app/components/admin/HqVerificationDocPeek.tsx",302,1,"button",1,0,"B0-SAFE-explicit-type-button","","<button type=""button"" className=""hq-verify-tool hq-verify-tool-pct"" onClick={resetView} disabled={!active?.src || scale <= SCALE_MIN} aria-label=""إعادة الحجم"" >"
"src/app/components/admin/HqVerificationDocPeek.tsx",311,1,"button",1,0,"B0-SAFE-explicit-type-button","","<button type=""button"" className=""hq-verify-tool"" onClick={() => zoomBy(SCALE_STEP)} disabled={!active?.src || scale >= SCALE_MAX} aria-label=""تكبير"" data-testid=""hq-verify-zoom-in"" >"
"src/app/components/admin/HqVerificationDocPeek.tsx",321,1,"button",1,0,"B0-SAFE-explicit-type-button","","<button type=""button"" className=""hq-verify-tool"" aria-pressed={immersive} onClick={() => setImmersive((prev) => !prev)} aria-label={immersive ? 'إغلاق العرض الكامل' : 'عرض كامل للشاشة'} data-testid=""hq-verify-immersive"" >"
"src/app/components/admin/HqVerificationDocPeek.tsx",332,1,"button",1,0,"B0-SAFE-explicit-type-button","","<button type=""button"" className=""hq-verify-tool"" onClick={() => goAttached(1)} disabled={attachedIndexes.length < 2} aria-label=""الوثيقة التالية"" >"
"src/app/components/admin/HqVerificationDocPeek.tsx",345,1,"button",1,0,"B0-SAFE-explicit-type-button","","<button key={slot.label} type=""button"" role=""tab"" aria-selected={index === activeIndex} aria-label={slot.src ? `${slot.label} — فتح بالحجم الكامل` : `${slot.label} غير مرفق`} disabled={!slot.src} className={cn( 'hq-verify-thumb', index "
"src/app/components/admin/HqVerificationRequestCard.tsx",121,1,"button",1,0,"B0-SAFE-explicit-type-button","","<button type=""button"" onClick={onPeekDocs} className=""hq-btn hq-btn-ghost hq-verify-action"" data-testid=""hq-verify-peek-open"" >"
"src/app/components/admin/HqVerificationRequestCard.tsx",134,1,"button",1,0,"B0-SAFE-explicit-type-button","","<button type=""button"" onClick={onInspect} className=""hq-btn hq-btn-ghost hq-verify-action"">"
"src/app/components/admin/HqVerificationRequestCard.tsx",155,1,"button",1,0,"B0-SAFE-explicit-type-button","","<button type=""button"" disabled={busy || !canApprove} onClick={onApprove} className=""hq-verify-approve"" title={ canApprove ? undefined : 'القبول يحتاج وجه وظهر هوية النقابة' } aria-label={ canApprove ? undefined : 'القبول يحتاج وجه وظهر "
"src/app/components/admin/HqVerificationRequestCard.tsx",172,1,"button",1,0,"B0-SAFE-explicit-type-button","","<button type=""button"" disabled={busy} onClick={rejectOpen ? onReject : onToggleReject} className=""hq-verify-deny"" >"
"src/app/components/admin/RequireTrustedDevice.tsx",241,1,"button",1,0,"B0-SAFE-explicit-type-button","","<button type=""button"" className={authGatePrimaryBtnClass} data-testid=""admin-otp-session-login"" onClick={() => onSessionRequiredRef.current?.()} >"
"src/app/components/admin/RequireTrustedDevice.tsx",250,1,"button",1,0,"B0-SAFE-explicit-type-button","","<button type=""button"" className={authGatePrimaryBtnClass} data-testid=""admin-otp-retry-probe"" onClick={() => { autoStartedRef.current = false; setError(null); setVerifyNeedsLogin(false); setPhase('checking'); setProbeEpoch((n) => n + 1)"
"src/app/components/admin/RequireTrustedDevice.tsx",296,1,"button",1,0,"B0-SAFE-explicit-type-button","","<button type=""button"" className={authGatePrimaryBtnClass} data-testid=""admin-otp-session-login"" onClick={() => onSessionRequiredRef.current?.()} >"
"src/app/components/admin/RequireTrustedDevice.tsx",305,1,"button",1,0,"B0-SAFE-explicit-type-button","","<button type=""button"" disabled={busy} onClick={() => void handleRequestOtp()} className={authGatePrimaryBtnClass} data-testid=""admin-otp-request"" aria-busy={busy || undefined} >"
"src/app/components/admin/RequireTrustedDevice.tsx",370,1,"button",1,1,"B0-SAFE-explicit-type-button","","<button type=""button"" className={authGatePrimaryBtnClass} data-testid=""admin-otp-session-login"" onClick={() => onSessionRequiredRef.current?.()} >"
"src/app/components/admin/RequireTrustedDevice.tsx",379,1,"submit",0,1,"B1-SAFE-explicit-type-submit","inside_form=true","<button type=""submit"" disabled={busy || otp.replace(/\D/g, '').length !== 6} className={authGatePrimaryBtnClass} data-testid=""admin-otp-verify"" aria-busy={busy || undefined} >"
"src/app/components/admin/RequireTrustedDevice.tsx",390,1,"button",1,1,"B0-SAFE-explicit-type-button","","<button type=""button"" disabled={busy} onClick={handleBackToRequest} className={authGateGhostBtnClass} data-testid=""admin-otp-back"" >"
"src/app/components/AdminDashboard.tsx",281,1,"button",1,0,"B0-SAFE-explicit-type-button","","<button type=""button"" className={cn( 'hami-hq-chip hidden sm:inline-flex', typeof pendingVerificationDisplay === 'number' && pendingVerificationDisplay > 0 && 'hami-hq-chip-alert', )} onClick={() => jumpTo('requests', { verificationStatus"
"src/app/components/AdminDashboard.tsx",294,1,"button",1,0,"B0-SAFE-explicit-type-button","","<button type=""button"" className={cn( 'hami-hq-chip hidden sm:inline-flex', typeof pendingReportsDisplay === 'number' && pendingReportsDisplay > 0 && 'hami-hq-chip-alert', )} onClick={() => jumpTo('reports', { reportFocus: 'all' })} >"
"src/app/components/AdminDashboard.tsx",306,1,"button",1,0,"B0-SAFE-explicit-type-button","","<button type=""button"" onClick={() => void handleEndSession()} disabled={endingSession} className=""hami-hq-logout"" aria-label=""إنهاء الجلسة"" title=""ينسى هذا الجهاز ويطلب الرمز في الدخول التالي للمقر"" data-testid=""hq-end-session"" >"
"src/app/components/AdminDashboard.tsx",425,1,"button",1,0,"B0-SAFE-explicit-type-button","","<button type=""button"" onClick={onClick} onPointerEnter={onWarm} onFocus={onWarm} aria-label={label} aria-current={active ? 'page' : undefined} aria-keyshortcuts={shortcut} title={shortcut ? `${label} (${shortcut})` : label} className=""ha"
"src/app/components/lawyer/ActionModals/VoiceRecorderErrorBoundary.tsx",23,1,"button",1,0,"B0-SAFE-explicit-type-button","","<button type=""button"" onClick={onClose} data-testid=""voice-recorder-error-close"" className=""min-h-[48px] px-8 rounded-2xl bg-[#E6C673]/12 text-[#E6C673] border border-[#E6C673]/25 active:bg-[#E6C673]/20 transition-colors text-sm font-b"
"src/app/components/lawyer/ActionModals/VoiceRecorderModalView.tsx",79,1,"button",1,0,"B0-SAFE-explicit-type-button","","<button type=""button"" onClick={requestClose} data-testid=""voice-recorder-close"" aria-label=""إغلاق"" className=""flex min-h-[44px] min-w-[44px] shrink-0 items-center justify-center rounded-full border border-[#D9CFC0]/12 bg-[#132238]/85"
"src/app/components/lawyer/ActionModals/VoiceRecorderModalView.tsx",100,1,"button",1,0,"B0-SAFE-explicit-type-button","","<button type=""button"" onClick={() => void startRecording()} className=""inline-flex min-h-[44px] items-center justify-center rounded-xl border border-amber-300/35 bg-amber-500/15 px-4 text-xs font-bold text-amber-50 hover:bg-amber-500/22 "
"src/app/components/lawyer/ActionModals/VoiceRecorderModalView.tsx",197,1,"button",1,0,"B0-SAFE-explicit-type-button","","<button type=""button"" onClick={resetRecording} data-testid=""voice-recorder-reset"" className=""flex w-full min-h-[44px] items-center justify-center gap-2 rounded-2xl border border-[#D9CFC0]/12 bg-[#132238]/55 py-2.5 text-xs font-bold tex"
"src/app/components/lawyer/ActionModals/VoiceRecorderModalView.tsx",211,1,"button",1,0,"B0-SAFE-explicit-type-button","","<button type=""button"" disabled={isSaving} aria-busy={isSaving || undefined} onClick={handlePrimaryAction} data-testid={ isRecording || isSaving ? 'voice-recorder-stop' : savedToNotepad ? 'voice-recorder-done' : result ? 'voice-recorder-ne"
"src/app/components/lawyer/AppLockOverlay.tsx",124,1,"button",1,0,"B0-SAFE-explicit-type-button","","<button type=""button"" disabled={busy} onPointerDown={(event) => { if (event.button !== 0 || busy) return; event.preventDefault(); void handleBiometric(); }} onClick={(event) => { event.preventDefault(); if (busy) return; void handleBiomet"
"src/app/components/lawyer/AppLockOverlay.tsx",143,1,"button",1,0,"B0-SAFE-explicit-type-button","","<button type=""button"" disabled={busy} onPointerDown={(event) => { if (event.button !== 0 || busy) return; event.preventDefault(); event.stopPropagation(); handleContinue(); }} onClick={(event) => { event.preventDefault(); if (busy) return"
"src/app/components/lawyer/AppLockOverlay.tsx",166,1,"button",1,0,"B0-SAFE-explicit-type-button","","<button type=""button"" data-testid=""app-lock-forgot-verify"" onPointerDown={(event) => { if (event.button !== 0 || logoutArmedRef.current) return; event.preventDefault(); logoutArmedRef.current = true; SmartToast.info( 'سيُغلق القفل. استع"
"src/app/components/lawyer/AppLockOverlay.tsx",192,1,"button",1,0,"B0-SAFE-explicit-type-button","","<button type=""button"" onPointerDown={(event) => { if (event.button !== 0 || logoutArmedRef.current) return; event.preventDefault(); logoutArmedRef.current = true; onLogout(); }} onClick={(event) => { event.preventDefault(); if (logoutArme"
"src/app/components/lawyer/ArchivePortal/components/ArchiveDossierToolbar.tsx",111,1,"button",1,0,"B0-SAFE-explicit-type-button","","<button type=""button"" data-testid=""archive-jurisdiction-filters-toggle"" aria-expanded={filtersOpen} aria-controls={panelId} onClick={() => setFiltersOpen((open) => !open)} className={`flex shrink-0 items-center gap-1.5 border-l border-w"
"src/app/components/lawyer/ArchivePortal/components/ArchiveDossierToolbar.tsx",156,1,"button",1,0,"B0-SAFE-explicit-type-button","","<button type=""button"" title=""عرض شبكي"" aria-pressed={viewMode === 'grid'} onClick={() => onViewModeChange('grid')} className={`inline-flex min-h-[44px] min-w-[44px] items-center justify-center rounded-lg transition-colors touch-manipula"
"src/app/components/lawyer/ArchivePortal/components/ArchiveDossierToolbar.tsx",169,1,"button",1,0,"B0-SAFE-explicit-type-button","","<button type=""button"" title=""عرض مضغوط"" aria-pressed={viewMode === 'compact'} onClick={() => onViewModeChange('compact')} className={`inline-flex min-h-[44px] min-w-[44px] items-center justify-center rounded-lg transition-colors touch-m"
"src/app/components/lawyer/ArchivePortal/components/ArchiveDossierToolbar.tsx",202,1,"button",1,0,"B0-SAFE-explicit-type-button","","<button type=""button"" role=""tab"" aria-selected={lifecycleViewMode === 'active'} data-testid=""lawsuits-view-active"" onClick={() => onLifecycleViewModeChange?.('active')} className={`min-h-[44px] rounded-xl px-3 text-[11px] font-bold to"
"src/app/components/lawyer/ArchivePortal/components/ArchiveDossierToolbar.tsx",216,1,"button",1,0,"B0-SAFE-explicit-type-button","","<button type=""button"" role=""tab"" aria-selected={lifecycleViewMode === 'archived'} data-testid=""lawsuits-view-archived"" onClick={() => onLifecycleViewModeChange?.('archived')} className={`inline-flex min-h-[44px] items-center gap-1.5 r"
"src/app/components/lawyer/ArchivePortal/components/ArchiveDossierToolbar.tsx",236,1,"button",1,0,"B0-SAFE-explicit-type-button","","<button type=""button"" role=""tab"" aria-selected={lifecycleViewMode === 'trash'} data-testid=""lawsuits-trash-toggle"" onClick={() => onLifecycleViewModeChange?.('trash')} className={`inline-flex min-h-[44px] items-center gap-1.5 rounded-"
"src/app/components/lawyer/ArchivePortal/components/ArchiveDossierToolbar.tsx",274,1,"button",1,0,"B0-SAFE-explicit-type-button","","<button key={tab.id} type=""button"" role=""tab"" aria-selected={isActive} title={tab.full} data-testid={ isCriminal ? 'archive-tab-criminal' : `archive-jurisdiction-${tab.id}` } onClick={() => onJurisdictionTabChange(tab.id)} onPointerEnte"
"src/app/components/lawyer/ArchivePortal/components/archiveLifecycleSegmentUi.tsx",30,1,"button",1,0,"B0-SAFE-explicit-type-button","","<button type=""button"" data-testid={testId} aria-label={ariaLabel} aria-pressed={active} title={ariaLabel} onClick={onClick} className={`${baseClassName} inline-flex items-center justify-center gap-1.5 ${ iconOnly ? 'min-h-[44px] min-w-[44"
"src/app/components/lawyer/ArchivePortal/components/ArchivePortalConfirmDialog.tsx",122,1,"button",1,0,"B0-SAFE-explicit-type-button","","<button type=""button"" data-testid={cancelTestId} disabled={pending} onClick={(e) => { e.stopPropagation(); if (confirmInFlightRef.current || pending) return; onCancel(); }} className={BTN_GHOST} >"
"src/app/components/lawyer/ArchivePortal/components/ArchivePortalConfirmDialog.tsx",135,1,"button",1,0,"B0-SAFE-explicit-type-button","","<button type=""button"" data-testid={confirmTestId} disabled={pending} aria-busy={pending || undefined} onClick={(e) => { e.stopPropagation(); if (confirmInFlightRef.current || pending) return; const result = onConfirm(); if (result && type"
"src/app/components/lawyer/ArchivePortal/components/ArchivePortalExecutionPreviewModal.tsx",109,1,"button",1,0,"B0-SAFE-explicit-type-button","","<button type=""button"" onClick={onClose} aria-label=""إغلاق تفاصيل الإضبارة"" className=""p-2 rounded-lg min-h-[44px] min-w-[44px] touch-manipulation"" >"
"src/app/components/lawyer/ArchivePortal/components/ArchivePortalExecutionPreviewModal.tsx",204,1,"button",1,0,"B0-SAFE-explicit-type-button","","<button type=""button"" onClick={() => { warmExecutionDossierFromArchiveCard('urgent'); onOpenFull(file); }} className=""w-full min-h-[44px] rounded-xl bg-[#E6C673] text-[#0B1021] font-bold text-sm touch-manipulation"" >"
"src/app/components/lawyer/ArchivePortal/components/ArchivePortalTrashBulkBar.tsx",26,1,"button",1,0,"B0-SAFE-explicit-type-button","","<button type=""button"" data-testid={selectAllTestId} onClick={onSelectAll} className=""text-xs font-bold text-slate-300 border border-white/15 rounded-lg px-3 py-2 min-h-[44px] hover:bg-white/5 touch-manipulation"" >"
"src/app/components/lawyer/ArchivePortal/components/ArchivePortalTrashBulkBar.tsx",34,1,"button",1,0,"B0-SAFE-explicit-type-button","","<button type=""button"" onClick={onClearSelection} className=""text-xs font-bold text-slate-400 border border-white/10 rounded-lg px-3 py-2 min-h-[44px] hover:bg-white/5 touch-manipulation"" >"
"src/app/components/lawyer/ArchivePortal/components/ArchivePortalTrashBulkBar.tsx",43,1,"button",1,0,"B0-SAFE-explicit-type-button","","<button type=""button"" data-testid={permanentDeleteTestId} disabled={selectedCount === 0} onClick={onBeginPermanentDelete} className=""text-xs font-bold rounded-xl px-4 py-2.5 min-h-[44px] border border-rose-500/50 bg-rose-950/50 text-rose"
"src/app/components/lawyer/ArchivePortal/components/CriminalArchiveCard.tsx",88,1,"button",1,0,"B0-SAFE-explicit-type-button","","<button type=""button"" data-testid={CRIMINAL_DOSSIER_TEST_IDS.caseCard(String(record.id))} onClick={() => { prefetchCriminalDashboard(); onOpen(); }} onPointerEnter={() => prefetchCriminalListPath()} onFocus={() => prefetchCriminalListPath"
"src/app/components/lawyer/ArchivePortal/components/ExecutionArchiveCardPin.tsx",89,1,"button",1,0,"B0-SAFE-explicit-type-button","","<button type=""button"" title={pinTitle} aria-label={pinned ? 'إلغاء تثبيت البطاقة' : 'تثبيت الإضبارة'} aria-pressed={pinned} data-testid={`workspace-pin-${item.type}-${item.id}`} onClick={onClick} className={`shrink-0 inline-flex h-11 min-"
"src/app/components/lawyer/ArchivePortal/components/ExecutionArchiveToolbar.tsx",71,1,"button",1,0,"B0-SAFE-explicit-type-button","","<button key={tab.id} type=""button"" role=""tab"" aria-selected={isActive} data-testid={`${testIdPrefix}-${tab.id}`} onClick={() => onChange(tab.id)} className={`${EXECUTION_SEGMENT_BTN_BASE} inline-flex flex-1 sm:flex-none items-center jus"
"src/app/components/lawyer/ArchivePortal/components/ExecutionArchiveToolbar.tsx",204,1,"button",1,0,"B0-SAFE-explicit-type-button","","<button type=""button"" data-testid=""execution-archive-filters-toggle"" aria-label={filtersExpanded ? 'إخفاء التصنيفات' : 'إظهار التصنيفات'} aria-expanded={filtersExpanded} aria-controls={filtersPanelId} title=""تصنيفات الإضبارة"" onClick="
"src/app/components/lawyer/ArchivePortal/components/ExecutionArchiveToolbar.tsx",227,1,"button",1,0,"B0-SAFE-explicit-type-button","","<button type=""button"" onClick={() => setFiltersExpanded(true)} className=""mt-2 flex w-full flex-wrap items-center gap-1.5 text-right"" data-testid=""execution-archive-active-filters-summary"" >"
"src/app/components/lawyer/ArchivePortal/components/ExecutionArchiveToolbar.tsx",264,1,"button",1,0,"B0-SAFE-explicit-type-button","","<button key={chip.id} type=""button"" role=""tab"" aria-selected={isActive} data-testid={`execution-archive-chip-${chip.id}`} onClick={() => onDossierStatusFilterChange(chip.id)} className={`${ARCHIVE_CHIP_BASE} ${ isActive ? EXECUTION_FILT"
"src/app/components/lawyer/ArchivePortal/components/ExecutionSmartCardBody.tsx",169,1,"button",1,0,"B0-SAFE-explicit-type-button","","<button type=""button"" aria-checked={selected} role=""checkbox"" onClick={onToggleSelect} className={`flex min-h-[44px] min-w-[44px] items-center justify-center rounded-lg border touch-manipulation ${ selected ? 'border-[#E6C673]/45 bg-[#E"
"src/app/components/lawyer/ArchivePortal/components/ExecutionSmartCardBody.tsx",221,1,"button",1,0,"B0-SAFE-explicit-type-button","","<button type=""button"" onClick={onRestoreFromTrash} className={`${outlineTextActionClassName('success')} w-full justify-center`} >"
"src/app/components/lawyer/ArchivePortal/components/ExecutionSmartCardBody.tsx",231,1,"button",1,0,"B0-SAFE-explicit-type-button","","<button type=""button"" onClick={onRestoreFromArchive} className={`${outlineTextActionClassName('success')} w-full justify-center`} >"
"src/app/components/lawyer/ArchivePortal/components/ExecutionSmartCardBody.tsx",240,1,"button",1,0,"B0-SAFE-explicit-type-button","","<button type=""button"" data-testid=""execution-smart-card-preview"" onClick={(event) => { event.stopPropagation(); warmExecutionDossierFromArchiveCard('urgent'); onPreview(); }} className={`${outlineTextActionClassName('accent')} w-full ju"
"src/app/components/lawyer/ArchivePortal/components/executionSmartCardChrome.tsx",58,1,"button",1,0,"B0-SAFE-explicit-type-button","","<button type=""button"" {...rest} onPointerDown={stopToolbarPointerEvent} onMouseDown={stopToolbarPointerEvent} onClick={(event) => fireToolbarAction(event, onAction)} className={className} >"
"src/app/components/lawyer/ArchivePortal/components/LawsuitArchiveCard.tsx",208,1,"button",1,0,"B0-SAFE-explicit-type-button","","<button type=""button"" role=""checkbox"" aria-checked={selected} aria-label={selected ? 'إلغاء تحديد الإضبارة' : 'تحديد الإضبارة للحذف النهائي'} title={selected ? 'إلغاء التحديد' : 'تحديد للحذف النهائي'} data-testid={actionTestId('select')"
"src/app/components/lawyer/ArchivePortal/components/LawsuitArchiveFileGrid.tsx",257,1,"button",1,0,"B0-SAFE-explicit-type-button","","<button type=""button"" role=""checkbox"" aria-checked={selectedTrashIds.has(fileId)} aria-label={ selectedTrashIds.has(fileId) ? 'إلغاء تحديد الإضبارة' : 'تحديد الإضبارة للحذف النهائي' } data-testid={`${LAWSUIT_VAULT_TEST_IDS.lawsuitFilePr"
"src/app/components/lawyer/ArchivePortal/components/LawsuitArchiveFileGrid.tsx",279,1,"button",1,0,"B0-SAFE-explicit-type-button","","<button type=""button"" onPointerEnter={() => prepareLawsuitDossierChromeOnce()} onPointerDown={() => prepareLawsuitDossierChrome()} onFocus={() => prepareLawsuitDossierChromeOnce()} onClick={() => onFileClick(file)} className=""min-w-0 fle"
"src/app/components/lawyer/ArchivePortal/components/UnifiedDossierCard.tsx",312,1,"button",1,0,"B0-SAFE-explicit-type-button","","<button key={action.id} type=""button"" aria-label={action.label} title={action.label} data-testid={action.testId} onClick={(event) => { event.preventDefault(); event.stopPropagation(); action.onClick(event); }} className={`inline-flex min-"
"src/app/components/lawyer/ArchivePortal/ExecutionArchiveChrome.tsx",171,1,"button",1,0,"B0-SAFE-explicit-type-button","","<button type=""button"" onClick={onClose} aria-label=""إغلاق مخزن الإضابير"" className=""shrink-0 inline-flex items-center justify-center min-h-[44px] min-w-[44px] p-2 rounded-lg bg-slate-800/60 hover:bg-slate-700/80 text-white/80 hover:tex"
"src/app/components/lawyer/ArchivePortal/ExecutionArchiveChrome.tsx",278,1,"button",1,0,"B0-SAFE-explicit-type-button","","<button type=""button"" data-testid=""executions-add-new"" onClick={onAddAction} onPointerEnter={() => { void import('@/app/runtime/executionCreationLoader') .then((m) => m.prefetchExecutionCreationSurface()) .catch(() => undefined); }} tit"
"src/app/components/lawyer/ArchivePortal/LawsuitArchiveChrome.tsx",223,1,"button",1,0,"B0-SAFE-explicit-type-button","","<button type=""button"" onClick={onClose} aria-label=""إغلاق مخزن الإضابير"" className=""shrink-0 inline-flex items-center justify-center min-h-[44px] min-w-[44px] rounded-full border border-white/10 bg-white/5 hover:bg-white/10 text-white/"
"src/app/components/lawyer/ArchivePortal/LawsuitArchiveChrome.tsx",269,1,"button",1,0,"B0-SAFE-explicit-type-button","","<button type=""button"" data-testid=""lawsuits-add-new"" onClick={onAddAction} title={ lawsuitJurisdictionTab === 'criminal' ? 'إنشاء إضبارة جزائية جديدة' : 'إضافة ملف قضائي جديد' } aria-label={ lawsuitJurisdictionTab === 'criminal' ? 'إنشا"
"src/app/components/lawyer/caseShare/CaseShareEndSessionButton.tsx",51,1,"button",1,0,"B0-SAFE-explicit-type-button","","<button type=""button"" data-testid=""case-share-end-session-btn"" disabled={busy} onClick={(e) => void handleEnd(e)} className={ className || (compact ? 'py-2 px-3 rounded-xl bg-red-500/10 text-red-300 text-xs font-bold flex items-center j"
"src/app/components/lawyer/caseShare/ColleagueConsultationFlow.tsx",224,1,"button",1,0,"B0-SAFE-explicit-type-button","","<button type=""button"" aria-label=""إغلاق"" className=""absolute inset-0 bg-black/70 touch-manipulation"" onClick={onClose} />"
"src/app/components/lawyer/caseShare/ColleagueConsultationFlow.tsx",256,1,"button",1,0,"B0-SAFE-explicit-type-button","","<button type=""button"" onClick={onClose} className=""inline-flex min-h-[44px] min-w-[44px] items-center justify-center rounded-full text-white/45 hover:bg-white/5 hover:text-white touch-manipulation"" aria-label=""إغلاق"" >"
"src/app/components/lawyer/caseShare/ColleagueConsultationFlow.tsx",279,1,"button",1,0,"B0-SAFE-explicit-type-button","","<button type=""button"" onClick={reloadColleagues} className={`${btnGhost} mx-auto inline-flex items-center justify-center gap-1.5 px-4`} >"
"src/app/components/lawyer/caseShare/ColleagueConsultationFlow.tsx",290,1,"button",1,0,"B0-SAFE-explicit-type-button","","<button key={c.id} type=""button"" onClick={() => setSelectedId(c.id)} className={`w-full min-h-[44px] flex items-center gap-2.5 rounded-xl border px-3 py-2.5 text-right touch-manipulation transition-colors ${ selectedId === c.id ? 'border-"
"src/app/components/lawyer/caseShare/ColleagueConsultationFlow.tsx",395,1,"button",1,0,"B0-SAFE-explicit-type-button","","<button type=""button"" onClick={() => setStep(step === 'confirm' ? 'privacy' : 'target')} className={`${btnGhost} inline-flex items-center gap-1`} >"
"src/app/components/lawyer/caseShare/ColleagueConsultationFlow.tsx",403,1,"button",1,0,"B0-SAFE-explicit-type-button","","<button type=""button"" onClick={reloadColleagues} disabled={loadingColleagues} className={`${btnGhost} inline-flex items-center gap-1.5`} aria-label=""تحديث القائمة"" >"
"src/app/components/lawyer/caseShare/ColleagueConsultationFlow.tsx",413,1,"button",1,0,"B0-SAFE-explicit-type-button","","<button type=""button"" disabled={(step === 'target' && !selectedId) || submitting} onClick={() => { if (step === 'target') setStep('privacy'); else if (step === 'privacy') setStep('confirm'); else void handleSend(); }} className={`${btnPri"
"src/app/components/lawyer/caseShare/ColleagueConsultationHeaderButton.tsx",25,1,"button",1,0,"B0-SAFE-explicit-type-button","","<button type=""button"" data-testid=""colleague-consultation-trigger"" onClick={(event) => { event.stopPropagation(); consultation.openConsultation(); }} onPointerEnter={prefetchColleagueConsultationFlow} onFocus={prefetchColleagueConsultat"
"src/app/components/lawyer/caseShare/ColleagueShareCatalogPicker.tsx",39,1,"button",1,0,"B0-SAFE-explicit-type-button","","<button key={o.id} type=""button"" onClick={() => onPick(o.id)} className={`px-2.5 py-1 min-h-[44px] min-w-[44px] rounded-md text-[10px] font-bold border transition-colors touch-manipulation ${ mode === o.id ? 'bg-[#E6C673]/15 text-[#E6C673"
"src/app/components/lawyer/caseShare/ColleagueShareCatalogPicker.tsx",112,1,"button",1,0,"B0-SAFE-explicit-type-button","","<button type=""button"" className=""flex-1 min-w-0 min-h-[44px] text-right flex items-center gap-2 touch-manipulation"" onClick={() => mode === 'pick' ? setExpanded((e) => ({ ...e, [section.key]: !isOpen })) : undefined } >"
"src/app/components/lawyer/caseShare/SharedDossierViewer.tsx",110,1,"button",1,0,"B0-SAFE-explicit-type-button","","<button type=""button"" onClick={onClose} className=""min-w-[44px] min-h-[44px] w-11 h-11 rounded-full bg-white/5 text-white/50 flex items-center justify-center shrink-0 touch-manipulation"" aria-label=""إغلاق"">"
"src/app/components/lawyer/CommunityScreen/CommunityErrorBoundary.tsx",54,1,"button",1,0,"B0-SAFE-explicit-type-button","","<button type=""button"" data-testid=""forum-error-retry"" onClick={this.handleRetry} className={`inline-flex items-center gap-2 px-5 py-2.5 rounded-xl text-sm font-bold ${FORUM_PUBLISH_BTN}`} >"
"src/app/components/lawyer/CommunityScreen/components/AddQuestionSheetOptions.tsx",31,1,"button",1,0,"B0-SAFE-explicit-type-button","","<button type=""button"" onClick={() => onNewIsUrgentChange(!newIsUrgent)} className={`${FORUM_OPTION_ROW} justify-between ${ newIsUrgent ? FORUM_OPTION_ROW_URGENT_ACTIVE : FORUM_OPTION_ROW_IDLE }`} >"
"src/app/components/lawyer/CommunityScreen/components/AddQuestionSheetOptions.tsx",66,1,"button",1,0,"B0-SAFE-explicit-type-button","","<button type=""button"" onClick={() => onNewIsAnonymousChange(!newIsAnonymous)} className={`${FORUM_OPTION_ROW} justify-between ${ newIsAnonymous ? FORUM_OPTION_ROW_ACTIVE : FORUM_OPTION_ROW_IDLE }`} >"
"src/app/components/lawyer/CommunityScreen/components/AddQuestionSheetPreview.tsx",27,1,"button",1,0,"B0-SAFE-explicit-type-button","","<button type=""button"" onClick={onRemoveAttachment} className=""absolute -top-2 -right-2 w-5 h-5 bg-red-500 rounded-full flex items-center justify-center text-white border border-[#25293C]"" >"
"src/app/components/lawyer/CommunityScreen/components/AddQuestionSheetPreview.tsx",44,1,"button",1,0,"B0-SAFE-explicit-type-button","","<button type=""button"" onClick={onRemoveAttachment} className=""absolute -top-2 -right-2 w-5 h-5 bg-red-500 rounded-full flex items-center justify-center text-white border border-[#25293C]"" >"
"src/app/components/lawyer/CommunityScreen/components/AddQuestionSheetPreview.tsx",56,1,"button",1,0,"B0-SAFE-explicit-type-button","","<button type=""button"" onClick={onRemoveAttachment} className=""absolute -top-2 -right-2 w-5 h-5 bg-red-500 rounded-full flex items-center justify-center text-white border border-[#25293C]"" >"
"src/app/components/lawyer/CommunityScreen/components/AddQuestionSheetPublishRow.tsx",23,1,"button",1,0,"B0-SAFE-explicit-type-button","","<button type=""button"" onClick={() => void onToggleVoiceRecording()} disabled={isRecordingVoice} data-testid=""forum-add-question-voice-btn"" className={`w-14 h-[55px] rounded-xl border flex flex-col items-center justify-center transition-"
"src/app/components/lawyer/CommunityScreen/components/AddQuestionSheetPublishRow.tsx",44,1,"button",1,0,"B0-SAFE-explicit-type-button","","<button type=""button"" onClick={() => { if (submittingPost) return; void onSubmit(); }} disabled={submittingPost || isRecordingVoice} aria-busy={submittingPost || undefined} className={`flex-1 h-[55px] rounded-xl flex items-center justify-"
"src/app/components/lawyer/CommunityScreen/components/CommentBottomSheetHeader.tsx",58,1,"button",1,0,"B0-SAFE-explicit-type-button","","<button type=""button"" onClick={onClose} className={FORUM_ICON_BTN} aria-label=""إغلاق"">"
"src/app/components/lawyer/CommunityScreen/components/CommentSheetComposer.tsx",55,1,"button",1,0,"B0-SAFE-explicit-type-button","","<button type=""button"" onClick={onCancelReply} className=""min-h-[44px] min-w-[44px] rounded-full bg-white/5 hover:bg-white/10 text-white/50 hover:text-white flex items-center justify-center touch-manipulation"" title=""إلغاء الرد"" >"
"src/app/components/lawyer/CommunityScreen/components/CommentSheetComposer.tsx",101,1,"button",1,0,"B0-SAFE-explicit-type-button","","<button type=""button"" className={`min-h-[44px] min-w-[44px] touch-manipulation p-3 rounded-xl transition-all ${comment.trim() && !submittingComment && !isLocked ? FORUM_PUBLISH_BTN : FORUM_PUBLISH_BTN_DISABLED}`} aria-disabled={!comment.t"
"src/app/components/lawyer/CommunityScreen/components/CommunityScreenAccessGate.tsx",85,1,"button",1,0,"B0-SAFE-explicit-type-button","","<button type=""button"" className=""w-full min-h-[44px] rounded-lg bg-[#E6C673] px-4 py-2.5 font-bold text-[#1a1020]"" data-testid=""forum-access-go-login"" onClick={() => { onBack?.(); requestAuthGateFromGuest('login'); }} >"
"src/app/components/lawyer/CommunityScreen/components/CommunityScreenAccessGate.tsx",96,1,"button",1,0,"B0-SAFE-explicit-type-button","","<button type=""button"" className=""w-full min-h-[44px] rounded-lg border border-[#E6C673]/40 bg-transparent px-4 py-2.5 font-semibold text-[#E6C673]"" data-testid=""forum-access-go-register"" onClick={() => { onBack?.(); requestAuthGateFro"
"src/app/components/lawyer/CommunityScreen/components/CommunityScreenAccessGatePanel.tsx",13,1,"button",1,0,"B0-SAFE-explicit-type-button","","<button type=""button"" onClick={onBack} className={`absolute top-[max(0.75rem,env(safe-area-inset-top))] end-[max(1rem,env(safe-area-inset-right))] z-10 ${FORUM_ICON_BTN}`} aria-label=""رجوع"" data-testid=""forum-access-back"" >"
"src/app/components/lawyer/CommunityScreen/components/CommunityScreenForumFeedPane.tsx",33,1,"button",1,0,"B0-SAFE-explicit-type-button","","<button type=""button"" onClick={() => onForumFeedScopeChange('all')} className=""min-h-[44px] min-w-[44px] inline-flex items-center justify-center text-[10px] text-[#9AA3B2] hover:text-[#E6C673] font-bold touch-manipulation"" >"
"src/app/components/lawyer/CommunityScreen/components/CreateGroupModal.tsx",81,1,"button",1,1,"B0-SAFE-explicit-type-button","","<button type=""button"" onClick={onClose} className={FORUM_ICON_BTN} aria-label=""إغلاق"">"
"src/app/components/lawyer/CommunityScreen/components/CreateGroupModal.tsx",117,1,"submit",0,1,"B1-SAFE-explicit-type-submit","inside_form=true","<button type=""submit"" disabled={submitting} aria-busy={submitting || undefined} className={`w-full h-[52px] rounded-xl font-bold text-lg touch-manipulation ${ submitting ? FORUM_PUBLISH_BTN_DISABLED : FORUM_PUBLISH_BTN }`} >"
"src/app/components/lawyer/CommunityScreen/components/EditPostModal.tsx",48,1,"button",1,0,"B0-SAFE-explicit-type-button","","<button type=""button"" onClick={onCancel} className={FORUM_ICON_BTN} aria-label=""إغلاق التعديل"">"
"src/app/components/lawyer/CommunityScreen/components/EditPostModal.tsx",59,1,"button",1,0,"B0-SAFE-explicit-type-button","","<button type=""button"" onClick={onCancel} className={`flex-1 h-12 ${FORUM_GHOST_BTN} font-bold`} disabled={savingEdit} >"
"src/app/components/lawyer/CommunityScreen/components/EditPostModal.tsx",67,1,"button",1,0,"B0-SAFE-explicit-type-button","","<button type=""button"" onClick={() => void onSave()} className={`flex-1 h-12 rounded-xl font-bold ${ savingEdit ? FORUM_PUBLISH_BTN_DISABLED : FORUM_PUBLISH_BTN }`} disabled={savingEdit} aria-busy={savingEdit || undefined} >"
"src/app/components/lawyer/CommunityScreen/components/ForumAppBar.tsx",68,1,"button",1,0,"B0-SAFE-explicit-type-button","","<button type=""button"" data-testid=""forum-back"" onClick={onBack} className={`${FORUM_APP_BAR_ICON} text-[#9AA3B2] hover:text-[#E6C673] shrink-0`} aria-label=""رجوع"" >"
"src/app/components/lawyer/CommunityScreen/components/ForumAppBarFilterTriggers.tsx",38,1,"button",1,0,"B0-SAFE-explicit-type-button","","<button ref={forumFilterTriggerRef as Ref<HTMLButtonElement>} type=""button"" onClick={onForumFilterToggle} onPointerEnter={onPrefetch} onPointerDown={onPrefetch} aria-label=""تصنيفات المنتدى"" aria-expanded={showForumFilterPanel} className"
"src/app/components/lawyer/CommunityScreen/components/ForumAppBarFilterTriggers.tsx",69,1,"button",1,0,"B0-SAFE-explicit-type-button","","<button type=""button"" onClick={onRepositoryFilterToggle} onPointerEnter={onPrefetch} onPointerDown={onPrefetch} aria-label=""ترتيب وتصفية المستودع"" aria-expanded={showRepositoryFilterPanel} className={`relative h-11 px-3 flex items-cente"
"src/app/components/lawyer/CommunityScreen/components/ForumAppBarSearchField.tsx",33,1,"button",1,0,"B0-SAFE-explicit-type-button","","<button type=""button"" data-testid=""forum-search-trigger"" onClick={onForumSearchOpen} onPointerEnter={prefetchCommunitySearchOverlay} onFocus={prefetchCommunitySearchOverlay} className=""w-full min-h-[44px] text-right text-[16px] text-[#"
"src/app/components/lawyer/CommunityScreen/components/ForumAppBarTools.tsx",48,1,"button",1,0,"B0-SAFE-explicit-type-button","","<button type=""button"" data-testid=""forum-following-trigger"" onClick={onOpenFollowing} onPointerDown={prefetchCommunityFollowingPanel} onPointerEnter={prefetchCommunityFollowingPanel} aria-label=""المتابَعون"" className={`${FORUM_APP_BAR"
"src/app/components/lawyer/CommunityScreen/components/ForumAppBarTools.tsx",70,1,"button",1,0,"B0-SAFE-explicit-type-button","","<button type=""button"" data-testid=""forum-notifications-trigger"" onClick={onBellClick} onPointerDown={prefetchForumNotificationsPanel} onPointerEnter={prefetchForumNotificationsPanel} aria-label=""التنبيهات"" aria-expanded={showNotifPane"
"src/app/components/lawyer/CommunityScreen/components/ForumCategoryPanel.tsx",70,1,"button",1,0,"B0-SAFE-explicit-type-button","","<button type=""button"" onClick={onClose} aria-label=""إغلاق"" className=""flex min-h-[44px] min-w-[44px] shrink-0 items-center justify-center rounded-full bg-[#161E2C] text-[#9AA3B2] transition-colors hover:bg-[#1A2333] hover:text-[#E6C673"
"src/app/components/lawyer/CommunityScreen/components/ForumCategoryPanelSections.tsx",65,1,"button",1,0,"B0-SAFE-explicit-type-button","","<button type=""button"" onClick={() => onSelect(0)} className={FORUM_FILTER_CLEAR_BTN}>"
"src/app/components/lawyer/CommunityScreen/components/ForumCommentRowEdit.tsx",72,1,"button",1,0,"B0-SAFE-explicit-type-button","","<button type=""button"" onClick={async (event) => { event.stopPropagation(); const nextContent = editContent.trim(); if (!nextContent || isSavingEdit) { return; } setIsSavingEdit(true); try { const saved = await onEditComment(post.id, comme"
"src/app/components/lawyer/CommunityScreen/components/ForumCommentRowEdit.tsx",97,1,"button",1,0,"B0-SAFE-explicit-type-button","","<button type=""button"" onClick={(event) => { event.stopPropagation(); onSetEditingCommentId(null); onSetEditContent(''); }} className={`text-[11px] px-3 py-1.5 rounded-full ${FORUM_GHOST_BTN}`} >"
"src/app/components/lawyer/CommunityScreen/components/ForumCommentRowFooter.tsx",37,1,"button",1,0,"B0-SAFE-explicit-type-button","","<button type=""button"" onClick={(event) => { event.stopPropagation(); onSetReplyingToCommentId(comment.id); }} className={`min-h-[44px] touch-manipulation text-[11px] px-2 py-1 rounded-full ${FORUM_GHOST_BTN} inline-flex items-center gap-1"
"src/app/components/lawyer/CommunityScreen/components/ForumCommentRowFooter.tsx",51,1,"button",1,0,"B0-SAFE-explicit-type-button","","<button type=""button"" onClick={(event) => { event.stopPropagation(); onToggleCommentUpvote(comment.id); }} className={`min-h-[44px] touch-manipulation text-[11px] px-2 py-1 rounded-full border transition-colors inline-flex items-center ga"
"src/app/components/lawyer/CommunityScreen/components/ForumCommentRowFooter.tsx",75,1,"button",1,0,"B0-SAFE-explicit-type-button","","<button type=""button"" onClick={(event) => { event.stopPropagation(); onReportComment(comment.id); }} className=""min-h-[44px] touch-manipulation text-[11px] px-2 py-1 rounded-full bg-white/5 border border-white/10 text-white/50 hover:text"
"src/app/components/lawyer/CommunityScreen/components/ForumCommentRowFooter.tsx",89,1,"button",1,0,"B0-SAFE-explicit-type-button","","<button type=""button"" onClick={(event) => { event.stopPropagation(); onMuteUser(commentAuthorId || postAuthorId); }} className=""min-h-[44px] touch-manipulation text-[11px] px-2 py-1 rounded-full bg-white/5 border border-white/10 text-whi"
"src/app/components/lawyer/CommunityScreen/components/ForumCommentRowHeader.tsx",81,1,"button",1,0,"B0-SAFE-explicit-type-button","","<button type=""button"" onClick={(event) => { event.stopPropagation(); onToggleBestAnswer(post.id, comment.id); }} className={`${COMMENT_ACTION_HIT_AREA} text-[10px] px-2 py-1 rounded-full border ${ isBest ? `${FORUM_ACCENT_CHIP} ${FORUM_TE"
"src/app/components/lawyer/CommunityScreen/components/ForumCommentRowHeader.tsx",98,1,"button",1,0,"B0-SAFE-explicit-type-button","","<button type=""button"" onClick={(event) => { event.stopPropagation(); onSetConfirmDeleteId(null); onSetEditingCommentId(comment.id); onSetEditContent(comment.content); }} disabled={isDeletingComment} className={`${COMMENT_ACTION_HIT_AREA} "
"src/app/components/lawyer/CommunityScreen/components/ForumCommentRowHeader.tsx",116,1,"button",1,0,"B0-SAFE-explicit-type-button","","<button type=""button"" onClick={async (event) => { event.stopPropagation(); if (isDeletingComment) return; onSetConfirmDeleteId(null); setIsDeletingComment(true); try { await onDeleteComment(post.id, comment.id); } finally { setIsDeletingC"
"src/app/components/lawyer/CommunityScreen/components/ForumCommentRowIdentity.tsx",25,1,"button",1,0,"B0-SAFE-explicit-type-button","","<button type=""button"" onClick={(event) => { event.stopPropagation(); onOpenProfile(commentAuthorId, authorName); }} className=""hover:text-[#E6C673] transition-colors"" >"
"src/app/components/lawyer/CommunityScreen/components/ForumCommentRowIdentity.tsx",41,1,"button",1,0,"B0-SAFE-explicit-type-button","","<button type=""button"" onClick={(event) => { event.stopPropagation(); onFollow(commentAuthorId); }} className={`text-[10px] flex items-center gap-0.5 px-1.5 py-0.5 rounded-full transition-colors ${ followingIds.has(commentAuthorId) ? 'text"
"src/app/components/lawyer/CommunityScreen/components/ForumDeleteConfirmModal.tsx",60,1,"button",1,0,"B0-SAFE-explicit-type-button","","<button type=""button"" onClick={onCancel} disabled={loading} className=""min-h-[44px] min-w-[44px] touch-manipulation rounded-full bg-white/5 flex items-center justify-center text-white/50 hover:text-white hover:bg-white/10 transition-colo"
"src/app/components/lawyer/CommunityScreen/components/ForumDeleteConfirmModal.tsx",71,1,"button",1,0,"B0-SAFE-explicit-type-button","","<button type=""button"" onClick={onCancel} disabled={loading} className=""flex-1 sm:flex-none px-5 py-3 rounded-xl border border-white/10 text-white/70 text-sm font-bold hover:bg-white/5 transition-colors disabled:opacity-50"" >"
"src/app/components/lawyer/CommunityScreen/components/ForumDeleteConfirmModal.tsx",79,1,"button",1,0,"B0-SAFE-explicit-type-button","","<button type=""button"" onClick={onConfirm} disabled={loading} aria-busy={loading || undefined} className=""flex-1 sm:flex-none px-5 py-3 rounded-xl bg-red-600 hover:bg-red-500 text-white text-sm font-bold transition-colors disabled:opacity"
"src/app/components/lawyer/CommunityScreen/components/ForumFilterChip.tsx",27,1,"button",1,0,"B0-SAFE-explicit-type-button","","<button type=""button"" onClick={onSelect} className={`flex min-h-[44px] items-center gap-2 border text-right transition-colors ${ dense ? 'rounded-lg px-2.5 py-2' : 'rounded-xl px-3 py-2.5' } ${selected ? FORUM_FILTER_CHIP_SELECTED : FORUM"
"src/app/components/lawyer/CommunityScreen/components/ForumFollowersList.tsx",43,1,"button",1,0,"B0-SAFE-explicit-type-button","","<button type=""button"" onClick={() => { onOpenProfile(row.followerId, name); onRequestClose(); }} className=""text-right w-full min-h-[44px] flex flex-col justify-center touch-manipulation"" >"
"src/app/components/lawyer/CommunityScreen/components/ForumFollowersList.tsx",62,1,"button",1,0,"B0-SAFE-explicit-type-button","","<button type=""button"" onClick={() => onFollowBack(row.followerId)} className={`${FORUM_TEXT_APRICOT} min-h-[44px] text-[10px] font-bold px-3 rounded-xl bg-[#E6C673]/10 border border-[#E6C673]/25 touch-manipulation`} >"
"src/app/components/lawyer/CommunityScreen/components/ForumFollowingInstantCover.tsx",15,1,"button",1,0,"B0-SAFE-explicit-type-button","","<button type=""button"" className=""fixed inset-0 z-[120] bg-black/50"" aria-label=""إغلاق"" onClick={onClose} />"
"src/app/components/lawyer/CommunityScreen/components/ForumFollowingInstantCover.tsx",32,1,"button",1,0,"B0-SAFE-explicit-type-button","","<button type=""button"" onClick={onClose} aria-label=""إغلاق"" className={FORUM_ICON_BTN}>"
"src/app/components/lawyer/CommunityScreen/components/ForumFollowingList.tsx",60,1,"button",1,0,"B0-SAFE-explicit-type-button","","<button type=""button"" onClick={() => { if (onOpenProfile) { onOpenProfile(row.followingId, name); onRequestClose(); return; } onToggleExpanded(row.followingId); }} className=""flex-1 min-h-[44px] min-w-0 text-right flex flex-col justify-c"
"src/app/components/lawyer/CommunityScreen/components/ForumFollowingList.tsx",84,1,"button",1,0,"B0-SAFE-explicit-type-button","","<button type=""button"" onClick={() => onToggleExpanded(row.followingId)} className=""inline-flex min-h-[44px] min-w-[44px] items-center justify-center rounded-xl bg-white/[0.04] border border-white/10 text-white/45 touch-manipulation"" tit"
"src/app/components/lawyer/CommunityScreen/components/ForumFollowingList.tsx",94,1,"button",1,0,"B0-SAFE-explicit-type-button","","<button type=""button"" onClick={() => onUnfollow(row.followingId)} className=""inline-flex min-h-[44px] min-w-[44px] items-center justify-center rounded-xl bg-red-950/30 border border-red-500/20 text-red-300 touch-manipulation"" title=""إل"
"src/app/components/lawyer/CommunityScreen/components/ForumFollowingPanel.tsx",99,1,"button",1,0,"B0-SAFE-explicit-type-button","","<button type=""button"" onClick={() => { onOpenFollowingFeed(); requestClose(); }} className={`${FORUM_TEXT_APRICOT} min-h-[44px] text-[11px] font-bold px-3 rounded-xl bg-[#E6C673]/10 border border-[#E6C673]/25 touch-manipulation`} >"
"src/app/components/lawyer/CommunityScreen/components/ForumFollowingPanel.tsx",110,1,"button",1,0,"B0-SAFE-explicit-type-button","","<button type=""button"" onClick={requestClose} aria-label=""إغلاق"" className={FORUM_ICON_BTN} >"
"src/app/components/lawyer/CommunityScreen/components/ForumFollowingPanel.tsx",123,1,"button",1,0,"B0-SAFE-explicit-type-button","","<button key={key} type=""button"" onClick={() => setTab(key)} className={`flex-1 min-h-[44px] rounded-lg text-[11px] font-bold transition-colors touch-manipulation ${ tab === key ? 'bg-[#E6C673]/14 text-[#E6C673] border border-[#E6C673]/25'"
"src/app/components/lawyer/CommunityScreen/components/ForumGroupFeedPanel.tsx",34,1,"button",1,0,"B0-SAFE-explicit-type-button","","<button type=""button"" onClick={onBack} className=""min-h-[44px] min-w-[44px] rounded-xl bg-white/5 border border-white/10 flex items-center justify-center text-white/70 shrink-0 touch-manipulation"" aria-label=""رجوع للمجموعات"" >"
"src/app/components/lawyer/CommunityScreen/components/ForumGroupFeedPanel.tsx",58,1,"button",1,0,"B0-SAFE-explicit-type-button","","<button type=""button"" onClick={onLeave} disabled={leaving} className={`shrink-0 inline-flex min-h-[44px] items-center gap-1 rounded-xl border px-2.5 py-2 text-[10px] font-bold touch-manipulation ${FORUM_ACCENT_CHIP} disabled:opacity-60`} "
"src/app/components/lawyer/CommunityScreen/components/ForumGroupsDirectory.tsx",118,1,"button",1,0,"B0-SAFE-explicit-type-button","","<button type=""button"" onClick={(e) => { e.stopPropagation(); setExpanded((v) => !v); }} className=""mt-1 text-[10px] text-[#E6C673]/80"" >"
"src/app/components/lawyer/CommunityScreen/components/ForumGroupsDirectory.tsx",143,1,"button",1,0,"B0-SAFE-explicit-type-button","","<button type=""button"" disabled={joining} aria-busy={joining || undefined} onClick={onJoin} className=""inline-flex min-h-[44px] items-center gap-1.5 rounded-full border border-sky-400/30 bg-sky-950/35 px-3 py-1.5 text-[11px] font-bold tex"
"src/app/components/lawyer/CommunityScreen/components/ForumMentionSuggestions.tsx",31,1,"button",1,0,"B0-SAFE-explicit-type-button","","<button key={c.id} type=""button"" role=""option"" aria-selected={idx === activeIndex} onMouseEnter={() => onHover(idx)} onClick={() => onSelect(c)} className={`w-full text-right px-3 py-2.5 flex items-center gap-2 transition-colors ${ idx "
"src/app/components/lawyer/CommunityScreen/components/ForumNotificationRow.tsx",72,1,"button",1,0,"B0-SAFE-explicit-type-button","","<button type=""button"" onClick={(event) => { event.stopPropagation(); onDismiss(); }} className=""w-6 h-6 rounded-md flex items-center justify-center text-white/25 hover:text-white/70 hover:bg-white/5 transition-colors"" aria-label=""إزالة"
"src/app/components/lawyer/CommunityScreen/components/ForumNotificationRow.tsx",86,1,"button",1,0,"B0-SAFE-explicit-type-button","","<button type=""button"" onClick={onClick} className=""w-full text-right"">"
"src/app/components/lawyer/CommunityScreen/components/ForumNotificationsPanel.tsx",43,1,"button",1,0,"B0-SAFE-explicit-type-button","","<button type=""button"" onClick={onMarkAllRead} className={`${FORUM_TEXT_APRICOT} text-[11px] font-bold hover:underline min-h-[44px] px-2 touch-manipulation`} >"
"src/app/components/lawyer/CommunityScreen/components/ForumOverlayInstantCovers.tsx",28,1,"button",1,0,"B0-SAFE-explicit-type-button","","<button type=""button"" className={`fixed inset-0 ${zClass} ${dim}`} aria-label=""إغلاق"" onClick={onClose} />"
"src/app/components/lawyer/CommunityScreen/components/ForumOverlayInstantCovers.tsx",66,1,"button",1,0,"B0-SAFE-explicit-type-button","","<button type=""button"" className=""absolute inset-0 bg-black/55 pointer-events-auto"" aria-label=""إغلاق"" onClick={onClose} />"
"src/app/components/lawyer/CommunityScreen/components/ForumOverlayInstantCovers.tsx",78,1,"button",1,0,"B0-SAFE-explicit-type-button","","<button type=""button"" className={FORUM_ICON_BTN} aria-label=""إغلاق"" onClick={onClose} />"
"src/app/components/lawyer/CommunityScreen/components/ForumOverlayInstantCovers.tsx",128,1,"button",1,0,"B0-SAFE-explicit-type-button","","<button type=""button"" className={FORUM_ICON_BTN} aria-label=""إغلاق التعديل"" onClick={onClose} />"
"src/app/components/lawyer/CommunityScreen/components/ForumOverlayInstantCovers.tsx",152,1,"button",1,0,"B0-SAFE-explicit-type-button","","<button type=""button"" onClick={onClose} aria-label=""إغلاق البحث"" className={`${FORUM_ICON_BTN} shrink-0`} />"
"src/app/components/lawyer/CommunityScreen/components/ForumOverlayInstantCovers.tsx",169,1,"button",1,0,"B0-SAFE-explicit-type-button","","<button type=""button"" className={FORUM_ICON_BTN} aria-label=""رجوع"" onClick={onClose} />"
"src/app/components/lawyer/CommunityScreen/components/ForumOverlayInstantCovers.tsx",218,1,"button",1,0,"B0-SAFE-explicit-type-button","","<button type=""button"" className={FORUM_ICON_BTN} aria-label=""إغلاق"" onClick={onClose} />"
"src/app/components/lawyer/CommunityScreen/components/ForumPostList.tsx",134,1,"button",1,0,"B0-SAFE-explicit-type-button","","<button type=""button"" onClick={() => void onLoadMore()} disabled={loadingMore} className={`flex min-h-[44px] items-center gap-2 px-6 py-3 text-sm font-bold transition-all touch-manipulation ${ loadingMore ? FORUM_PUBLISH_BTN_DISABLED + ' "
"src/app/components/lawyer/CommunityScreen/components/ForumPublishFab.tsx",30,1,"button",1,0,"B0-SAFE-explicit-type-button","","<button type=""button"" data-testid={testId} onClick={onClick} onPointerEnter={onPointerEnter} className={`pointer-events-auto ${disabled ? FORUM_PUBLISH_FAB_DISABLED : FORUM_PUBLISH_FAB}`} disabled={disabled} aria-disabled={disabled || und"
"src/app/components/lawyer/CommunityScreen/components/ForumSectionSwitch.tsx",48,1,"button",1,0,"B0-SAFE-explicit-type-button","","<button key={id} type=""button"" role=""tab"" data-testid={`forum-section-tab-${id}`} aria-selected={isActive} onClick={() => { prefetchForumSection(id, 'full'); onSectionChange(id); }} onPointerDown={() => { onSectionIntent?.(id); prefetch"
"src/app/components/lawyer/CommunityScreen/components/QuestionCardAttachmentDocument.tsx",57,1,"button",1,0,"B0-SAFE-explicit-type-button","","<button type=""button"" onClick={() => setShowDocumentPreview(true)} onPointerEnter={prefetchAppDocumentPreviewOverlay} onPointerDown={prefetchAppDocumentPreviewOverlay} className=""min-h-[44px] px-3 rounded-lg border border-white/10 bg-whi"
"src/app/components/lawyer/CommunityScreen/components/QuestionCardAttachmentDocument.tsx",68,1,"button",1,0,"B0-SAFE-explicit-type-button","","<button type=""button"" onClick={() => void handleDownloadDocument()} disabled={downloadingDocument} aria-busy={downloadingDocument || undefined} className=""min-h-[44px] px-3 rounded-lg border border-[#E6C673]/20 bg-[#E6C673]/10 text-[#E6C"
"src/app/components/lawyer/CommunityScreen/components/QuestionCardAttachmentImage.tsx",49,1,"button",1,0,"B0-SAFE-explicit-type-button","","<button type=""button"" className=""block w-full text-right"" onPointerEnter={prefetchAppDocumentPreviewOverlay} onPointerDown={prefetchAppDocumentPreviewOverlay} onClick={() => { if (attachmentUrl) setShowImagePreview(true); }} disabled={!"
"src/app/components/lawyer/CommunityScreen/components/QuestionCardAttachmentImage.tsx",94,1,"button",1,0,"B0-SAFE-explicit-type-button","","<button type=""button"" onClick={() => onSaveToDevice(post.id)} className=""absolute top-3 left-3 z-30 inline-flex min-h-[44px] min-w-[44px] items-center justify-center rounded-xl border border-white/15 bg-black/45 text-white/85 hover:text-"
"src/app/components/lawyer/CommunityScreen/components/QuestionCardAuthorPopup.tsx",69,1,"button",1,0,"B0-SAFE-explicit-type-button","","<button type=""button"" onClick={(event) => { event.stopPropagation(); onFollow(authorId); onClose(); }} className={`w-full min-h-[44px] text-xs flex items-center justify-center gap-1.5 px-3 py-2 rounded-lg transition-colors mb-2 touch-mani"
"src/app/components/lawyer/CommunityScreen/components/QuestionCardAuthorPopup.tsx",88,1,"button",1,0,"B0-SAFE-explicit-type-button","","<button type=""button"" onClick={(event) => { event.stopPropagation(); onOpenProfile(authorId, authorName); onClose(); }} className=""w-full min-h-[44px] text-xs font-bold py-2 rounded-lg bg-white/[0.06] border border-white/10 text-white/80"
"src/app/components/lawyer/CommunityScreen/components/QuestionCardEditHistory.tsx",19,1,"button",1,0,"B0-SAFE-explicit-type-button","","<button type=""button"" onClick={() => setShowEditInfo((v) => !v)} className={`min-h-[44px] text-xs ${FORUM_TEXT_APRICOT} hover:text-[#F8C4A8] transition-colors underline-offset-2 hover:underline touch-manipulation`} aria-expanded={showEdit"
"src/app/components/lawyer/CommunityScreen/components/QuestionCardFooter.tsx",45,1,"button",1,0,"B0-SAFE-explicit-type-button","","<button type=""button"" onClick={(event) => { event.stopPropagation(); onToggleUpvote(post.id); }} aria-disabled={!canUpvote} className={`group/up ${FORUM_INTERACT_BTN} px-2 sm:px-2.5 shrink-0 ${!canUpvote ? 'opacity-50' : ''}`} title={ !cu"
"src/app/components/lawyer/CommunityScreen/components/QuestionCardFooter.tsx",70,1,"button",1,0,"B0-SAFE-explicit-type-button","","<button type=""button"" onClick={(event) => { event.stopPropagation(); onCommentClick(post.id); }} className={`group/c ${FORUM_INTERACT_BTN} px-2 sm:px-2.5 min-w-0 shrink-0`} title=""التعليقات"" data-testid=""forum-comment-open"" >"
"src/app/components/lawyer/CommunityScreen/components/QuestionCardFooter.tsx",87,1,"button",1,0,"B0-SAFE-explicit-type-button","","<button type=""button"" onClick={(event) => { event.stopPropagation(); onShare(post.id); }} className={`group/s ${FORUM_INTERACT_BTN} px-2 sm:px-2.5 shrink-0`} title=""مشاركة"" aria-label=""مشاركة"" >"
"src/app/components/lawyer/CommunityScreen/components/QuestionCardFooter.tsx",102,1,"button",1,0,"B0-SAFE-explicit-type-button","","<button type=""button"" onClick={(event) => { event.stopPropagation(); onToggleBookmark(post.id); }} className={`${FORUM_INTERACT_BTN} px-2 sm:px-2.5 shrink-0 ms-auto ${ isBookmarked ? `${FORUM_ACCENT_CHIP} ${FORUM_TEXT_APRICOT}` : '' }`} t"
"src/app/components/lawyer/CommunityScreen/components/QuestionCardHeaderIdentity.tsx",33,1,"button",1,0,"B0-SAFE-explicit-type-button","","<button type=""button"" data-testid={isAnonymous ? undefined : 'forum-open-author-profile'} onClick={onOpenAuthor} className={`text-sm font-bold truncate max-w-full text-right ${isAnonymous ? `${FORUM_TEXT_MUTED} cursor-default` : `${FORUM_"
"src/app/components/lawyer/CommunityScreen/components/QuestionCardHeaderIdentity.tsx",42,1,"button",1,0,"B0-SAFE-explicit-type-button","","<button type=""button"" onClick={onFollow} className={`shrink-0 min-h-[44px] text-xs flex items-center gap-1 px-2 py-0.5 rounded-full transition-colors touch-manipulation ${ isFollowing ? 'text-emerald-400 bg-emerald-950/30 border border-em"
"src/app/components/lawyer/CommunityScreen/components/QuestionCardMoreMenu.tsx",96,1,"button",1,0,"B0-SAFE-explicit-type-button","","<button type=""button"" aria-label=""خيارات المنشور"" aria-haspopup=""menu"" aria-expanded={open} aria-controls={menuId} onClick={(event) => { event.stopPropagation(); setOpen((value) => !value); }} className={`${FORUM_APP_BAR_ICON} text-[#"
"src/app/components/lawyer/CommunityScreen/components/QuestionCardMoreMenuPanel.tsx",29,1,"button",1,0,"B0-SAFE-explicit-type-button","","<button key={item.id} type=""button"" role=""menuitem"" onClick={(event) => onRunItem(item, event)} className={`w-full flex items-center gap-2.5 px-3 py-2.5 min-h-[44px] text-right text-sm transition-colors touch-manipulation ${ item.active"
"src/app/components/lawyer/CommunityScreen/components/QuestionCardMoreMenuPanel.tsx",48,1,"button",1,0,"B0-SAFE-explicit-type-button","","<button key={item.id} type=""button"" role=""menuitem"" onClick={(event) => onRunItem(item, event)} className=""w-full flex items-center gap-2.5 px-3 py-2.5 min-h-[44px] text-right text-sm text-rose-300 hover:bg-rose-500/10 transition-color"
"src/app/components/lawyer/CommunityScreen/components/QuestionCardProcedureCta.tsx",10,1,"button",1,0,"B0-SAFE-explicit-type-button","","<button type=""button"" data-testid={`forum-open-transactions-${postId}`} onClick={(event) => { event.stopPropagation(); openForumProcedureGuideHub(content); }} className=""mb-4 w-full min-h-[44px] rounded-xl border border-[#C9A0A4]/35 bg-["
"src/app/components/lawyer/CommunityScreen/components/RepositoryCardActions.tsx",46,1,"button",1,0,"B0-SAFE-explicit-type-button","","<button type=""button"" onClick={() => onPreview(doc)} className=""flex min-h-[44px] items-center justify-center gap-1.5 rounded-xl border border-white/10 bg-white/5 px-2 py-2 text-[11px] font-bold text-white/80 transition-all hover:bg-whit"
"src/app/components/lawyer/CommunityScreen/components/RepositoryCardActions.tsx",54,1,"button",1,0,"B0-SAFE-explicit-type-button","","<button type=""button"" onClick={() => onDownload(doc)} disabled={downloadingId === doc.id} aria-busy={downloadingId === doc.id || undefined} className={`flex min-h-[44px] items-center justify-center gap-1.5 rounded-xl border px-2 py-2 text"
"src/app/components/lawyer/CommunityScreen/components/RepositoryCardActions.tsx",73,1,"button",1,0,"B0-SAFE-explicit-type-button","","<button type=""button"" onClick={(e) => { e.stopPropagation(); onEdit(doc); }} className=""inline-flex h-11 w-11 items-center justify-center rounded-xl text-white/35 transition-all hover:bg-white/5 hover:text-white/70 touch-manipulation"" t"
"src/app/components/lawyer/CommunityScreen/components/RepositoryCardActions.tsx",85,1,"button",1,0,"B0-SAFE-explicit-type-button","","<button type=""button"" onClick={(e) => { e.stopPropagation(); onDelete(doc); }} disabled={deletingId === doc.id} aria-busy={deletingId === doc.id || undefined} className={`inline-flex h-11 w-11 items-center justify-center rounded-xl transi"
"src/app/components/lawyer/CommunityScreen/components/RepositoryCardActions.tsx",105,1,"button",1,0,"B0-SAFE-explicit-type-button","","<button type=""button"" onClick={(e) => { e.stopPropagation(); onReport(doc); }} className=""inline-flex h-11 w-11 items-center justify-center rounded-xl text-white/30 transition-all hover:bg-white/5 hover:text-amber-400/70 touch-manipulati"
"src/app/components/lawyer/CommunityScreen/components/RepositoryCardActions.tsx",117,1,"button",1,0,"B0-SAFE-explicit-type-button","","<button type=""button"" onClick={handleNativeShare} className=""inline-flex h-11 w-11 items-center justify-center rounded-xl text-white/30 transition-all hover:bg-white/5 hover:text-[#E6C673]/70 touch-manipulation"" title=""مشاركة"" aria-la"
"src/app/components/lawyer/CommunityScreen/components/RepositoryCardBody.tsx",24,1,"button",1,0,"B0-SAFE-explicit-type-button","","<button type=""button"" className=""px-3 pt-3 pb-2 cursor-pointer text-left w-full"" onClick={() => onPreview(doc)} style={{ appearance: 'none', background: 'transparent', border: 'none', padding: '0', margin: '0', font: 'inherit', color: '"
"src/app/components/lawyer/CommunityScreen/components/RepositoryCardMedia.tsx",27,1,"button",1,0,"B0-SAFE-explicit-type-button","","<button type=""button"" onClick={() => onPreview(doc)} className=""relative block w-full p-0 m-0 leading-none"" >"
"src/app/components/lawyer/CommunityScreen/components/RepositoryFilterPanel.tsx",91,1,"button",1,0,"B0-SAFE-explicit-type-button","","<button type=""button"" onClick={() => { onTagChange(null); onClose(); }} className={FORUM_FILTER_CLEAR_BTN} >"
"src/app/components/lawyer/CommunityScreen/components/RepositoryFilterPanel.tsx",122,1,"button",1,0,"B0-SAFE-explicit-type-button","","<button type=""button"" onClick={() => handleType('الكل')} className={FORUM_FILTER_CLEAR_BTN}>"
"src/app/components/lawyer/CommunityScreen/components/RepositoryPreviewDocument.tsx",44,1,"button",1,0,"B0-SAFE-explicit-type-button","","<button type=""button"" onClick={onClose} className=""min-h-[44px] min-w-[44px] touch-manipulation rounded-lg bg-white/5 flex items-center justify-center text-white/50 hover:text-white hover:bg-white/10 transition-colors"" >"
"src/app/components/lawyer/CommunityScreen/components/RepositoryPreviewDocument.tsx",127,1,"button",1,0,"B0-SAFE-explicit-type-button","","<button type=""button"" onClick={() => onOpen(doc)} disabled={isLoading || !signedUrl || isOpenMode} className={`min-h-[44px] px-5 py-2.5 rounded-xl text-sm font-bold transition-colors flex items-center gap-2 touch-manipulation ${ isLoading"
"src/app/components/lawyer/CommunityScreen/components/RepositoryPreviewDocument.tsx",140,1,"button",1,0,"B0-SAFE-explicit-type-button","","<button type=""button"" onClick={onClose} className=""min-h-[44px] px-5 py-2.5 rounded-xl text-sm text-white/50 hover:text-white transition-colors touch-manipulation"" >"
"src/app/components/lawyer/CommunityScreen/components/RepositoryPreviewDocument.tsx",147,1,"button",1,0,"B0-SAFE-explicit-type-button","","<button type=""button"" onClick={() => onDownload(doc)} className=""min-h-[44px] px-5 py-2.5 rounded-xl bg-[#E6C673] hover:bg-[#d4b560] text-black text-sm font-bold transition-colors flex items-center gap-2 touch-manipulation"" >"
"src/app/components/lawyer/CommunityScreen/components/RepositoryPreviewImage.tsx",23,1,"button",1,0,"B0-SAFE-explicit-type-button","","<button type=""button"" onClick={onClose} className=""absolute top-[max(1rem,env(safe-area-inset-top))] right-[max(1rem,env(safe-area-inset-right))] min-h-[44px] min-w-[44px] touch-manipulation rounded-full bg-white/10 flex items-center jus"
"src/app/components/lawyer/CommunityScreen/components/SearchOverlay.tsx",72,1,"button",1,0,"B0-SAFE-explicit-type-button","","<button type=""button"" onClick={onClose} aria-label=""إغلاق البحث"" className={`${FORUM_ICON_BTN} active:scale-95 transition-transform shrink-0`} >"
"src/app/components/lawyer/CommunityScreen/components/SearchOverlayDocumentHit.tsx",17,1,"button",1,0,"B0-SAFE-explicit-type-button","","<button type=""button"" onClick={() => onOpen?.(doc)} className={`w-full text-right ${FORUM_FEED_CARD}`} >"
"src/app/components/lawyer/CommunityScreen/components/SearchOverlayFilters.tsx",27,1,"button",1,0,"B0-SAFE-explicit-type-button","","<button type=""button"" onClick={() => onFilterHasPdfChange(!filterHasPdf)} className={`min-h-[44px] px-3 py-1.5 rounded-full text-xs font-bold flex items-center gap-2 border transition-all touch-manipulation ${ filterHasPdf ? FORUM_ACCENT_"
"src/app/components/lawyer/CommunityScreen/components/SearchOverlayFilters.tsx",37,1,"button",1,0,"B0-SAFE-explicit-type-button","","<button type=""button"" onClick={() => onFilterHasImageChange(!filterHasImage)} className={`min-h-[44px] px-3 py-1.5 rounded-full text-xs font-bold flex items-center gap-2 border transition-all touch-manipulation ${ filterHasImage ? FORUM_A"
"src/app/components/lawyer/CommunityScreen/components/SearchOverlayFilters.tsx",53,1,"button",1,0,"B0-SAFE-explicit-type-button","","<button type=""button"" key={tag} onClick={() => onSelectedTagChange(selectedTag === tag ? null : tag)} className={`min-h-[44px] px-3 py-1.5 rounded-lg text-xs font-bold border transition-all touch-manipulation ${ selectedTag === tag ? FORU"
"src/app/components/lawyer/CommunityScreen/components/SearchOverlayPostHit.tsx",22,1,"button",1,0,"B0-SAFE-explicit-type-button","","<button type=""button"" onClick={() => onOpen?.(post.id)} className={`w-full text-right ${FORUM_FEED_CARD}`} >"
"src/app/components/lawyer/CommunityScreen/components/UploadDocumentModal.tsx",54,1,"button",1,1,"B0-SAFE-explicit-type-button","","<button type=""button"" onClick={onClose} className={FORUM_ICON_BTN} aria-label=""إغلاق"" >"
"src/app/components/lawyer/CommunityScreen/components/UploadDocumentModal.tsx",67,1,"button",1,1,"B0-SAFE-explicit-type-button","","<button type=""button"" onClick={onClose} disabled={isSubmitting} className=""px-5 py-2.5 min-h-[44px] rounded-xl text-sm text-white/50 hover:text-white transition-colors touch-manipulation"" >"
"src/app/components/lawyer/CommunityScreen/components/UploadDocumentModal.tsx",75,1,"submit",0,1,"B1-SAFE-explicit-type-submit","inside_form=true","<button type=""submit"" disabled={isSubmitting} className=""px-5 py-2.5 min-h-[44px] rounded-xl bg-[#E6C673] hover:bg-[#d4b560] disabled:bg-[#E6C673]/50 disabled:cursor-not-allowed text-black text-sm font-bold transition-colors flex items-c"
"src/app/components/lawyer/CommunityScreen/components/UploadDocumentModalKindPicker.tsx",16,1,"button",1,0,"B0-SAFE-explicit-type-button","","<button type=""button"" onClick={() => switchUploadKind('document')} className={`flex flex-col items-center gap-1.5 rounded-xl border px-3 py-3 text-xs font-bold transition-colors touch-manipulation min-h-[44px] ${ uploadKind === 'document'"
"src/app/components/lawyer/CommunityScreen/components/UploadDocumentModalKindPicker.tsx",28,1,"button",1,0,"B0-SAFE-explicit-type-button","","<button type=""button"" onClick={() => switchUploadKind('image')} className={`flex flex-col items-center gap-1.5 rounded-xl border px-3 py-3 text-xs font-bold transition-colors touch-manipulation min-h-[44px] ${ uploadKind === 'image' ? 'bo"
"src/app/components/lawyer/CommunityScreen/components/UploadDocumentModalTagsField.tsx",14,1,"button",1,0,"B0-SAFE-explicit-type-button","","<button key={tag} type=""button"" onClick={() => togglePickedTag(tag)} className={`min-h-[44px] px-2.5 py-1 rounded-full text-[11px] font-bold border transition-colors touch-manipulation ${ active ? 'bg-[#E6C673]/15 border-[#E6C673]/40 text"
"src/app/components/lawyer/CommunityScreen/components/UploadDocumentModalTypeField.tsx",12,1,"button",1,0,"B0-SAFE-explicit-type-button","","<button type=""button"" onClick={() => setIsTypeMenuOpen((prev) => !prev)} className={`w-full h-11 min-h-[44px] hami-forum-input rounded-xl pr-4 pl-10 text-right text-white text-sm border transition-colors touch-manipulation flex items-cent"
"src/app/components/lawyer/CommunityScreen/components/UploadDocumentModalTypeField.tsx",42,1,"button",1,0,"B0-SAFE-explicit-type-button","","<button key={option} type=""button"" role=""option"" aria-selected={active} onClick={() => { setType(option); setIsTypeMenuOpen(false); }} className={`w-full min-h-[44px] px-4 py-3 text-right text-sm transition-colors touch-manipulation ${ "
"src/app/components/lawyer/criminal-system/components/BailForfeitureModal.tsx",39,1,"button",1,0,"B0-SAFE-explicit-type-button","","<button type=""button"" onClick={onClose} className=""text-white/70 hover:text-white transition text-sm font-bold min-h-[44px] min-w-[44px]"" >"
"src/app/components/lawyer/criminal-system/components/BailForfeitureModal.tsx",59,1,"button",1,0,"B0-SAFE-explicit-type-button","","<button type=""button"" onClick={onSubmit} className=""w-full rounded-xl bg-[#E6C673] text-[#0B1021] font-black py-3 text-sm hover:brightness-110 active:brightness-95 transition disabled:opacity-40 whitespace-normal break-words min-h-[44px]"
"src/app/components/lawyer/criminal-system/components/CaseJourneyHeader.tsx",152,1,"button",1,0,"B0-SAFE-explicit-type-button","","<button type=""button"" onClick={onSelect} title={title} aria-pressed={isSelected} className={className} >"
"src/app/components/lawyer/criminal-system/components/CaseJourneyHeader.tsx",184,1,"button",1,0,"B0-SAFE-explicit-type-button","","<button type=""button"" onClick={onClick} className={`inline-flex items-center gap-1 rounded-full border px-2 py-0.5 text-[9px] font-bold transition ${fateBadgeTone(ps)} ${ active ? 'ring-1 ring-[#E6C673]/50' : 'hover:bg-white/[0.06]' }`} >"
"src/app/components/lawyer/criminal-system/components/CaseJourneyHeader.tsx",244,1,"button",1,0,"B0-SAFE-explicit-type-button","","<button type=""button"" onClick={() => onSelectBranch?.(branchActive ? '' : b.branchId)} className={`shrink-0 rounded-full border px-2 py-0.5 text-[10px] font-bold transition ${ branchActive ? 'border-[#E6C673]/45 bg-[#E6C673]/12 text-[#E6C"
"src/app/components/lawyer/criminal-system/components/CaseJourneyHeader.tsx",352,1,"button",1,0,"B0-SAFE-explicit-type-button","","<button type=""button"" onClick={onOpenReferral} disabled={referralButtonDisabled} className={`shrink-0 self-center order-first inline-flex items-center gap-1.5 rounded-full px-3.5 py-2 text-xs font-black transition disabled:opacity-40 disa"
"src/app/components/lawyer/criminal-system/components/CasePhaseSegmentedControl.tsx",35,1,"button",1,0,"B0-SAFE-explicit-type-button","","<button key={opt.value} type=""button"" role=""tab"" aria-selected={active} onClick={() => onChange(opt.value)} className={`rounded-lg px-3 py-1.5 text-[11px] font-black transition whitespace-nowrap ${ active ? 'bg-[#E6C673] text-[#0B1021] "
"src/app/components/lawyer/criminal-system/components/ConcernedPartyDecisionPicker.tsx",74,1,"button",1,0,"B0-SAFE-explicit-type-button","","<button type=""button"" onClick={() => onBailChange?.(partyId, { kind: 'financial' })} className={`rounded-lg border px-3 py-2 text-[12px] font-black transition ${ draft.kind === 'financial' ? 'border-emerald-400/70 bg-emerald-500/15 text-e"
"src/app/components/lawyer/criminal-system/components/ConcernedPartyDecisionPicker.tsx",85,1,"button",1,0,"B0-SAFE-explicit-type-button","","<button type=""button"" onClick={() => onBailChange?.(partyId, { kind: 'personal' })} className={`rounded-lg border px-3 py-2 text-[12px] font-black transition ${ draft.kind === 'personal' ? 'border-emerald-400/70 bg-emerald-500/15 text-eme"
"src/app/components/lawyer/criminal-system/components/ConcernedPartyDecisionPicker.tsx",117,1,"button",1,0,"B0-SAFE-explicit-type-button","","<button type=""button"" onClick={addGuarantor} className=""rounded-lg border border-emerald-500/40 bg-emerald-500/10 px-2.5 py-1 text-[11px] font-black text-emerald-100 hover:bg-emerald-500/20 transition"" >"
"src/app/components/lawyer/criminal-system/components/ConcernedPartyDecisionPicker.tsx",141,1,"button",1,0,"B0-SAFE-explicit-type-button","","<button type=""button"" onClick={() => removeGuarantor(g.id)} className=""rounded-lg border border-red-500/35 bg-red-500/10 px-2.5 py-1.5 text-[11px] font-black text-red-200 hover:bg-red-500/20 transition"" title=""حذف الكفيل"" >"
"src/app/components/lawyer/criminal-system/components/ConcernedPartyDecisionPicker.tsx",247,1,"button",1,0,"B0-SAFE-explicit-type-button","","<button type=""button"" onClick={toggleAll} className=""rounded-md border border-slate-600/60 bg-slate-900/40 px-2 py-1 text-[10px] font-black text-white/70 hover:text-white hover:border-slate-500 transition shrink-0"" >"
"src/app/components/lawyer/criminal-system/components/ConcernedPartyDecisionPicker.tsx",286,1,"button",1,0,"B0-SAFE-explicit-type-button","","<button type=""button"" onClick={() => onUnifiedBailModeChange?.(!unifiedBailMode)} className={`w-full rounded-lg border px-3 py-2 text-[11px] font-black transition whitespace-normal break-words ${ unifiedBailMode ? 'border-emerald-400/60 b"
"src/app/components/lawyer/criminal-system/components/ConcernedPartyDecisionPicker.tsx",300,1,"button",1,0,"B0-SAFE-explicit-type-button","","<button type=""button"" onClick={() => onUnifiedDetentionModeChange?.(!unifiedDetentionMode)} className={`w-full rounded-lg border px-3 py-2 text-[11px] font-black transition whitespace-normal break-words ${ unifiedDetentionMode ? 'border-s"
"src/app/components/lawyer/criminal-system/components/CriminalDossierStatusBanners.tsx",71,1,"button",1,0,"B0-SAFE-explicit-type-button","","<button type=""button"" onClick={onClaimCaseOwnership} className=""mt-2 inline-flex min-h-[44px] items-center justify-center rounded-xl bg-[#E6C673] px-4 py-2 text-[#0B1021] font-black text-sm hover:brightness-110 active:brightness-95 trans"
"src/app/components/lawyer/criminal-system/components/CriminalDossierStatusBanners.tsx",149,1,"button",1,0,"B0-SAFE-explicit-type-button","","<button type=""button"" onClick={() => onOpenMergedParent?.(mergedIntoCaseId)} className=""inline text-[#E6C673] font-black underline underline-offset-2 hover:brightness-110 transition"" >"
"src/app/components/lawyer/criminal-system/components/CriminalDossierStatusBanners.tsx",191,1,"button",1,0,"B0-SAFE-explicit-type-button","","<button type=""button"" onClick={() => onFileInAbsentiaObjection(inAbsentiaBanners[0]!.id)} className=""rounded-xl bg-[#E6C673] text-[#0B1021] font-black px-4 py-2 text-sm hover:brightness-110 active:brightness-95 transition disabled:opacit"
"src/app/components/lawyer/criminal-system/components/DecisionCardAppealFooter.tsx",58,1,"button",1,0,"B0-SAFE-explicit-type-button","","<button key={kind} type=""button"" onClick={onCassationAppeal} aria-label=""تسجيل طعن تمييزي"" className={ prominentCassation ? `${btnBase} border-[#E6C673]/65 bg-[#E6C673]/20 text-[#E6C673] hover:bg-[#E6C673]/30 text-[12px]` : `${btnBase} "
"src/app/components/lawyer/criminal-system/components/DecisionCardAppealFooter.tsx",76,1,"button",1,0,"B0-SAFE-explicit-type-button","","<button key={kind} type=""button"" onClick={onInterventionCassation} aria-label=""طلب تدخل تمييزي"" className={`${btnBase} border-violet-500/50 bg-violet-500/12 text-violet-100 hover:bg-violet-500/20`} >"
"src/app/components/lawyer/criminal-system/components/DecisionCardAppealFooter.tsx",90,1,"button",1,0,"B0-SAFE-explicit-type-button","","<button key={kind} type=""button"" onClick={onCassationCorrection} aria-label=""طلب تصحيح القرار التمييزي"" className={`${btnBase} border-amber-500/50 bg-amber-500/10 text-amber-100 hover:bg-amber-500/18`} >"
"src/app/components/lawyer/criminal-system/components/DecisionCardAppealFooter.tsx",104,1,"button",1,0,"B0-SAFE-explicit-type-button","","<button key={kind} type=""button"" onClick={onDeclareJudgmentFinal} aria-label=""إعلان حكم بات"" className={`${btnBase} border-white/15 bg-white/[0.04] text-white/75 hover:bg-white/[0.08] hover:text-white text-[10px]`} >"
"src/app/components/lawyer/criminal-system/components/DecisionCardAppealFooter.tsx",117,1,"button",1,0,"B0-SAFE-explicit-type-button","","<button key={kind} type=""button"" onClick={onRecordAppealResult} aria-label=""تسجيل نتيجة الطعن المعلّق"" className={`${btnBase} border-[#E6C673]/45 bg-[#E6C673]/10 text-[#E6C673] hover:bg-[#E6C673]/20`} >"
"src/app/components/lawyer/criminal-system/components/DecisionCardTrashButton.tsx",16,1,"button",1,0,"B0-SAFE-explicit-type-button","","<button type=""button"" onClick={onClick} disabled={disabled} title=""نقل إلى سلة المهملات"" aria-label=""نقل إلى سلة المهملات"" className={`absolute top-3 left-3 z-10 inline-flex h-8 w-8 items-center justify-center rounded-lg border border"
"src/app/components/lawyer/criminal-system/components/DecisionInterventionCassationPanel.tsx",64,1,"button",1,0,"B0-SAFE-explicit-type-button","","<button type=""button"" onClick={() => onRecordResult!(pending)} className=""mt-1 inline-flex items-center gap-1.5 rounded-lg border border-violet-400/55 bg-violet-500/15 px-3 py-1.5 text-[11px] font-black text-violet-100 hover:bg-violet-50"
"src/app/components/lawyer/criminal-system/components/DecisionsCommandBar.tsx",55,1,"button",1,0,"B0-SAFE-explicit-type-button","","<button type=""button"" role=""tab"" aria-selected={active} onClick={onFilter} title={filterTitle} className={TAB_BASE}>"
"src/app/components/lawyer/criminal-system/components/DecisionsCommandBar.tsx",81,1,"button",1,0,"B0-SAFE-explicit-type-button","","<button type=""button"" role=""tab"" aria-selected={active} onClick={onFilter} title={filterTitle} className={TAB_BASE}>"
"src/app/components/lawyer/criminal-system/components/DecisionsCommandBar.tsx",85,1,"button",1,0,"B0-SAFE-explicit-type-button","","<button type=""button"" onClick={(e) => { e.stopPropagation(); if (disabled) return; onAdd(e); }} disabled={disabled} title={addTitle} aria-label={addTitle} className={plusButtonClass(Boolean(disabled))} >"
"src/app/components/lawyer/criminal-system/components/DecisionsScopeFilterBar.tsx",43,1,"button",1,0,"B0-SAFE-explicit-type-button","","<button key={opt.value} type=""button"" role=""tab"" aria-selected={active} onClick={() => onChange(opt.value)} title={opt.label} className={chipClass(active)} >"
"src/app/components/lawyer/criminal-system/components/GuarantorForfeitureStrip.tsx",44,1,"button",1,0,"B0-SAFE-explicit-type-button","","<button type=""button"" onClick={() => onOpenForfeitureUpdate(String(d.id))} className=""rounded-full border border-slate-600/60 bg-slate-800/50 px-3 py-1 text-[11px] font-black text-white/80 hover:text-white hover:bg-slate-800 transition w"
"src/app/components/lawyer/criminal-system/components/JudicialCassationAppealModal.tsx",315,1,"button",1,0,"B0-SAFE-explicit-type-button","","<button type=""button"" onClick={onClose} className=""rounded-xl border border-slate-700 px-4 py-2 text-sm font-black text-white/80"">"
"src/app/components/lawyer/criminal-system/components/JudicialCassationAppealModal.tsx",318,1,"button",1,0,"B0-SAFE-explicit-type-button","","<button type=""button"" onClick={handleSubmit} disabled={!canSubmit} className=""rounded-lg bg-[#E6C673] text-[#0B1021] font-black py-2.5 px-4 text-sm hover:brightness-110 disabled:opacity-40"" >"
"src/app/components/lawyer/criminal-system/components/JudicialCassationResultModal.tsx",244,1,"button",1,0,"B0-SAFE-explicit-type-button","","<button type=""button"" onClick={onClose} className=""rounded-xl border border-slate-700 px-4 py-2 text-sm font-black text-white/80"" >"
"src/app/components/lawyer/criminal-system/components/JudicialCassationResultModal.tsx",251,1,"button",1,0,"B0-SAFE-explicit-type-button","","<button type=""button"" onClick={handleSubmit} disabled={!result} className=""rounded-lg bg-[#E6C673] text-[#0B1021] font-black py-2.5 px-4 text-sm hover:brightness-110 disabled:opacity-40"" >"
"src/app/components/lawyer/criminal-system/components/JudicialDecisionsLedgerCardShared.tsx",54,1,"button",1,0,"B0-SAFE-explicit-type-button","","<button type=""button"" onClick={onClick} className={ prominent ? 'inline-flex items-center gap-1.5 rounded-lg border border-[#E6C673]/65 bg-[#E6C673]/20 px-3 py-1.5 text-[12px] font-black text-[#E6C673] hover:bg-[#E6C673]/30 transition' : "
"src/app/components/lawyer/criminal-system/components/JudicialDecisionsLedgerCardShared.tsx",184,1,"button",1,0,"B0-SAFE-explicit-type-button","","<button type=""button"" onClick={onClick} className=""inline-flex items-center gap-1.5 rounded-lg border border-[#E6C673]/65 bg-[#E6C673]/20 px-4 py-2 text-[12px] font-black text-[#E6C673] hover:bg-[#E6C673]/30 transition"" >"
"src/app/components/lawyer/criminal-system/components/LawyerRequestCard.tsx",112,1,"button",1,0,"B0-SAFE-explicit-type-button","","<button type=""button"" onClick={(e) => { e.stopPropagation(); onRecordJudgeMargin?.(request); }} className=""inline-flex items-center gap-1.5 rounded-lg border border-[#E6C673]/50 bg-[#E6C673]/15 px-3 py-1.5 text-[11px] font-black text-[#E"
"src/app/components/lawyer/criminal-system/components/LawyerRequestCard.tsx",125,1,"button",1,0,"B0-SAFE-explicit-type-button","","<button type=""button"" onClick={(e) => { e.stopPropagation(); onMoveToTrash(request); }} className=""inline-flex items-center gap-1.5 rounded-lg border border-red-500/25 bg-red-500/10 px-3 py-1.5 text-[11px] font-black text-red-200/90 hove"
"src/app/components/lawyer/criminal-system/components/LawyerRequestUxAddons.tsx",17,1,"button",1,0,"B0-SAFE-explicit-type-button","","<button type=""button"" disabled={disabled} onClick={(e) => { e.stopPropagation(); onToggle(); }} aria-label={starred ? 'إلغاء تمييز القرار' : 'تمييز قرار مصيري'} className={`shrink-0 text-[14px] leading-none transition disabled:opacity-40 "
"src/app/components/lawyer/criminal-system/components/LawyerRequestUxAddons.tsx",74,1,"button",1,0,"B0-SAFE-explicit-type-button","","<button type=""button"" disabled={disabled} onClick={(e) => { e.stopPropagation(); onClick(); }} className=""mt-2 rounded-lg border border-slate-600/45 bg-slate-900/40 px-2.5 py-1 text-[10px] font-black text-white/55 hover:text-white/80 hov"
"src/app/components/lawyer/criminal-system/components/LawyerRequestUxAddons.tsx",120,1,"button",1,0,"B0-SAFE-explicit-type-button","","<button type=""button"" onClick={() => { setText(''); onClose(); }} className=""rounded-lg border border-slate-700 px-3 py-1.5 text-xs font-black text-white/70"" >"
"src/app/components/lawyer/criminal-system/components/LawyerRequestUxAddons.tsx",130,1,"button",1,0,"B0-SAFE-explicit-type-button","","<button type=""button"" onClick={() => { const trimmed = text.trim(); if (!trimmed) return; onSubmit(trimmed); setText(''); onClose(); }} className=""rounded-lg bg-[#E6C673] text-[#0B1021] px-3 py-1.5 text-xs font-black disabled:opacity-40"""
"src/app/components/lawyer/criminal-system/components/LawyerRequestUxAddons.tsx",194,1,"button",1,0,"B0-SAFE-explicit-type-button","","<button type=""button"" onClick={onAddSimulated} className=""rounded-lg border border-dashed border-slate-600/55 px-3 py-2 text-[11px] font-black text-white/60 hover:text-[#E6C673] hover:border-[#E6C673]/40 transition w-full text-center"" >"
"src/app/components/lawyer/criminal-system/components/LawyerRequestUxAddons.tsx",211,1,"button",1,0,"B0-SAFE-explicit-type-button","","<button type=""button"" onClick={() => onRemove(att.id)} className=""text-white/40 hover:text-red-300 text-[11px] leading-none"" aria-label=""حذف المرفق"" >"
"src/app/components/lawyer/criminal-system/components/LegalArticleEditModal.tsx",45,1,"button",1,0,"B0-SAFE-explicit-type-button","","<button type=""button"" onClick={onClose} className=""text-white/70 hover:text-white transition text-sm font-bold whitespace-normal break-words min-h-[44px] min-w-[44px]"" >"
"src/app/components/lawyer/criminal-system/components/LegalArticleEditModal.tsx",89,1,"button",1,0,"B0-SAFE-explicit-type-button","","<button type=""button"" onClick={onClose} className=""rounded-xl border border-slate-700 bg-slate-900 px-4 py-2.5 text-sm font-black text-white/80 hover:text-white hover:bg-slate-800/30 transition whitespace-normal break-words min-h-[44px]"""
"src/app/components/lawyer/criminal-system/components/LegalArticleEditModal.tsx",96,1,"button",1,0,"B0-SAFE-explicit-type-button","","<button type=""button"" onClick={onSubmit} disabled={!legalArticleNext.trim()} className=""rounded-xl bg-[#E6C673] text-[#0B1021] font-black py-2.5 px-4 text-sm hover:brightness-110 active:brightness-95 transition disabled:opacity-40 whites"
"src/app/components/lawyer/criminal-system/components/LiveArrestSummonCard.tsx",145,1,"button",1,0,"B0-SAFE-explicit-type-button","","<button type=""button"" onClick={() => onUpdateEnforcement({ arrestExecuted: 'executed' })} className=""rounded-lg border border-emerald-500/40 bg-emerald-500/15 px-4 py-2 text-[11px] font-black text-emerald-100 hover:bg-emerald-500/25 tran"
"src/app/components/lawyer/criminal-system/components/LiveArrestSummonCard.tsx",158,1,"button",1,0,"B0-SAFE-explicit-type-button","","<button type=""button"" onClick={() => setPanelOpen((v) => !v)} className=""self-start inline-flex items-center gap-1.5 rounded-lg border border-amber-500/45 bg-amber-500/12 px-3 py-1.5 text-[11px] font-black text-amber-100 hover:bg-amber-5"
"src/app/components/lawyer/criminal-system/components/LiveArrestSummonCard.tsx",175,1,"button",1,0,"B0-SAFE-explicit-type-button","","<button type=""button"" onClick={saveNotify} disabled={!notifyDate.trim()} className=""rounded-lg border border-emerald-500/40 bg-emerald-500/15 px-3 py-2 text-[11px] font-black text-emerald-100 disabled:opacity-40"" >"
"src/app/components/lawyer/criminal-system/components/LiveArrestSummonCard.tsx",188,1,"button",1,0,"B0-SAFE-explicit-type-button","","<button type=""button"" onClick={() => onUpdateEnforcement({ attendanceStatus: 'attended' })} className=""rounded-lg border border-emerald-500/40 bg-emerald-500/12 px-3 py-2 text-[11px] font-black text-emerald-100"" >"
"src/app/components/lawyer/criminal-system/components/LiveArrestSummonCard.tsx",195,1,"button",1,0,"B0-SAFE-explicit-type-button","","<button type=""button"" onClick={() => onUpdateEnforcement({ attendanceStatus: 'absent' })} className=""rounded-lg border border-red-500/35 bg-red-500/10 px-3 py-2 text-[11px] font-black text-red-100"" >"
"src/app/components/lawyer/criminal-system/components/LiveDetentionCard.tsx",293,1,"button",1,0,"B0-SAFE-explicit-type-button","","<button type=""button"" onClick={() => { setExtendError(''); setExtendEndDraft(''); setExtendOpen((v) => !v); }} className=""inline-flex items-center gap-1.5 rounded-lg border border-amber-500/45 bg-amber-500/15 px-3 py-1.5 text-[11px] font"
"src/app/components/lawyer/criminal-system/components/LiveDetentionCard.tsx",305,1,"button",1,0,"B0-SAFE-explicit-type-button","","<button type=""button"" onClick={() => onDocumentRelease(decision)} className=""inline-flex items-center gap-1.5 rounded-lg border border-emerald-500/45 bg-emerald-500/15 px-3 py-1.5 text-[11px] font-black text-emerald-50 hover:bg-emerald-5"
"src/app/components/lawyer/criminal-system/components/LiveDetentionCard.tsx",314,1,"button",1,0,"B0-SAFE-explicit-type-button","","<button type=""button"" onClick={() => onQuickBailRelease(decision)} className=""inline-flex items-center gap-1.5 rounded-lg border border-cyan-500/50 bg-cyan-500/15 px-3 py-1.5 text-[11px] font-black text-cyan-50 hover:bg-cyan-500/25 trans"
"src/app/components/lawyer/criminal-system/components/LiveDetentionCard.tsx",364,1,"button",1,0,"B0-SAFE-explicit-type-button","","<button type=""button"" onClick={submitExtend} className=""rounded-lg bg-amber-500/90 text-[#0B1021] px-3 py-1.5 text-[11px] font-black hover:brightness-110 transition"" >"
"src/app/components/lawyer/criminal-system/components/LiveDetentionCard.tsx",371,1,"button",1,0,"B0-SAFE-explicit-type-button","","<button type=""button"" onClick={() => { setExtendOpen(false); setExtendError(''); }} className=""rounded-lg border border-white/15 px-3 py-1.5 text-[11px] font-black text-white/70 hover:bg-white/[0.04] transition"" >"
"src/app/components/lawyer/criminal-system/components/modals/CaseIdentityCorrectionModal.tsx",107,1,"button",1,0,"B0-SAFE-explicit-type-button","","<button type=""button"" onClick={onClose} className=""min-h-[44px] min-w-[44px] px-3 text-white/60 hover:text-white transition text-xs font-bold rounded-md hover:bg-slate-700/60 touch-manipulation"" >"
"src/app/components/lawyer/criminal-system/components/modals/CaseIdentityCorrectionModal.tsx",170,1,"button",1,0,"B0-SAFE-explicit-type-button","","<button type=""button"" onClick={onClose} className=""min-h-[44px] px-4 rounded-xl border border-slate-700 bg-slate-900 text-sm font-black text-white/80 hover:text-white hover:bg-slate-800/30 transition touch-manipulation"" >"
"src/app/components/lawyer/criminal-system/components/modals/CaseIdentityCorrectionModal.tsx",177,1,"button",1,0,"B0-SAFE-explicit-type-button","","<button type=""button"" onClick={handleSubmit} disabled={!nameValue.trim() || !reason.trim()} className=""min-h-[44px] px-4 rounded-xl bg-[#E6C673] text-[#0B1021] font-black text-sm hover:brightness-110 active:brightness-95 transition disab"
"src/app/components/lawyer/criminal-system/components/modals/CriminalCaseTrashModal.tsx",39,1,"button",1,0,"B0-SAFE-explicit-type-button","","<button type=""button"" onClick={onClose} className=""min-h-[44px] min-w-[44px] px-3 text-white/60 hover:text-white transition text-xs font-bold rounded-md hover:bg-slate-700/60 touch-manipulation"" >"
"src/app/components/lawyer/criminal-system/components/modals/CriminalCaseTrashModal.tsx",72,1,"button",1,0,"B0-SAFE-explicit-type-button","","<button type=""button"" onClick={() => onRestore(item.id)} className=""min-h-[44px] px-3 rounded-lg border border-emerald-500/40 bg-emerald-500/10 text-[11px] font-black text-emerald-200 hover:bg-emerald-500/20 transition touch-manipulation"
"src/app/components/lawyer/criminal-system/components/modals/CriminalCaseTrashModal.tsx",79,1,"button",1,0,"B0-SAFE-explicit-type-button","","<button type=""button"" onClick={() => onPurge(item.id)} className=""min-h-[44px] px-3 rounded-lg border border-red-500/35 bg-red-500/10 text-[11px] font-black text-red-200 hover:bg-red-500/20 transition touch-manipulation"" >"
"src/app/components/lawyer/criminal-system/components/modals/CriminalStatementModalContentSection.tsx",57,1,"button",1,0,"B0-SAFE-explicit-type-button","","<button key={c.value} type=""button"" onClick={() => applyHighlight(c.value)} className=""rounded-lg border border-slate-600/70 bg-slate-800/80 px-2.5 py-1 text-[10px] font-black text-white/85 hover:bg-slate-700/80 transition"" title={c.lab"
"src/app/components/lawyer/criminal-system/components/modals/CriminalStatementModalContentSection.tsx",68,1,"button",1,0,"B0-SAFE-explicit-type-button","","<button type=""button"" onClick={() => setContentHighlights([])} className=""rounded-lg border border-slate-600/50 px-2 py-1 text-[10px] font-bold text-white/50 hover:text-white/70"" >"
"src/app/components/lawyer/criminal-system/components/modals/CriminalStatementModalFooter.tsx",20,1,"button",1,0,"B0-SAFE-explicit-type-button","","<button type=""button"" onClick={onClose} className=""min-h-[44px] px-4 rounded-xl border border-slate-700 bg-slate-900 text-sm font-black text-white/80 hover:text-white hover:bg-slate-800/30 transition whitespace-normal break-words touch-m"
"src/app/components/lawyer/criminal-system/components/modals/CriminalStatementModalFooter.tsx",27,1,"button",1,0,"B0-SAFE-explicit-type-button","","<button type=""button"" onClick={requestSave} disabled={!canSave} className=""min-h-[44px] px-4 rounded-xl bg-[#E6C673] text-[#0B1021] font-black text-sm hover:brightness-110 active:brightness-95 transition disabled:opacity-40 whitespace-no"
"src/app/components/lawyer/criminal-system/components/modals/CriminalStatementModalFooter.tsx",56,1,"button",1,0,"B0-SAFE-explicit-type-button","","<button type=""button"" onClick={() => setSaveConfirmOpen(false)} className=""rounded-xl border border-slate-700 bg-slate-900 px-3 py-2 text-xs font-black text-white/80"" >"
"src/app/components/lawyer/criminal-system/components/modals/CriminalStatementModalFooter.tsx",63,1,"button",1,0,"B0-SAFE-explicit-type-button","","<button type=""button"" onClick={submit} className=""rounded-xl bg-[#E6C673] text-[#0B1021] px-3 py-2 text-xs font-black"" >"
"src/app/components/lawyer/criminal-system/components/modals/CriminalStatementModalGiverSection.tsx",153,1,"button",1,0,"B0-SAFE-explicit-type-button","","<button type=""button"" onClick={() => selectWitnessPartySide('complainant')} aria-pressed={witnessPartySide === 'complainant'} className={`rounded-xl border px-3 py-2 text-[12px] font-black transition whitespace-normal break-words ${ witne"
"src/app/components/lawyer/criminal-system/components/modals/CriminalStatementModalGiverSection.tsx",165,1,"button",1,0,"B0-SAFE-explicit-type-button","","<button type=""button"" onClick={() => selectWitnessPartySide('defendant')} aria-pressed={witnessPartySide === 'defendant'} className={`rounded-xl border px-3 py-2 text-[12px] font-black transition whitespace-normal break-words ${ witnessPa"
"src/app/components/lawyer/criminal-system/components/modals/CriminalStatementModalShell.tsx",26,1,"button",1,0,"B0-SAFE-explicit-type-button","","<button type=""button"" onClick={onClose} className=""min-h-[44px] min-w-[44px] px-3 text-white/70 hover:text-white transition text-sm font-bold whitespace-normal break-words touch-manipulation"" >"
"src/app/components/lawyer/criminal-system/components/modals/CriminalStatementModalVenueSection.tsx",34,1,"button",1,0,"B0-SAFE-explicit-type-button","","<button key={opt.value} type=""button"" onClick={() => { setStatementRecordingPlace(opt.value); if (opt.value === 'investigation_officer') { setStatementIsRatified(false); } }} className={`rounded-xl border px-2.5 py-2 text-[11px] font-blac"
"src/app/components/lawyer/criminal-system/components/modals/InvestigationDecisionModal.tsx",248,1,"button",1,0,"B0-SAFE-explicit-type-button","","<button type=""button"" onClick={onClose} className=""min-h-[44px] min-w-[44px] px-3 text-white/70 hover:text-white text-sm font-bold touch-manipulation"">"
"src/app/components/lawyer/criminal-system/components/modals/InvestigationDecisionModal.tsx",356,1,"button",1,0,"B0-SAFE-explicit-type-button","","<button type=""button"" onClick={onClose} className=""min-h-[44px] px-4 rounded-xl border border-slate-700 text-sm font-black text-white/80 touch-manipulation"" >"
"src/app/components/lawyer/criminal-system/components/modals/InvestigationDecisionModal.tsx",363,1,"button",1,0,"B0-SAFE-explicit-type-button","","<button type=""button"" onClick={handleSubmit} disabled={Boolean(submitBlocker)} className=""min-h-[44px] px-4 rounded-lg bg-[#E6C673] text-[#0B1021] font-black text-sm hover:brightness-110 disabled:opacity-40 disabled:cursor-not-allowed to"
"src/app/components/lawyer/criminal-system/components/modals/MergeCaseModal.tsx",49,1,"button",1,0,"B0-SAFE-explicit-type-button","","<button type=""button"" onClick={onClose} className=""min-h-[44px] min-w-[44px] px-3 text-white/70 hover:text-white transition text-sm font-bold whitespace-normal break-words touch-manipulation"" >"
"src/app/components/lawyer/criminal-system/components/modals/MergeCaseModal.tsx",101,1,"button",1,0,"B0-SAFE-explicit-type-button","","<button type=""button"" onClick={onClose} className=""min-h-[44px] px-4 rounded-xl border border-slate-700 bg-slate-900 text-sm font-black text-white/80 hover:text-white hover:bg-slate-800/30 transition whitespace-normal break-words touch-m"
"src/app/components/lawyer/criminal-system/components/modals/MergeCaseModal.tsx",108,1,"button",1,0,"B0-SAFE-explicit-type-button","","<button type=""button"" onClick={onSubmit} disabled={!canSubmit} className=""min-h-[44px] px-4 rounded-lg bg-[#E6C673] text-[#0B1021] font-black text-sm hover:brightness-110 active:brightness-95 transition disabled:opacity-40 whitespace-nor"
"src/app/components/lawyer/criminal-system/components/modals/ProceduralActionFormModal.tsx",71,1,"button",1,0,"B0-SAFE-explicit-type-button","","<button type=""button"" onClick={onClose} className=""min-h-[44px] min-w-[44px] px-3 text-white/70 hover:text-white text-sm font-bold touch-manipulation"">"
"src/app/components/lawyer/criminal-system/components/modals/ProceduralActionFormModal.tsx",130,1,"button",1,0,"B0-SAFE-explicit-type-button","","<button type=""button"" onClick={onClose} className=""min-h-[44px] px-4 rounded-xl border border-slate-700 text-sm font-black text-white/75 touch-manipulation"" >"
"src/app/components/lawyer/criminal-system/components/modals/ProceduralActionFormModal.tsx",137,1,"button",1,0,"B0-SAFE-explicit-type-button","","<button type=""button"" disabled={!title.trim() || !date.trim()} onClick={() => onSubmit({ id: initial?.id, title: title.trim(), date: date.trim(), status, followUpDate: status === 'in_progress' && followUpDate.trim() ? followUpDate.trim() "
"src/app/components/lawyer/criminal-system/components/modals/ProceduralAddChildModal.tsx",24,1,"button",1,0,"B0-SAFE-explicit-type-button","","<button type=""button"" onClick={onClose} className=""min-h-[44px] min-w-[44px] px-3 text-white/70 hover:text-white text-sm font-bold touch-manipulation"">"
"src/app/components/lawyer/criminal-system/components/modals/ProceduralAddChildModal.tsx",30,1,"button",1,0,"B0-SAFE-explicit-type-button","","<button key={opt.kind} type=""button"" onClick={() => onPick(opt.kind)} className=""w-full min-h-[44px] rounded-xl border border-slate-600/60 bg-slate-800/40 px-3 py-3 text-right hover:border-[#E6C673]/50 transition touch-manipulation"" >"
"src/app/components/lawyer/criminal-system/components/modals/ProceduralAdvancePhaseModal.tsx",51,1,"button",1,0,"B0-SAFE-explicit-type-button","","<button type=""button"" onClick={onClose} className=""min-h-[44px] px-4 rounded-xl border border-slate-700 text-sm font-black text-white/75 touch-manipulation"" >"
"src/app/components/lawyer/criminal-system/components/modals/ProceduralAdvancePhaseModal.tsx",58,1,"button",1,0,"B0-SAFE-explicit-type-button","","<button type=""button"" onClick={() => onSubmit({ spawnChildTitle: spawnChildTitle.trim() || undefined, }) } className=""min-h-[44px] px-4 rounded-xl bg-emerald-600/90 text-sm font-black text-white touch-manipulation"" >"
"src/app/components/lawyer/criminal-system/components/modals/ProceduralContainerFormModal.tsx",57,1,"button",1,0,"B0-SAFE-explicit-type-button","","<button type=""button"" onClick={onClose} className=""min-h-[44px] min-w-[44px] px-3 text-white/70 hover:text-white text-sm font-bold touch-manipulation"">"
"src/app/components/lawyer/criminal-system/components/modals/ProceduralContainerFormModal.tsx",75,1,"button",1,0,"B0-SAFE-explicit-type-button","","<button key={ic} type=""button"" onClick={() => setIcon(ic)} className={`h-9 w-9 rounded-lg border-2 text-lg transition ${ icon === ic ? 'border-white scale-110' : 'border-slate-600/80' }`} >"
"src/app/components/lawyer/criminal-system/components/modals/ProceduralContainerFormModal.tsx",92,1,"button",1,0,"B0-SAFE-explicit-type-button","","<button key={c} type=""button"" onClick={() => setColor(c)} className={`h-8 w-8 rounded-lg border-2 transition ${ color === c ? 'border-white scale-110' : 'border-slate-600/80' }`} style={{ backgroundColor: c }} aria-label={c} />"
"src/app/components/lawyer/criminal-system/components/modals/ProceduralContainerFormModal.tsx",106,1,"button",1,0,"B0-SAFE-explicit-type-button","","<button type=""button"" onClick={onClose} className=""min-h-[44px] px-4 rounded-xl border border-slate-700 text-sm font-black text-white/75 touch-manipulation"" >"
"src/app/components/lawyer/criminal-system/components/modals/ProceduralContainerFormModal.tsx",113,1,"button",1,0,"B0-SAFE-explicit-type-button","","<button type=""button"" disabled={!containerTitle.trim()} onClick={() => onSubmit({ title: containerTitle.trim(), color: normalizeColor(color), icon: normalizeIcon(icon), }) } className=""min-h-[44px] px-4 rounded-xl bg-[#E6C673] text-[#0B1"
"src/app/components/lawyer/criminal-system/components/modals/ProceduralLinkedTimelineModal.tsx",39,1,"button",1,0,"B0-SAFE-explicit-type-button","","<button type=""button"" onClick={onClose} className=""min-h-[44px] min-w-[44px] px-3 text-white/70 hover:text-white text-sm font-bold touch-manipulation"">"
"src/app/components/lawyer/criminal-system/components/modals/ProceduralLinkedTimelineModal.tsx",72,1,"button",1,0,"B0-SAFE-explicit-type-button","","<button type=""button"" onClick={onClose} className=""min-h-[44px] px-4 rounded-xl bg-[#E6C673] text-[#0B1021] text-sm font-black touch-manipulation hover:brightness-110 active:brightness-95 transition"" >"
"src/app/components/lawyer/criminal-system/components/modals/ProceduralNoteFormModal.tsx",56,1,"button",1,0,"B0-SAFE-explicit-type-button","","<button type=""button"" onClick={onClose} className=""min-h-[44px] min-w-[44px] px-3 text-white/70 hover:text-white text-sm font-bold touch-manipulation"">"
"src/app/components/lawyer/criminal-system/components/modals/ProceduralNoteFormModal.tsx",93,1,"button",1,0,"B0-SAFE-explicit-type-button","","<button type=""button"" onClick={onClose} className=""min-h-[44px] px-4 rounded-xl border border-slate-700 text-sm font-black text-white/75 touch-manipulation"" >"
"src/app/components/lawyer/criminal-system/components/modals/ProceduralNoteFormModal.tsx",100,1,"button",1,0,"B0-SAFE-explicit-type-button","","<button type=""button"" disabled={!title.trim()} onClick={() => onSubmit({ id: initial?.id, title: title.trim(), body: body.trim() || undefined, link: ctx.link, contextNote: ctx.contextNote, tags: parseTagsInput(tagsText), contextRef: undef"
"src/app/components/lawyer/criminal-system/components/modals/RequestQuickFinalizeModal.tsx",48,1,"button",1,0,"B0-SAFE-explicit-type-button","","<button type=""button"" onClick={onClose} className=""min-h-[44px] min-w-[44px] px-3 text-white/70 hover:text-white transition text-sm font-bold whitespace-normal break-words touch-manipulation"" >"
"src/app/components/lawyer/criminal-system/components/modals/RequestQuickFinalizeModal.tsx",110,1,"button",1,0,"B0-SAFE-explicit-type-button","","<button type=""button"" onClick={onClose} className=""min-h-[44px] px-4 rounded-xl border border-slate-700 bg-slate-900 text-sm font-black text-white/80 hover:text-white hover:bg-slate-800/30 transition whitespace-normal break-words touch-m"
"src/app/components/lawyer/criminal-system/components/modals/RequestQuickFinalizeModal.tsx",117,1,"button",1,0,"B0-SAFE-explicit-type-button","","<button type=""button"" onClick={onSave} disabled={!canSave} className=""min-h-[44px] px-4 rounded-lg bg-[#E6C673] text-[#0B1021] font-black text-sm hover:brightness-110 active:brightness-95 transition disabled:opacity-40 whitespace-normal "
"src/app/components/lawyer/criminal-system/components/modals/SeveranceTargetPickerModal.tsx",136,1,"button",1,0,"B0-SAFE-explicit-type-button","","<button type=""button"" onClick={onClose} className=""min-h-[44px] min-w-[44px] px-3 text-white/65 hover:text-white text-xs font-bold rounded-md hover:bg-white/5 transition touch-manipulation"" >"
"src/app/components/lawyer/criminal-system/components/modals/SeveranceTargetPickerModal.tsx",244,1,"button",1,0,"B0-SAFE-explicit-type-button","","<button type=""button"" onClick={() => setIsAppealable((prev) => !prev)} className={`inline-flex items-center gap-1.5 rounded-full border px-3 py-1 text-[11px] font-black transition ${ isAppealable ? 'border-emerald-500/40 bg-emerald-500/10"
"src/app/components/lawyer/criminal-system/components/modals/SeveranceTargetPickerModal.tsx",265,1,"button",1,0,"B0-SAFE-explicit-type-button","","<button type=""button"" onClick={onClose} className=""min-h-[44px] px-4 rounded-xl border border-white/10 bg-white/[0.03] text-xs font-black text-white/75 hover:text-white hover:bg-white/[0.08] hover:border-white/20 transition touch-manipul"
"src/app/components/lawyer/criminal-system/components/modals/SeveranceTargetPickerModal.tsx",272,1,"button",1,0,"B0-SAFE-explicit-type-button","","<button type=""button"" onClick={handleContinue} disabled={isContinueDisabled} className=""min-h-[44px] px-4 rounded-xl bg-[#E6C673] text-[#0B1021] font-black text-xs hover:brightness-110 disabled:opacity-40 disabled:cursor-not-allowed tran"
"src/app/components/lawyer/criminal-system/components/modals/StageFinalDecisionModal.tsx",163,1,"button",1,0,"B0-SAFE-explicit-type-button","","<button type=""button"" onClick={onClose} className=""text-white/70 hover:text-white transition text-sm font-bold"">"
"src/app/components/lawyer/criminal-system/components/modals/StageFinalDecisionModal.tsx",450,1,"button",1,0,"B0-SAFE-explicit-type-button","","<button type=""button"" onClick={onClose} className=""rounded-xl px-4 py-2 text-sm font-bold text-white/70 hover:text-white border border-white/15"" >"
"src/app/components/lawyer/criminal-system/components/modals/StageFinalDecisionModal.tsx",457,1,"button",1,0,"B0-SAFE-explicit-type-button","","<button type=""button"" onClick={handleSubmit} className=""rounded-xl px-4 py-2 text-sm font-black bg-[#E6C673]/20 border border-[#E6C673]/40 text-[#E6C673] hover:bg-[#E6C673]/30"" >"
"src/app/components/lawyer/criminal-system/components/modals/TrialDepositionModal.tsx",230,1,"button",1,0,"B0-SAFE-explicit-type-button","","<button type=""button"" onClick={onClose} className=""min-h-[44px] min-w-[44px] px-3 text-white/60 text-xs font-bold touch-manipulation"">"
"src/app/components/lawyer/criminal-system/components/modals/TrialDepositionModal.tsx",336,1,"button",1,0,"B0-SAFE-explicit-type-button","","<button key={c.value} type=""button"" onClick={() => applyHighlight(c.value)} className=""rounded-lg border border-slate-600/70 bg-slate-800/80 px-2.5 py-1 text-[10px] font-black text-white/85 hover:bg-slate-700/80 transition"" title={c.lab"
"src/app/components/lawyer/criminal-system/components/modals/TrialDepositionModal.tsx",347,1,"button",1,0,"B0-SAFE-explicit-type-button","","<button type=""button"" onClick={() => setContentHighlights([])} className=""rounded-lg border border-slate-600/50 px-2 py-1 text-[10px] font-bold text-white/50 hover:text-white/70"" >"
"src/app/components/lawyer/criminal-system/components/modals/TrialDepositionModal.tsx",372,1,"button",1,0,"B0-SAFE-explicit-type-button","","<button type=""button"" onClick={onClose} className=""rounded-xl border border-slate-700 px-4 py-2 text-sm font-black text-white/70"" >"
"src/app/components/lawyer/criminal-system/components/modals/TrialDepositionModal.tsx",379,1,"button",1,0,"B0-SAFE-explicit-type-button","","<button type=""button"" onClick={handleSave} disabled={!canSave} className=""min-h-[44px] px-4 rounded-xl bg-[#E6C673] text-[#0B1021] text-sm font-black disabled:opacity-40 touch-manipulation hover:brightness-110 active:brightness-95 transi"
"src/app/components/lawyer/criminal-system/components/modals/TrialHearingDateModal.tsx",102,1,"button",1,0,"B0-SAFE-explicit-type-button","","<button type=""button"" onClick={onClose} className=""min-h-[44px] px-4 rounded-xl border border-white/15 text-xs font-bold text-white/70 hover:text-white hover:bg-white/5 transition touch-manipulation"" >"
"src/app/components/lawyer/criminal-system/components/modals/TrialHearingDateModal.tsx",109,1,"button",1,0,"B0-SAFE-explicit-type-button","","<button type=""button"" data-testid={CRIMINAL_DOSSIER_TEST_IDS.trialHearingDateSave} onClick={handleSubmit} className=""min-h-[44px] px-4 rounded-xl bg-[#E6C673] text-[#0B1021] text-xs font-black hover:brightness-110 active:brightness-95 tr"
"src/app/components/lawyer/criminal-system/components/modals/VenueIdentityCorrectionModal.tsx",192,1,"button",1,0,"B0-SAFE-explicit-type-button","","<button type=""button"" onClick={onClose} className=""min-h-[44px] min-w-[44px] px-3 text-white/60 hover:text-white transition text-xs font-bold rounded-md hover:bg-slate-700/60 touch-manipulation"" >"
"src/app/components/lawyer/criminal-system/components/modals/VenueIdentityCorrectionModal.tsx",303,1,"button",1,0,"B0-SAFE-explicit-type-button","","<button type=""button"" onClick={onClose} className=""min-h-[44px] px-4 rounded-xl border border-slate-700 bg-slate-900 text-sm font-black text-white/80 hover:text-white hover:bg-slate-800/30 transition touch-manipulation"" >"
"src/app/components/lawyer/criminal-system/components/modals/VenueIdentityCorrectionModal.tsx",310,1,"button",1,0,"B0-SAFE-explicit-type-button","","<button type=""button"" onClick={handleSubmit} className=""rounded-xl bg-[#E6C673] text-[#0B1021] font-black py-2.5 px-4 text-sm hover:brightness-110 active:brightness-95 transition"" >"
"src/app/components/lawyer/criminal-system/components/OtherEvidenceEntryForm.tsx",95,1,"button",1,0,"B0-SAFE-explicit-type-button","","<button type=""button"" data-testid={CRIMINAL_DOSSIER_TEST_IDS.otherEvidenceSave} onClick={submit} className=""min-h-[44px] rounded-xl bg-[#E6C673] px-4 py-2 text-sm font-black text-[#0B1021] transition hover:brightness-110 touch-manipulati"
"src/app/components/lawyer/criminal-system/components/OtherEvidenceEntryForm.tsx",103,1,"button",1,0,"B0-SAFE-explicit-type-button","","<button type=""button"" onClick={onClose} className=""min-h-[44px] rounded-xl border border-white/15 bg-white/[0.06] px-4 py-2 text-sm font-black text-white transition hover:bg-white/10 touch-manipulation"" >"
"src/app/components/lawyer/criminal-system/components/OtherEvidenceLogCard.tsx",56,1,"button",1,0,"B0-SAFE-explicit-type-button","","<button type=""button"" onClick={onRequestTrash} className=""mr-auto rounded-md border border-red-500/20 bg-red-500/10 px-2 py-1 text-[11px] font-black text-red-200/80 hover:text-red-200 hover:bg-red-500/15 transition print:hidden"" aria-la"
"src/app/components/lawyer/criminal-system/components/PendingSeveranceResumeBar.tsx",56,1,"button",1,0,"B0-SAFE-explicit-type-button","","<button type=""button"" onClick={onResume} className=""rounded-xl bg-[#E6C673] text-[#0B1021] font-black px-4 py-2.5 text-xs hover:brightness-110 transition whitespace-nowrap"" >"
"src/app/components/lawyer/criminal-system/components/PendingSeveranceResumeBar.tsx",63,1,"button",1,0,"B0-SAFE-explicit-type-button","","<button type=""button"" onClick={() => { const ok = typeof globalThis.confirm === 'function' ? globalThis.confirm( 'إلغاء التفريق المعلّق وحذف المسودّة المحفوظة؟ لا يمكن التراجع.', ) : false; if (!ok) return; cancelPendingSeverance(); }} cl"
"src/app/components/lawyer/criminal-system/components/ProceduralBacklinks.tsx",23,1,"button",1,0,"B0-SAFE-explicit-type-button","","<button type=""button"" onClick={() => onNavigate({ kind: ref.itemType, id: ref.itemId })} className=""w-full text-right rounded-lg border border-slate-600/45 bg-slate-900/50 px-2.5 py-2 hover:border-sky-500/40 hover:bg-slate-800/60 transit"
"src/app/components/lawyer/criminal-system/components/ProceduralContextLinkField.tsx",84,1,"button",1,0,"B0-SAFE-explicit-type-button","","<button key={tab.id} type=""button"" onClick={() => setModeAndReset(tab.id as PickMode)} className={`rounded-lg px-2.5 py-1.5 text-[10px] font-black border transition-all duration-200 ${ mode === tab.id ? tabActiveClass : tabIdleClass }`} >"
"src/app/components/lawyer/criminal-system/components/ProceduralContextLinkField.tsx",102,1,"button",1,0,"B0-SAFE-explicit-type-button","","<button type=""button"" onClick={() => onChange({ contextNote: value.contextNote })} className=""text-[10px] font-black text-white/50 hover:text-red-300 shrink-0"" >"
"src/app/components/lawyer/criminal-system/components/ProceduralContextLinkField.tsx",134,1,"button",1,0,"B0-SAFE-explicit-type-button","","<button type=""button"" onClick={() => pick(opt)} className={`w-full text-right rounded-lg px-2 py-1.5 text-[11px] font-bold transition ${ value.link?.id === opt.id && value.link?.kind === opt.kind ? 'bg-[#E6C673]/20 text-[#E6C673] border b"
"src/app/components/lawyer/criminal-system/components/RecursiveProceduralCanvas/AttentionBoardColumns.tsx",20,1,"button",1,0,"B0-SAFE-explicit-type-button","","<button type=""button"" onClick={() => onFocus(entry.actionId)} className={`w-full text-right rounded-lg border px-2 py-1.5 transition ${toneClass}`} >"
"src/app/components/lawyer/criminal-system/components/RecursiveProceduralCanvas/primitives.tsx",30,1,"button",1,0,"B0-SAFE-explicit-type-button","","<button type=""button"" onClick={() => onOpen(link)} className=""text-[8px] text-[#E6C673]/55 font-bold mt-0.5 whitespace-normal break-words text-right opacity-70 hover:opacity-90 hover:text-[#E6C673]/75 underline underline-offset-2"" >"
"src/app/components/lawyer/criminal-system/components/RecursiveProceduralCanvas/primitives.tsx",77,1,"button",1,0,"B0-SAFE-explicit-type-button","","<button type=""button"" onClick={onToggle} className={`shrink-0 rounded-lg border px-2.5 py-1 text-[10px] font-black whitespace-nowrap transition ${ collapsed ? 'border-sky-500/45 bg-sky-500/12 text-sky-100 hover:bg-sky-500/22' : 'border-sl"
"src/app/components/lawyer/criminal-system/components/RecursiveProceduralCanvas/primitives.tsx",233,1,"button",1,0,"B0-SAFE-explicit-type-button","","<button type=""button"" disabled={disabled} onClick={(e) => { e.stopPropagation(); onToggle(); }} aria-label={starred ? 'إلغاء التثبيت' : 'تثبيت تكتيكي'} className={`shrink-0 text-[12px] leading-none px-0.5 transition ${ starred ? 'text-[#E"
"src/app/components/lawyer/criminal-system/components/RecursiveProceduralCanvas/primitives.tsx",271,1,"button",1,0,"B0-SAFE-explicit-type-button","","<button type=""button"" onClick={onClone} className=""w-full text-right rounded-lg px-3 py-2 text-[11px] font-black text-sky-200/95 hover:bg-slate-800 whitespace-nowrap"" >"
"src/app/components/lawyer/criminal-system/components/RecursiveProceduralCanvas/primitives.tsx",279,1,"button",1,0,"B0-SAFE-explicit-type-button","","<button type=""button"" onClick={onEdit} className=""w-full text-right rounded-lg px-3 py-2 text-[11px] font-black text-white/85 hover:bg-slate-800 whitespace-nowrap"" >"
"src/app/components/lawyer/criminal-system/components/RecursiveProceduralCanvas/primitives.tsx",286,1,"button",1,0,"B0-SAFE-explicit-type-button","","<button type=""button"" onClick={onDelete} className=""w-full text-right rounded-lg px-3 py-2 text-[11px] font-black text-red-300/90 hover:bg-red-950/40 whitespace-nowrap"" >"
"src/app/components/lawyer/criminal-system/components/RecursiveProceduralCanvas/ProceduralCanvasModalsHost.tsx",233,1,"button",1,0,"B0-SAFE-explicit-type-button","","<button type=""button"" onClick={closeConfirmDelete} className=""rounded-xl border border-slate-700 px-4 py-2 text-sm font-black text-white/75"" >"
"src/app/components/lawyer/criminal-system/components/RecursiveProceduralCanvas/ProceduralCanvasModalsHost.tsx",240,1,"button",1,0,"B0-SAFE-explicit-type-button","","<button type=""button"" onClick={() => { deleteContainer(caseId, confirmDeleteId); closeConfirmDelete(); }} className=""rounded-xl bg-red-600/80 px-4 py-2 text-sm font-black text-white"" >"
"src/app/components/lawyer/criminal-system/components/RecursiveProceduralCanvas/ProceduralCanvasToolbar.tsx",75,1,"button",1,0,"B0-SAFE-explicit-type-button","","<button type=""button"" onClick={onCreateRoot} className=""flex-1 min-w-[9rem] rounded-xl bg-[#E6C673] text-[#0B1021] py-2.5 text-sm font-black hover:brightness-110 transition"" >"
"src/app/components/lawyer/criminal-system/components/RecursiveProceduralCanvas/ProceduralCanvasTreePanel.tsx",37,1,"button",1,0,"B0-SAFE-explicit-type-button","","<button type=""button"" onClick={onCreateRoot} className=""rounded-xl bg-[#E6C673] text-[#0B1021] px-8 py-3 text-sm font-black hover:brightness-110 transition shadow-lg shadow-[#E6C673]/15"" >"
"src/app/components/lawyer/criminal-system/components/RecursiveProceduralCanvas/ProceduralContainerTreeChildren.tsx",230,1,"button",1,0,"B0-SAFE-explicit-type-button","","<button type=""button"" onClick={() => setContainerModal({ kind: 'create-nested', parentId: container.id, branchRole: 'primary', }) } className=""flex-1 min-w-[7.5rem] rounded-lg border border-[#E6C673]/45 bg-[#E6C673]/10 py-2 text-[11px] f"
"src/app/components/lawyer/criminal-system/components/RecursiveProceduralCanvas/ProceduralContainerTreeChildren.tsx",243,1,"button",1,0,"B0-SAFE-explicit-type-button","","<button type=""button"" onClick={() => setContainerModal({ kind: 'create-nested', parentId: container.id, branchRole: 'sub', }) } className=""flex-1 min-w-[7.5rem] rounded-lg border border-slate-600/55 py-2 text-[11px] font-black text-white"
"src/app/components/lawyer/criminal-system/components/RecursiveProceduralCanvas/ProceduralContainerTreeChildren.tsx",258,1,"button",1,0,"B0-SAFE-explicit-type-button","","<button type=""button"" onClick={() => setContainerModal({ kind: 'create-nested', parentId: container.id, branchRole: 'sub', }) } className=""w-full rounded-lg border border-slate-600/55 py-2 text-[11px] font-black text-white/70 hover:text-"
"src/app/components/lawyer/criminal-system/components/RecursiveProceduralCanvas/ProceduralContainerTreeChildren.tsx",272,1,"button",1,0,"B0-SAFE-explicit-type-button","","<button type=""button"" onClick={() => setAddChildParentId(container.id)} className=""w-full rounded-lg border border-dashed border-slate-600/50 py-2 text-[11px] font-black text-white/55 hover:text-[#E6C673] hover:border-[#E6C673]/40 transi"
"src/app/components/lawyer/criminal-system/components/RecursiveProceduralCanvas/ProceduralContainerTreeHeader.tsx",114,1,"button",1,0,"B0-SAFE-explicit-type-button","","<button type=""button"" onClick={() => { updateContainer(caseId, container.id, { pathStatus: 'completed', pathEndedAt: new Date().toISOString().slice(0, 10), }); }} className=""rounded-lg border border-emerald-500/35 px-2 py-0.5 text-[9px] "
"src/app/components/lawyer/criminal-system/components/RecursiveProceduralCanvas/ProceduralContainerTreeHeader.tsx",127,1,"button",1,0,"B0-SAFE-explicit-type-button","","<button type=""button"" onClick={() => { updateContainer(caseId, container.id, { pathStatus: 'active', pathEndedAt: undefined, }); }} className=""rounded-lg border border-sky-500/35 px-2 py-0.5 text-[9px] font-black text-sky-200 hover:bg-sl"
"src/app/components/lawyer/criminal-system/components/RecursiveProceduralCanvas/ProceduralContainerTreeHeader.tsx",141,1,"button",1,0,"B0-SAFE-explicit-type-button","","<button type=""button"" onClick={() => duplicateContainer(caseId, container.id)} className=""rounded-lg border border-slate-600/50 px-2 py-0.5 text-[9px] font-black text-white/70 hover:bg-slate-800 whitespace-nowrap"" >"
"src/app/components/lawyer/criminal-system/components/RecursiveProceduralCanvas/ProceduralItemRows.tsx",246,1,"button",1,0,"B0-SAFE-explicit-type-button","","<button type=""button"" onClick={onAdvance} className=""mt-2 rounded-lg bg-emerald-600/25 border border-emerald-500/35 px-2.5 py-1 text-[10px] font-black text-emerald-100 hover:bg-emerald-600/35"" >"
"src/app/components/lawyer/criminal-system/components/ReopenCaseModal.tsx",35,1,"button",1,0,"B0-SAFE-explicit-type-button","","<button type=""button"" onClick={onClose} className=""text-white/70 hover:text-white transition text-sm font-bold whitespace-normal break-words min-h-[44px] min-w-[44px]"" >"
"src/app/components/lawyer/criminal-system/components/ReopenCaseModal.tsx",57,1,"button",1,0,"B0-SAFE-explicit-type-button","","<button type=""button"" onClick={onClose} className=""rounded-xl border border-slate-700 bg-slate-900 px-4 py-2.5 text-sm font-black text-white/80 hover:text-white hover:bg-slate-800/30 transition whitespace-normal break-words min-h-[44px]"""
"src/app/components/lawyer/criminal-system/components/ReopenCaseModal.tsx",64,1,"button",1,0,"B0-SAFE-explicit-type-button","","<button type=""button"" onClick={onSubmit} disabled={!reopenCaseReason.trim()} className=""rounded-xl bg-[#E6C673] text-[#0B1021] font-black py-2.5 px-4 text-sm hover:brightness-110 active:brightness-95 transition disabled:opacity-40 whites"
"src/app/components/lawyer/criminal-system/components/RequestActionComponent.tsx",81,1,"button",1,0,"B0-SAFE-explicit-type-button","","<button type=""button"" role=""radio"" aria-checked={blocksProceedings} disabled={readOnly || !onProceedingsBlockChange} onClick={() => handleToggle(true)} className={`${toggleBtnBase} ${ blocksProceedings ? 'border-[#E6C673]/55 bg-[#E6C673"
"src/app/components/lawyer/criminal-system/components/RequestActionComponent.tsx",95,1,"button",1,0,"B0-SAFE-explicit-type-button","","<button type=""button"" role=""radio"" aria-checked={!blocksProceedings} disabled={readOnly || !onProceedingsBlockChange} onClick={() => handleToggle(false)} className={`${toggleBtnBase} ${ !blocksProceedings ? 'border-slate-500/45 bg-slate"
"src/app/components/lawyer/criminal-system/components/RequestModalAssetSeizureFields.tsx",80,1,"button",1,0,"B0-SAFE-explicit-type-button","","<button type=""button"" onClick={() => addAssetRow(singleFugitive.id)} className=""rounded-lg border border-amber-500/40 bg-amber-500/10 px-2.5 py-1 text-[11px] font-black text-amber-100 hover:bg-amber-500/20 transition whitespace-nowrap"" "
"src/app/components/lawyer/criminal-system/components/RequestModalAssetSeizureFields.tsx",99,1,"button",1,0,"B0-SAFE-explicit-type-button","","<button type=""button"" onClick={() => removeAssetRow(singleFugitive.id, a.localId)} className=""rounded-lg border border-red-500/35 bg-red-500/10 px-2 py-1.5 text-[11px] font-black text-red-200 hover:bg-red-500/20 transition shrink-0"" tit"
"src/app/components/lawyer/criminal-system/components/RequestModalAssetSeizureFields.tsx",155,1,"button",1,0,"B0-SAFE-explicit-type-button","","<button type=""button"" onClick={() => addAssetRow(target.id)} className=""rounded-lg border border-amber-500/40 bg-amber-500/10 px-2.5 py-1 text-[11px] font-black text-amber-100 hover:bg-amber-500/20 transition whitespace-nowrap shrink-0"""
"src/app/components/lawyer/criminal-system/components/RequestModalAssetSeizureFields.tsx",174,1,"button",1,0,"B0-SAFE-explicit-type-button","","<button type=""button"" onClick={() => removeAssetRow(target.id, a.localId)} className=""rounded-lg border border-red-500/35 bg-red-500/10 px-2 py-1.5 text-[11px] font-black text-red-200 hover:bg-red-500/20 transition shrink-0"" title=""حذف"
"src/app/components/lawyer/criminal-system/components/RequestModalJudicialAppealableToggle.tsx",34,1,"button",1,0,"B0-SAFE-explicit-type-button","","<button type=""button"" role=""switch"" aria-checked={displayAppealable} onClick={handleAppealableToggle} title={appealableToggleTitle} className={`inline-flex items-center gap-1.5 rounded-md border px-2.5 py-1 text-[11px] font-black whites"
"src/app/components/lawyer/criminal-system/components/RequestModalJudicialBailFields.tsx",63,1,"button",1,0,"B0-SAFE-explicit-type-button","","<button type=""button"" onClick={() => onBailKindChange?.('financial')} className={`rounded-lg border px-3 py-2 text-[12px] font-black transition ${ reqBailKind === 'financial' ? 'border-emerald-400/70 bg-emerald-500/15 text-emerald-100 sha"
"src/app/components/lawyer/criminal-system/components/RequestModalJudicialBailFields.tsx",74,1,"button",1,0,"B0-SAFE-explicit-type-button","","<button type=""button"" onClick={() => onBailKindChange?.('personal')} className={`rounded-lg border px-3 py-2 text-[12px] font-black transition ${ reqBailKind === 'personal' ? 'border-emerald-400/70 bg-emerald-500/15 text-emerald-100 shado"
"src/app/components/lawyer/criminal-system/components/RequestModalJudicialBailFields.tsx",106,1,"button",1,0,"B0-SAFE-explicit-type-button","","<button type=""button"" onClick={addGuarantor} className=""rounded-lg border border-emerald-500/40 bg-emerald-500/10 px-2.5 py-1 text-[11px] font-black text-emerald-100 hover:bg-emerald-500/20 transition"" >"
"src/app/components/lawyer/criminal-system/components/RequestModalJudicialBailFields.tsx",130,1,"button",1,0,"B0-SAFE-explicit-type-button","","<button type=""button"" onClick={() => removeGuarantor(g.id)} className=""rounded-lg border border-red-500/35 bg-red-500/10 px-2.5 py-1.5 text-[11px] font-black text-red-200 hover:bg-red-500/20 transition"" title=""حذف الكفيل"" >"
"src/app/components/lawyer/criminal-system/components/RequestProceduralLinkStrip.tsx",23,1,"button",1,0,"B0-SAFE-explicit-type-button","","<button key={ref.itemId} type=""button"" onClick={() => onNavigate({ kind: ref.itemType, id: ref.itemId })} className=""rounded-md border border-sky-500/35 bg-sky-950/30 px-2 py-0.5 text-[9px] font-bold text-sky-100/90 hover:bg-sky-900/50 t"
"src/app/components/lawyer/criminal-system/components/RequestsEntryModalFooter.tsx",27,1,"button",1,0,"B0-SAFE-explicit-type-button","","<button type=""button"" onClick={onClose} className=""rounded-xl border border-slate-600 bg-slate-800 px-4 py-2.5 text-sm font-black text-white hover:bg-slate-700/60 transition whitespace-normal break-words"" >"
"src/app/components/lawyer/criminal-system/components/RequestsEntryModalFooter.tsx",36,1,"button",1,0,"B0-SAFE-explicit-type-button","","<button type=""button"" onClick={onClose} className=""rounded-xl border border-slate-700 bg-slate-900 px-4 py-2.5 text-sm font-black text-white/80 hover:text-white hover:bg-slate-800/30 transition whitespace-normal break-words"" >"
"src/app/components/lawyer/criminal-system/components/RequestsEntryModalFooter.tsx",43,1,"button",1,0,"B0-SAFE-explicit-type-button","","<button type=""button"" data-testid={CRIMINAL_DOSSIER_TEST_IDS.requestSubmit} onClick={onSubmit} disabled={ !requestFormBaseValid || (reqIsLawyerMotionEntry && isRequestFinalStatus && !requestFormFinalValid) } className=""rounded-xl bg-[#E6"
"src/app/components/lawyer/criminal-system/components/RequestsEntryModalHeader.tsx",66,1,"button",1,0,"B0-SAFE-explicit-type-button","","<button type=""button"" onClick={onClose} className=""text-white/70 hover:text-white transition text-sm font-bold whitespace-normal break-words"" >"
"src/app/components/lawyer/criminal-system/components/SendToCassationModal.tsx",60,1,"button",1,0,"B0-SAFE-explicit-type-button","","<button type=""button"" onClick={onClose} className=""text-white/70 hover:text-white transition text-sm font-bold whitespace-normal break-words min-h-[44px] min-w-[44px]"" >"
"src/app/components/lawyer/criminal-system/components/SendToCassationModal.tsx",141,1,"button",1,0,"B0-SAFE-explicit-type-button","","<button type=""button"" onClick={onClose} className=""rounded-xl border border-slate-700 bg-slate-900 px-4 py-2.5 text-sm font-black text-white/80 hover:text-white hover:bg-slate-800/30 transition whitespace-normal break-words min-h-[44px]"""
"src/app/components/lawyer/criminal-system/components/SendToCassationModal.tsx",148,1,"button",1,0,"B0-SAFE-explicit-type-button","","<button type=""button"" onClick={onSubmit} disabled={ !cassationNumber.trim() || (cassationType !== 'prosecution_intervention_264b' && !cassationPanelName.trim()) } className=""rounded-xl bg-[#E6C673] text-[#0B1021] font-black py-2.5 px-4 t"
"src/app/components/lawyer/criminal-system/components/StageCloserModalFooter.tsx",51,1,"button",1,0,"B0-SAFE-explicit-type-button","","<button type=""button"" onClick={onClose} className=""rounded-xl border border-slate-700 bg-slate-900 px-4 py-2.5 text-sm font-black text-white/80 hover:text-white hover:bg-slate-800/30 transition whitespace-normal break-words"" >"
"src/app/components/lawyer/criminal-system/components/StageCloserModalFooter.tsx",58,1,"button",1,0,"B0-SAFE-explicit-type-button","","<button type=""button"" onClick={onSubmit} disabled={ !closureDecisionType || !closureDate.trim() || !closureDetails.trim() || (closureDecisionType === 'expiration' && (Boolean( validateExpirationReasonSelection( closureExpirationReason, cl"
"src/app/components/lawyer/criminal-system/components/StageCloserModalHeader.tsx",20,1,"button",1,0,"B0-SAFE-explicit-type-button","","<button type=""button"" onClick={onClose} className=""text-white/70 hover:text-white transition text-sm font-bold whitespace-normal break-words"" >"
"src/app/components/lawyer/criminal-system/components/StageFinalDecisionCard.tsx",132,1,"button",1,0,"B0-SAFE-explicit-type-button","","<button type=""button"" className=""shrink-0 rounded-xl border border-white/12 bg-white/[0.04] px-3 py-2 text-[11px] font-black text-white/75 hover:bg-white/[0.07] hover:text-white transition"" onClick={() => setShowDraftSection(true)} >"
"src/app/components/lawyer/criminal-system/components/StageFinalDecisionCard.tsx",165,1,"button",1,0,"B0-SAFE-explicit-type-button","","<button type=""button"" className=""rounded-lg px-3 py-2 text-xs font-black bg-sky-500/15 border border-sky-400/35 text-sky-100"" onClick={() => { const d = pubDateDraft.trim(); if (!d) return; onRecordAbsentiaPublication(d); setShowPubForm"
"src/app/components/lawyer/criminal-system/components/StageFinalDecisionCard.tsx",178,1,"button",1,0,"B0-SAFE-explicit-type-button","","<button type=""button"" className=""rounded-lg px-3 py-1.5 text-xs font-bold text-white/60"" onClick={() => setShowPubForm(false)} >"
"src/app/components/lawyer/criminal-system/components/StageFinalDecisionCard.tsx",187,1,"button",1,0,"B0-SAFE-explicit-type-button","","<button type=""button"" className=""rounded-xl border border-slate-400/35 bg-slate-800/40 px-3 py-2 text-xs font-black text-slate-100"" onClick={() => setShowPubForm(true)} >"
"src/app/components/lawyer/criminal-system/components/StageFinalDecisionCard.tsx",198,1,"button",1,0,"B0-SAFE-explicit-type-button","","<button type=""button"" className=""rounded-xl border border-sky-400/35 bg-sky-500/12 px-3 py-2 text-xs font-black text-sky-100"" onClick={onRecordAbsentiaObjection} >"
"src/app/components/lawyer/criminal-system/components/StageFinalDecisionCard.tsx",208,1,"button",1,0,"B0-SAFE-explicit-type-button","","<button type=""button"" className=""rounded-xl border-2 border-[#E6C673]/55 bg-[#E6C673]/12 px-3 py-2 text-xs font-black text-[#E6C673]"" onClick={() => onOpenCassationFiling?.()} >"
"src/app/components/lawyer/criminal-system/components/StageFinalDecisionCard.tsx",218,1,"button",1,0,"B0-SAFE-explicit-type-button","","<button type=""button"" className=""rounded-xl border border-violet-400/35 bg-violet-500/12 px-3 py-2 text-xs font-black text-violet-100"" onClick={() => onOpenCassationFiling?.()} >"
"src/app/components/lawyer/criminal-system/components/StageFinalDecisionCard.tsx",228,1,"button",1,0,"B0-SAFE-explicit-type-button","","<button type=""button"" className=""rounded-xl border-2 border-sky-400/55 bg-sky-500/15 px-3 py-2 text-xs font-black text-sky-100"" onClick={() => setResultModalOpen(true)} >"
"src/app/components/lawyer/criminal-system/components/StageFinalDecisionCard.tsx",238,1,"button",1,0,"B0-SAFE-explicit-type-button","","<button type=""button"" className=""rounded-xl border border-amber-500/50 bg-amber-500/10 px-3 py-2 text-xs font-black text-amber-100"" onClick={() => setCorrectionModalOpen(true)} >"
"src/app/components/lawyer/criminal-system/components/StageFinalDecisionCard.tsx",265,1,"button",1,0,"B0-SAFE-explicit-type-button","","<button type=""button"" className=""text-[10px] font-bold text-white/45 hover:text-white/70 transition"" onClick={() => { if (draftValue !== (card.decisionDraft ?? '')) onUpdateDraft(draftValue); setShowDraftSection(false); }} >"
"src/app/components/lawyer/criminal-system/components/StatementLogCard.tsx",107,1,"button",1,0,"B0-SAFE-explicit-type-button","","<button type=""button"" onClick={(e) => { e.stopPropagation(); onRequestTrash(); }} className=""rounded-md border border-red-500/20 bg-red-500/10 px-2 py-1 text-[11px] font-black text-red-200/80 hover:text-red-200 hover:bg-red-500/15 transi"
"src/app/components/lawyer/criminal-system/components/TrialDepositionWitnessCardContent.tsx",47,1,"button",1,0,"B0-SAFE-explicit-type-button","","<button id={`td-compare-float-${depositionId}`} type=""button"" onMouseDown={(e) => e.preventDefault()} onClick={() => onOpenLinkPicker(floatBtn.text)} style={{ position: 'fixed', top: floatBtn.top, left: floatBtn.left, transform: 'translat"
"src/app/components/lawyer/criminal-system/components/TrialDepositionWitnessCardContent.tsx",68,1,"button",1,0,"B0-SAFE-explicit-type-button","","<button type=""button"" onClick={() => onOpenLinkPicker()} className=""rounded-lg border border-orange-500/45 bg-orange-950/30 px-3 py-1.5 text-[10px] font-black text-orange-100 hover:bg-orange-900/40 transition"" >"
"src/app/components/lawyer/criminal-system/components/TrialDepositionWitnessCardCrossExam.tsx",68,1,"button",1,0,"B0-SAFE-explicit-type-button","","<button type=""button"" onClick={() => onRemoveCrossQuestion(q.id)} className=""text-[10px] font-bold text-red-300/70 hover:text-red-200 shrink-0"" >"
"src/app/components/lawyer/criminal-system/components/TrialDepositionWitnessCardCrossExam.tsx",105,1,"button",1,0,"B0-SAFE-explicit-type-button","","<button type=""button"" onClick={onAddCrossQuestion} className=""rounded-xl border border-[#E6C673]/45 bg-[#E6C673]/12 px-3 py-2 text-[11px] font-black text-[#E6C673]"" >"
"src/app/components/lawyer/criminal-system/components/TrialDepositionWitnessCardHeader.tsx",84,1,"button",1,0,"B0-SAFE-explicit-type-button","","<button type=""button"" onClick={onEdit} className=""rounded-lg border border-slate-600/60 px-2.5 py-1 text-[10px] font-black text-white/70 hover:text-[#E6C673]"" >"
"src/app/components/lawyer/criminal-system/components/TrialDepositionWitnessCardHeader.tsx",93,1,"button",1,0,"B0-SAFE-explicit-type-button","","<button type=""button"" onClick={onDelete} className=""rounded-lg border border-red-500/35 px-2.5 py-1 text-[10px] font-black text-red-300/80 hover:bg-red-950/30"" >"
"src/app/components/lawyer/criminal-system/components/TrialDepositionWitnessCardLinkPicker.tsx",50,1,"button",1,0,"B0-SAFE-explicit-type-button","","<button type=""button"" disabled={alreadyLinked} onClick={() => onSaveLink(entry)} className=""rounded-md border border-orange-500/40 px-2.5 py-1 text-[10px] font-black text-orange-100 hover:bg-orange-950/30 transition disabled:opacity-40 d"
"src/app/components/lawyer/criminal-system/components/TrialDepositionWitnessCardLinkPicker.tsx",64,1,"button",1,0,"B0-SAFE-explicit-type-button","","<button type=""button"" onClick={onCancel} className=""rounded-lg border border-slate-600/60 px-3 py-1.5 text-[10px] font-black text-white/60"" >"
"src/app/components/lawyer/criminal-system/components/TrialDepositionWitnessCardReplicas.tsx",171,1,"button",1,0,"B0-SAFE-explicit-type-button","","<button type=""button"" onClick={onRemove} className=""mr-auto rounded-md border border-red-500/35 px-2 py-0.5 text-[10px] font-black text-red-300/80 hover:bg-red-950/30"" >"
"src/app/components/lawyer/criminal-system/components/TrialsAddSessionModal.tsx",70,1,"button",1,0,"B0-SAFE-explicit-type-button","","<button type=""button"" onClick={onClose} className=""text-white/60 text-xs font-bold"">"
"src/app/components/lawyer/criminal-system/components/TrialsAddSessionModal.tsx",120,1,"button",1,0,"B0-SAFE-explicit-type-button","","<button type=""button"" onClick={onPreparatoryToggle} className=""w-full rounded-xl border border-violet-500/35 bg-violet-950/20 px-3 py-2 text-[11px] font-black text-violet-100 hover:bg-violet-950/35 transition text-right"" >"
"src/app/components/lawyer/criminal-system/components/TrialsAddSessionModal.tsx",134,1,"button",1,0,"B0-SAFE-explicit-type-button","","<button type=""button"" onClick={() => setShowPreparatoryInline(false)} className=""text-[10px] font-bold text-white/45 hover:text-white/70"" >"
"src/app/components/lawyer/criminal-system/components/TrialsAddSessionModal.tsx",162,1,"button",1,0,"B0-SAFE-explicit-type-button","","<button type=""button"" role=""radio"" aria-checked={isBlockingSuit} onClick={() => setIsBlockingSuit(true)} className={`rounded-lg border px-2.5 py-1 text-[10px] font-black transition ${ isBlockingSuit ? 'border-[#E6C673]/55 bg-[#E6C673]/1"
"src/app/components/lawyer/criminal-system/components/TrialsAddSessionModal.tsx",175,1,"button",1,0,"B0-SAFE-explicit-type-button","","<button type=""button"" role=""radio"" aria-checked={!isBlockingSuit} onClick={() => setIsBlockingSuit(false)} className={`rounded-lg border px-2.5 py-1 text-[10px] font-black transition ${ !isBlockingSuit ? 'border-slate-500/45 bg-slate-70"
"src/app/components/lawyer/criminal-system/components/TrialsAddSessionModal.tsx",201,1,"button",1,0,"B0-SAFE-explicit-type-button","","<button type=""button"" onClick={onSubmitPreparatory} className=""rounded-xl bg-violet-600/85 px-4 py-2 text-[11px] font-black text-white hover:bg-violet-600 transition"" >"
"src/app/components/lawyer/criminal-system/components/TrialsAddSessionModal.tsx",220,1,"button",1,0,"B0-SAFE-explicit-type-button","","<button type=""button"" onClick={onPostpone} className=""rounded-xl border border-amber-500/35 bg-amber-950/20 px-3 py-2 text-[11px] font-black text-amber-100 hover:bg-amber-950/35 transition"" >"
"src/app/components/lawyer/criminal-system/components/TrialsAddSessionModal.tsx",227,1,"button",1,0,"B0-SAFE-explicit-type-button","","<button type=""button"" onClick={onFinalDecision} className=""rounded-xl border border-[#d4af37]/55 bg-[#d4af37]/15 px-4 py-2 text-[11px] font-black text-[#d4af37] hover:bg-[#d4af37]/25 transition"" >"
"src/app/components/lawyer/criminal-system/components/TrialsPostponeModal.tsx",35,1,"button",1,0,"B0-SAFE-explicit-type-button","","<button type=""button"" onClick={onClose} className=""text-white/60 text-xs font-bold"" >"
"src/app/components/lawyer/criminal-system/components/TrialsPostponeModal.tsx",66,1,"button",1,0,"B0-SAFE-explicit-type-button","","<button type=""button"" onClick={onClose} className=""rounded-xl border border-slate-700 px-3 py-2 text-xs font-black text-white/70"" >"
"src/app/components/lawyer/criminal-system/components/TrialsPostponeModal.tsx",73,1,"button",1,0,"B0-SAFE-explicit-type-button","","<button type=""button"" onClick={onConfirm} className=""rounded-xl bg-amber-600/80 px-4 py-2 text-sm font-black text-white"" >"
"src/app/components/lawyer/criminal-system/components/TrialsSessionCard.tsx",170,1,"button",1,0,"B0-SAFE-explicit-type-button","","<button type=""button"" onClick={onOpenPreparatoryForCurrent} className=""rounded-lg border border-violet-500/40 bg-violet-950/25 px-2.5 py-1.5 text-[10px] font-black text-violet-100 hover:bg-violet-950/40 transition w-full text-right"" >"
"src/app/components/lawyer/criminal-system/components/TrialsTabHeader.tsx",21,1,"button",1,0,"B0-SAFE-explicit-type-button","","<button type=""button"" onClick={onAddSessionClick} className=""rounded-xl bg-[#E6C673] text-[#0B1021] px-4 py-2.5 text-sm font-black hover:brightness-110 transition"" >"
"src/app/components/lawyer/criminal-system/components/VerdictCardsPanel.tsx",279,1,"button",1,0,"B0-SAFE-explicit-type-button","","<button type=""button"" onClick={sendToCassation.onClick} className={ sendToCassation.urgent ? 'sm:w-[11.5rem] rounded-xl bg-red-500 text-white font-black px-4 py-3 text-sm hover:brightness-110 active:brightness-95 transition whitespace-nor"
"src/app/components/lawyer/criminal-system/components/VerdictCardsPanel.tsx",292,1,"button",1,0,"B0-SAFE-explicit-type-button","","<button type=""button"" onClick={() => onOpenCassationFiling?.(sourceCardId)} className=""sm:w-[11.5rem] rounded-xl border-2 border-[#E6C673]/55 bg-[#E6C673]/12 px-4 py-3 text-[#E6C673] font-black text-sm hover:bg-[#E6C673]/22 transition wh"
"src/app/components/lawyer/criminal-system/components/VerdictCardsPanel.tsx",301,1,"button",1,0,"B0-SAFE-explicit-type-button","","<button type=""button"" onClick={() => setResultCard(card)} className=""sm:w-[11.5rem] rounded-xl border-2 border-sky-400/55 bg-sky-500/15 px-4 py-3 text-sky-100 font-black text-sm hover:bg-sky-500/22 transition whitespace-normal break-word"
"src/app/components/lawyer/criminal-system/components/VerdictCardsPanel.tsx",310,1,"button",1,0,"B0-SAFE-explicit-type-button","","<button type=""button"" onClick={() => setCorrectionCard(card)} className=""sm:w-[11.5rem] rounded-xl border border-amber-500/50 bg-amber-500/10 px-4 py-3 text-amber-100 font-black text-sm hover:bg-amber-500/18 transition whitespace-normal "
"src/app/components/lawyer/criminal-system/components/VerdictCassationModals.tsx",104,1,"button",1,0,"B0-SAFE-explicit-type-button","","<button type=""button"" onClick={onClose} className=""rounded-xl border border-slate-700 px-4 py-2 text-sm font-black text-white/80"" >"
"src/app/components/lawyer/criminal-system/components/VerdictCassationModals.tsx",112,1,"button",1,0,"B0-SAFE-explicit-type-button","","<button type=""button"" onClick={submit} className=""rounded-lg bg-[#E6C673] text-[#0B1021] font-black py-2.5 px-4 text-sm hover:brightness-110"" >"
"src/app/components/lawyer/criminal-system/components/VerdictCassationModals.tsx",295,1,"button",1,0,"B0-SAFE-explicit-type-button","","<button type=""button"" onClick={onClose} className=""rounded-xl border border-slate-700 px-4 py-2 text-sm font-black text-white/80"" >"
"src/app/components/lawyer/criminal-system/components/VerdictCassationModals.tsx",303,1,"button",1,0,"B0-SAFE-explicit-type-button","","<button type=""button"" onClick={submit} className=""rounded-lg bg-[#E6C673] text-[#0B1021] font-black py-2.5 px-4 text-sm hover:brightness-110"" >"
"src/app/components/lawyer/criminal-system/components/VerdictCassationModals.tsx",411,1,"button",1,0,"B0-SAFE-explicit-type-button","","<button type=""button"" onClick={onClose} className=""rounded-xl border border-slate-700 px-4 py-2 text-sm font-black text-white/80"" >"
"src/app/components/lawyer/criminal-system/components/VerdictCassationModals.tsx",419,1,"button",1,0,"B0-SAFE-explicit-type-button","","<button type=""button"" onClick={submit} className=""rounded-lg bg-[#E6C673] text-[#0B1021] font-black py-2.5 px-4 text-sm hover:brightness-110"" >"
"src/app/components/lawyer/criminal-system/ConfirmActionModal.tsx",52,1,"button",1,0,"B0-SAFE-explicit-type-button","","<button type=""button"" onClick={onCancel} className={CRIMINAL_MODAL_BTN_CLOSE_HEADER}>"
"src/app/components/lawyer/criminal-system/ConfirmActionModal.tsx",61,1,"button",1,0,"B0-SAFE-explicit-type-button","","<button type=""button"" onClick={onCancel} className={CRIMINAL_MODAL_BTN_CANCEL}>"
"src/app/components/lawyer/criminal-system/ConfirmActionModal.tsx",64,1,"button",1,0,"B0-SAFE-explicit-type-button","","<button type=""button"" onClick={onConfirm} className={CRIMINAL_MODAL_BTN_DANGER_CONFIRM}>"
"src/app/components/lawyer/criminal-system/CriminalDashboardHeader.tsx",222,1,"button",1,0,"B0-SAFE-explicit-type-button","","<button type=""button"" onClick={onEndTemporaryClosure} title=""⏸️ الإضبارة التحقيقية مُجمّدة بسبب قرار الغلق المؤقت — لا يُتابع التحقيق حتى إنهاء الغلق أو نقض القرار بالتمييز."" className=""absolute top-3 left-3 z-10 print:hidden rounded-x"
"src/app/components/lawyer/criminal-system/CriminalDashboardHeader.tsx",280,1,"button",1,0,"B0-SAFE-explicit-type-button","","<button type=""button"" onClick={onOpenFinalDecision} title={finalDecisionTitle ?? 'إصدار القرار الختامي لِلإضبارة'} className={`${finalDecisionButtonClass} shrink-0 ${hasHeaderToolbar || showFrozenBadge ? 'ms-auto' : 'me-auto'}`} >"
"src/app/components/lawyer/criminal-system/CriminalDashboardHeaderStatusPills.tsx",62,1,"button",1,0,"B0-SAFE-explicit-type-button","","<button key={link.id} type=""button"" title={tooltip} onClick={() => onOpenMergedChildCase?.(link.id)} className={`${infoPillClass} cursor-pointer hover:bg-white/10 transition`} >"
"src/app/components/lawyer/criminal-system/CriminalDashboardHeaderStatusPills.tsx",89,1,"button",1,0,"B0-SAFE-explicit-type-button","","<button type=""button"" onClick={onConfirmPendingBail} disabled={!canConfirmPendingBail} className=""print:hidden inline-flex items-center gap-1.5 px-3 py-1.5 rounded-lg bg-gradient-to-b from-emerald-900/35 to-emerald-950/55 border border-e"
"src/app/components/lawyer/criminal-system/CriminalDashboardHeaderToolbar.tsx",119,1,"button",0,0,"B0-SAFE-explicit-type-button","","<button type=""button"" className={adminButtonClass} title=""إجراءات إدارية على الإضبارة"" >"
"src/app/components/lawyer/criminal-system/CriminalDashboardHeaderToolbar.tsx",190,1,"button",1,0,"B0-SAFE-explicit-type-button","","<button type=""button"" onClick={onEditHeaderInfo} title=""تعديل اسم المحكمة والمادة وأرقام الإضبارة"" aria-label=""تعديل الترويسة"" className={`${unifiedHeaderButtonBase} !h-10 !w-10 !px-0 bg-[#E6C673]/12 border border-[#E6C673]/45 text-[#"
"src/app/components/lawyer/criminal-system/CriminalDashboardHeaderToolbar.tsx",204,1,"button",0,0,"B0-SAFE-explicit-type-button","","<button type=""button"" title=""موقع الإضبارة المادي — اضغط لتغيير الموضع"" className={locationButtonClass} >"
"src/app/components/lawyer/criminal-system/CriminalDashboardHeaderToolbar.tsx",269,1,"button",1,0,"B0-SAFE-explicit-type-button","","<button type=""button"" onClick={onOpenTrash} title=""فتح سلة المهملات"" data-testid={CRIMINAL_DOSSIER_TEST_IDS.headerTrash} aria-label=""فتح سلة المهملات"" className={`${glassHeaderButtonClass} !h-10 !w-10 !px-0 relative text-white/80 hove"
"src/app/components/lawyer/criminal-system/CriminalDashboardPortal.tsx",31,1,"button",1,0,"B0-SAFE-explicit-type-button","","<button type=""button"" onClick={onClose} className=""min-h-[44px] min-w-[44px] rounded-xl border border-[#E6C673]/40 px-4 text-xs font-bold text-[#E6C673] touch-manipulation"" >"
"src/app/components/lawyer/criminal-system/CriminalDashboardRequestsTabDecisionsList.tsx",329,1,"button",1,0,"B0-SAFE-explicit-type-button","","<button type=""button"" onClick={() => setVisibleJudicialDecisionsCount((v: number) => v + decisionsPageSize)} className=""rounded-lg px-4 py-2 text-xs font-bold text-[#E6C673] hover:bg-[#E6C673]/10 border border-[#E6C673]/30"" >"
"src/app/components/lawyer/criminal-system/CriminalDashboardRequestsTabHearingTools.tsx",26,1,"button",1,0,"B0-SAFE-explicit-type-button","","<button type=""button"" data-testid={CRIMINAL_DOSSIER_TEST_IDS.trialHearingDateOpen} onClick={onOpenTrialHearingDateModal} className=""min-h-[44px] rounded-xl border border-[#E6C673]/50 bg-[#E6C673] px-5 text-sm font-black text-[#0B1021] ho"
"src/app/components/lawyer/criminal-system/criminalDashboardRuntimeShells.tsx",40,1,"button",1,0,"B0-SAFE-explicit-type-button","","<button type=""button"" onClick={onClose} className=""mt-4 w-full rounded-xl bg-[#E6C673] text-[#0B1021] font-black py-3 text-sm hover:brightness-110 active:brightness-95 transition"" >"
"src/app/components/lawyer/criminal-system/CriminalDossierStatementsChrome.tsx",45,1,"button",1,0,"B0-SAFE-explicit-type-button","","<button type=""button"" data-testid={CRIMINAL_DOSSIER_TEST_IDS.otherEvidenceToggle} onClick={() => setIsOtherEvidenceFormOpen((v) => !v)} disabled={isOtherEvidenceReadOnly} className=""rounded-lg border border-white/15 bg-white/10 text-whit"
"src/app/components/lawyer/criminal-system/CriminalDossierStatementsChrome.tsx",54,1,"button",1,0,"B0-SAFE-explicit-type-button","","<button type=""button"" data-testid={CRIMINAL_DOSSIER_TEST_IDS.statementsAdd} onClick={() => { if (isEffectiveTrialCourtStage) { setEditingTrialDeposition(null); setIsTrialDepositionModalOpen(true); return; } setEditingStatement(null); setI"
"src/app/components/lawyer/criminal-system/CriminalDossierTabBar.tsx",30,1,"button",1,0,"B0-SAFE-explicit-type-button","","<button type=""button"" onClick={() => switchDashboardTab('requests')} onPointerEnter={() => prefetchCriminalDashboardTab('requests')} data-testid={CRIMINAL_DOSSIER_TEST_IDS.tabRequests} className={criminalDashboardTabClass('requests', acti"
"src/app/components/lawyer/criminal-system/CriminalDossierTabBar.tsx",39,1,"button",1,0,"B0-SAFE-explicit-type-button","","<button type=""button"" onClick={() => switchDashboardTab('statements')} onPointerEnter={() => prefetchCriminalDashboardTab('statements')} data-testid={CRIMINAL_DOSSIER_TEST_IDS.tabStatements} className={criminalDashboardTabClass('statement"
"src/app/components/lawyer/criminal-system/CriminalDossierTabBar.tsx",48,1,"button",1,0,"B0-SAFE-explicit-type-button","","<button type=""button"" onClick={() => switchDashboardTab('tracking')} onPointerEnter={() => prefetchCriminalDashboardTab('tracking')} className={criminalDashboardTabClass('tracking', activeTab === 'tracking')} >"
"src/app/components/lawyer/criminal-system/CriminalDossierTabBar.tsx",56,1,"button",1,0,"B0-SAFE-explicit-type-button","","<button type=""button"" onClick={() => switchDashboardTab('legal_codes')} onPointerEnter={() => prefetchCriminalDashboardTab('legal_codes')} className={criminalDashboardTabClass('legal_codes', activeTab === 'legal_codes')} >"
"src/app/components/lawyer/criminal-system/CriminalNewCase/ComplainantSection.tsx",86,1,"button",1,0,"B0-SAFE-explicit-type-button","","<button type=""button"" onClick={() => { const ok = typeof globalThis.confirm === 'function' ? globalThis.confirm( complainantMinor ? 'هل أنت متأكد من حذف هذا المجني عليه الحدث/الصغير؟' : 'هل أنت متأكد من حذف هذا المشتكي؟', ) : false; if (!"
"src/app/components/lawyer/criminal-system/CriminalNewCase/ComplainantSection.tsx",217,1,"button",1,0,"B0-SAFE-explicit-type-button","","<button type=""button"" className=""w-full min-h-[44px] rounded-xl border border-dashed border-white/15 bg-white/[0.03] py-3 text-sm font-bold text-white/85 transition-colors hover:border-[#E6C673]/40 hover:bg-white/[0.06] hover:text-[#E6C6"
"src/app/components/lawyer/criminal-system/CriminalNewCase/CriminalNewCaseFooter.tsx",20,1,"button",1,0,"B0-SAFE-explicit-type-button","","<button type=""button"" disabled={isSaveBlocked} className=""w-full rounded-2xl bg-[#E6C673] text-[#0B1021] font-black py-4 text-base hover:brightness-110 active:brightness-95 transition disabled:opacity-40 disabled:hover:brightness-100 dis"
"src/app/components/lawyer/criminal-system/CriminalNewCase/DefendantSection.tsx",112,1,"button",1,0,"B0-SAFE-explicit-type-button","","<button type=""button"" onClick={() => { const ok = typeof globalThis.confirm === 'function' ? globalThis.confirm( isUnderSeven ? 'هل أنت متأكد من حذف هذا الصغير؟' : 'هل أنت متأكد من حذف هذا المتهم؟', ) : false; if (!ok) return; deleteDefen"
"src/app/components/lawyer/criminal-system/CriminalNewCase/DefendantSection.tsx",138,1,"button",1,0,"B0-SAFE-explicit-type-button","","<button type=""button"" onClick={() => { const next = !Boolean(d.isJuvenile); setDefendantField(d.id, 'isJuvenile', next); const nextStatus = normalizeDefendantStatusForJuvenileToggle( d.status, next, ); if (nextStatus !== d.status) { setDe"
"src/app/components/lawyer/criminal-system/CriminalNewCase/DefendantSection.tsx",174,1,"button",1,0,"B0-SAFE-explicit-type-button","","<button type=""button"" onClick={() => { const nextUnderSeven = !Boolean(d.isUnderSeven); setDefendantField(d.id, 'isUnderSeven', nextUnderSeven); if (nextUnderSeven) { // أقل من 7 سنوات: لا مسؤولية جزائية ولا توقيف/إيداع. setDefendantField"
"src/app/components/lawyer/criminal-system/CriminalNewCase/DefendantSection.tsx",382,1,"button",1,0,"B0-SAFE-explicit-type-button","","<button type=""button"" onClick={() => { const ok = typeof globalThis.confirm === 'function' ? globalThis.confirm('حذف هذا المجهول من الإضبارة؟') : false; if (!ok) return; deleteDefendant(d.id); }} className=""shrink-0 rounded-lg border bor"
"src/app/components/lawyer/criminal-system/CriminalNewCase/DefendantSection.tsx",404,1,"button",1,0,"B0-SAFE-explicit-type-button","","<button type=""button"" className=""w-full rounded-xl border border-white/10 bg-white/5 text-white text-sm font-bold py-3 hover:bg-white/10 hover:border-[#E6C673]/40 transition-colors"" onClick={addDefendant} >"
"src/app/components/lawyer/criminal-system/CriminalNewCase/DefendantSection.tsx",412,1,"button",1,0,"B0-SAFE-explicit-type-button","","<button type=""button"" title={ unknownDefendants.length > 0 ? 'إضافة متهم مجهول آخر' : 'إضافة متهم مجهول' } className=""w-full rounded-xl border border-red-500/20 bg-red-500/10 text-red-100 text-sm font-bold py-3 hover:bg-red-500/15 hover:"
"src/app/components/lawyer/criminal-system/CriminalNewCase/helpers.tsx",154,1,"button",1,0,"B0-SAFE-explicit-type-button","","<button type=""button"" onClick={onToggle} className={`relative inline-flex shrink-0 items-center rounded-full border transition duration-200 touch-manipulation ${ compact ? 'h-5 w-9' : 'h-7 w-12' } ${ pressed ? 'border-[#E6C673]/45 bg-[#E6"
"src/app/components/lawyer/criminal-system/CriminalNewCase/helpers.tsx",210,1,"button",1,0,"B0-SAFE-explicit-type-button","","<button key={opt.value} type=""button"" role=""radio"" aria-checked={active} onClick={() => onChange(opt.value)} className={`rounded-lg font-black transition duration-200 touch-manipulation ${ compact ? 'min-h-[36px] px-3 py-1.5 text-[11px]"
"src/app/components/lawyer/criminal-system/CriminalNewCase/helpers.tsx",246,1,"button",1,0,"B0-SAFE-explicit-type-button","","<button type=""button"" disabled={disabled} title={title} onClick={onClick} className={`min-h-[44px] rounded-xl border px-3.5 py-2 text-[11px] font-black tracking-wide transition duration-200 shrink-0 touch-manipulation ${ disabled ? 'borde"
"src/app/components/lawyer/criminal-system/CriminalNewCase/helpers.tsx",275,1,"button",1,0,"B0-SAFE-explicit-type-button","","<button type=""button"" disabled={disabled} onClick={onClick} title=""موكل المكتب"" className={`min-h-[36px] rounded-lg border px-2.5 py-1.5 text-[11px] font-black tracking-wide transition duration-200 shrink-0 touch-manipulation ${ disable"
"src/app/components/lawyer/criminal-system/CriminalNewCase.tsx",30,1,"button",1,0,"B0-SAFE-explicit-type-button","","<button type=""button"" onClick={() => { form.handleExitSeveranceForm(); onClose?.(); }} className=""p-2 hover:bg-white/5 rounded-full text-white/60 hover:text-white transition-colors"" >"
"src/app/components/lawyer/criminal-system/CriminalNewCase.tsx",53,1,"button",1,0,"B0-SAFE-explicit-type-button","","<button type=""button"" onClick={() => { form.handleExitSeveranceForm(); onBack?.(); }} disabled={!onBack} className=""p-2 hover:bg-white/5 rounded-full text-white/60 hover:text-white transition-colors disabled:opacity-30 disabled:hover:bg-"
"src/app/components/lawyer/criminal-system/CriminalPartiesGrid/ComplainantColumn.tsx",196,1,"button",1,0,"B0-SAFE-explicit-type-button","","<button type=""button"" onClick={() => setActiveProfile({ kind: 'complainant', data: c }) } className={`${PARTY_NAME_BUTTON_CLASS} flex-1`} >"
"src/app/components/lawyer/criminal-system/CriminalPartiesGrid/ComplainantColumn.tsx",241,1,"button",0,0,"B0-SAFE-explicit-type-button","","<button type=""button"" disabled={ isFrozen || partyMenusLocked || accusedDeathLocked } title={ accusedDeathLocked ? 'السجل مغلق — لا يمكن تعديل الحالة' : DEFENDANT_STATUS_MENU_TITLE } className={`inline-flex max-w-[9.5rem] items-center gap"
"src/app/components/lawyer/criminal-system/CriminalPartiesGrid/DefendantColumn.tsx",172,1,"button",1,0,"B0-SAFE-explicit-type-button","","<button type=""button"" onClick={() => setActiveProfile({ kind: 'defendant', data: d })} className={`${PARTY_NAME_BUTTON_CLASS} flex-1`} >"
"src/app/components/lawyer/criminal-system/CriminalPartiesGrid/DefendantColumn.tsx",216,1,"button",0,0,"B0-SAFE-explicit-type-button","","<button type=""button"" disabled={ isFrozen || partyMenusLocked || isDeathLocked } title={ isDeathLocked ? 'السجل مغلق — لا يمكن تعديل الحالة' : DEFENDANT_STATUS_MENU_TITLE } className={`inline-flex max-w-[9.5rem] items-center gap-1 rounded"
"src/app/components/lawyer/criminal-system/CriminalPartiesGrid/PartyBadges.tsx",56,1,"button",1,0,"B0-SAFE-explicit-type-button","","<button type=""button"" onClick={onToggle} className={`inline-flex items-center gap-1 rounded-full border px-1.5 py-0.5 text-[10px] font-black whitespace-nowrap transition ${ expanded ? 'border-amber-400/60 bg-amber-500/20 text-amber-50' : "
"src/app/components/lawyer/criminal-system/CriminalPartiesGrid/PartyProfileModal.tsx",96,1,"button",1,0,"B0-SAFE-explicit-type-button","","<button type=""button"" onClick={() => { onEditPartyName(activeProfile.kind, activeProfile.data.id, { fullName: safeTrim(profileData.fullName), phone: activeProfile.kind === 'complainant' ? profilePhone : undefined, address: profileAddress,"
"src/app/components/lawyer/criminal-system/CriminalPartiesGrid/PartyProfileModal.tsx",112,1,"button",1,0,"B0-SAFE-explicit-type-button","","<button type=""button"" onClick={onClose} className=""text-white/60 hover:text-white transition text-xs font-bold px-2 py-1 rounded-md hover:bg-slate-700/60"" >"
"src/app/components/lawyer/criminal-system/CriminalPartiesGrid/PartySeizedAssetsDisclosure.tsx",74,1,"button",1,0,"B0-SAFE-explicit-type-button","","<button type=""button"" onClick={() => setConfirmReleaseAll(true)} className=""rounded-md border border-emerald-500/35 bg-emerald-500/10 px-2 py-0.5 text-[10px] font-black text-emerald-100 hover:bg-emerald-500/20 transition whitespace-nowra"
"src/app/components/lawyer/criminal-system/CriminalPartiesGrid/PartySeizedAssetsDisclosure.tsx",100,1,"button",1,0,"B0-SAFE-explicit-type-button","","<button type=""button"" onClick={cancelEdit} className=""rounded-md border border-slate-600/60 bg-slate-800/40 px-2 py-0.5 text-[10px] font-black text-white/75 hover:text-white transition"" >"
"src/app/components/lawyer/criminal-system/CriminalPartiesGrid/PartySeizedAssetsDisclosure.tsx",107,1,"button",1,0,"B0-SAFE-explicit-type-button","","<button type=""button"" onClick={saveEdit} disabled={editDescription.trim().length === 0} className=""rounded-md border border-amber-500/40 bg-amber-500/15 px-2 py-0.5 text-[10px] font-black text-amber-100 hover:bg-amber-500/25 transition d"
"src/app/components/lawyer/criminal-system/CriminalPartiesGrid/PartySeizedAssetsDisclosure.tsx",131,1,"button",1,0,"B0-SAFE-explicit-type-button","","<button type=""button"" onClick={() => startEdit(a)} className=""rounded-md border border-slate-600/60 bg-slate-800/40 px-1.5 py-0.5 text-[10px] font-black text-white/80 hover:text-white hover:border-amber-500/45 transition"" title=""تعديل "
"src/app/components/lawyer/criminal-system/CriminalPartiesGrid/PartySeizedAssetsDisclosure.tsx",140,1,"button",1,0,"B0-SAFE-explicit-type-button","","<button type=""button"" onClick={() => setPendingReleaseId(a.id)} className=""rounded-md border border-emerald-500/35 bg-emerald-500/10 px-1.5 py-0.5 text-[10px] font-black text-emerald-100 hover:bg-emerald-500/20 transition"" title=""فكّ ا"
"src/app/components/lawyer/criminal-system/CriminalPartiesGrid/UnknownDefendantRevealCard.tsx",80,1,"button",1,0,"B0-SAFE-explicit-type-button","","<button type=""button"" disabled={disabled} aria-pressed={underSevenActive} onClick={() => onChange(underSevenActive ? 'adult' : 'under_seven')} className={ageCategoryPillClass(underSevenActive, disabled)} >"
"src/app/components/lawyer/criminal-system/CriminalPartiesGrid/UnknownDefendantRevealCard.tsx",89,1,"button",1,0,"B0-SAFE-explicit-type-button","","<button type=""button"" disabled={disabled} aria-pressed={juvenileActive} onClick={() => onChange(juvenileActive ? 'adult' : 'juvenile')} className={ageCategoryPillClass(juvenileActive, disabled)} >"
"src/app/components/lawyer/criminal-system/CriminalPartiesGrid/UnknownDefendantRevealCard.tsx",170,1,"button",1,0,"B0-SAFE-explicit-type-button","","<button type=""button"" disabled={disabled} onClick={() => { setOpen((prev) => { const next = !prev; if (next) { resetRevealForm(); } return next; }); }} className=""rounded-lg border border-[#E6C673]/40 bg-[#E6C673]/15 px-2.5 py-1 text-[11"
"src/app/components/lawyer/criminal-system/CriminalPartiesGrid/UnknownDefendantRevealCard.tsx",259,1,"button",1,0,"B0-SAFE-explicit-type-button","","<button type=""button"" disabled={disabled} onClick={submitReveal} className=""w-full rounded-lg border border-emerald-500/35 bg-emerald-500/15 py-2 text-sm font-black text-emerald-100 hover:bg-emerald-500/25 disabled:opacity-45"" >"
"src/app/components/lawyer/criminal-system/legalCodes/LegalCodesEditorSection.tsx",26,1,"button",1,0,"B0-SAFE-explicit-type-button","","<button type=""button"" onClick={onToggleOpen} className=""flex w-full items-center justify-between gap-2 border-b border-white/10 bg-white/[0.02] px-4 py-3 text-right transition hover:bg-white/[0.04]"" >"
"src/app/components/lawyer/criminal-system/legalCodes/LegalCodesEditorSection.tsx",72,1,"button",1,0,"B0-SAFE-explicit-type-button","","<button type=""button"" onClick={onLoadMore} className=""rounded-lg border border-[#E6C673]/30 px-4 py-2 text-xs font-bold text-[#E6C673] hover:bg-[#E6C673]/10"" >"
"src/app/components/lawyer/criminal-system/legalCodes/LegalCodesHorizontalScrollRail.tsx",91,1,"button",1,0,"B0-SAFE-explicit-type-button","","<button type=""button"" aria-label=""التمرير لليمين"" disabled={scrollState.atStart} onClick={() => scrollByStep(-1)} className={navBtnClass} >"
"src/app/components/lawyer/criminal-system/legalCodes/LegalCodesHorizontalScrollRail.tsx",113,1,"button",1,0,"B0-SAFE-explicit-type-button","","<button type=""button"" aria-label=""التمرير لليسار"" disabled={scrollState.atEnd} onClick={() => scrollByStep(1)} className={navBtnClass} >"
"src/app/components/lawyer/criminal-system/legalCodes/LegalCodesListSection.tsx",38,1,"button",1,0,"B0-SAFE-explicit-type-button","","<button type=""button"" onClick={() => onTogglePin(a.id)} className=""inline-flex h-8 w-8 items-center justify-center rounded-lg border border-white/15 bg-white/5 text-white/60 hover:border-red-400/40 hover:text-red-300"" title=""إلغاء التث"
"src/app/components/lawyer/criminal-system/legalCodes/LegalCodesSearchFiltersSection.tsx",83,1,"button",1,0,"B0-SAFE-explicit-type-button","","<button key={tab} type=""button"" onClick={() => startTransition(() => onLegalCodeTabChange(tab))} className={legalCodeTab === tab ? lawTabActive : lawTabIdle} >"
"src/app/components/lawyer/criminal-system/legalCodes/LegalCodesSearchFiltersSection.tsx",96,1,"button",1,0,"B0-SAFE-explicit-type-button","","<button type=""button"" onClick={() => { onPenalGeneralFilterChange(null); onPenalSubFilterChange(null); }} className={!penalGeneralFilter ? filterChipActive : filterChipIdle} >"
"src/app/components/lawyer/criminal-system/legalCodes/LegalCodesSearchFiltersSection.tsx",109,1,"button",1,0,"B0-SAFE-explicit-type-button","","<button key={generalKey} type=""button"" onClick={() => { onPenalGeneralFilterChange(generalKey); onPenalSubFilterChange(null); }} className={isActive ? filterChipActive : filterChipIdle} >"
"src/app/components/lawyer/criminal-system/legalCodes/LegalCodesSearchFiltersSection.tsx",127,1,"button",1,0,"B0-SAFE-explicit-type-button","","<button type=""button"" onClick={() => onPenalSubFilterChange(null)} className={!penalSubFilter ? filterChipActive : filterChipIdle} >"
"src/app/components/lawyer/criminal-system/legalCodes/LegalCodesSearchFiltersSection.tsx",142,1,"button",1,0,"B0-SAFE-explicit-type-button","","<button key={subKey} type=""button"" onClick={() => onPenalSubFilterChange(subKey)} className={isActive ? filterChipActive : filterChipIdle} >"
"src/app/components/lawyer/criminal-system/legalCodes/LegalCodesSearchFiltersSection.tsx",163,1,"button",1,0,"B0-SAFE-explicit-type-button","","<button type=""button"" onClick={() => { onProcedureGeneralFilterChange(null); onProcedureSubFilterChange(null); }} className={!procedureGeneralFilter ? filterChipActive : filterChipIdle} >"
"src/app/components/lawyer/criminal-system/legalCodes/LegalCodesSearchFiltersSection.tsx",177,1,"button",1,0,"B0-SAFE-explicit-type-button","","<button key={generalKey} type=""button"" onClick={() => { onProcedureGeneralFilterChange(generalKey); onProcedureSubFilterChange(null); }} className={isActive ? filterChipActive : filterChipIdle} >"
"src/app/components/lawyer/criminal-system/legalCodes/LegalCodesSearchFiltersSection.tsx",198,1,"button",1,0,"B0-SAFE-explicit-type-button","","<button type=""button"" onClick={() => onProcedureSubFilterChange(null)} className={!procedureSubFilter ? filterChipActive : filterChipIdle} >"
"src/app/components/lawyer/criminal-system/legalCodes/LegalCodesSearchFiltersSection.tsx",213,1,"button",1,0,"B0-SAFE-explicit-type-button","","<button key={subKey} type=""button"" onClick={() => onProcedureSubFilterChange(subKey)} className={isActive ? filterChipActive : filterChipIdle} >"
"src/app/components/lawyer/criminal-system/legalCodes/LegalCodesSearchFiltersSection.tsx",234,1,"button",1,0,"B0-SAFE-explicit-type-button","","<button type=""button"" onClick={() => { onJuvenileGeneralFilterChange(null); onJuvenileSubFilterChange(null); }} className={!juvenileGeneralFilter ? filterChipActive : filterChipIdle} >"
"src/app/components/lawyer/criminal-system/legalCodes/LegalCodesSearchFiltersSection.tsx",248,1,"button",1,0,"B0-SAFE-explicit-type-button","","<button key={generalKey} type=""button"" onClick={() => { onJuvenileGeneralFilterChange(generalKey); onJuvenileSubFilterChange(null); }} className={isActive ? filterChipActive : filterChipIdle} >"
"src/app/components/lawyer/criminal-system/legalCodes/LegalCodesSearchFiltersSection.tsx",273,1,"button",1,0,"B0-SAFE-explicit-type-button","","<button key={subKey} type=""button"" onClick={() => onJuvenileSubFilterChange(subKey)} className={isActive ? filterChipActive : filterChipIdle} >"
"src/app/components/lawyer/dashboard/ArchiveHubInstantShell.tsx",49,1,"button",1,0,"B0-SAFE-explicit-type-button","","<button type=""button"" onClick={onBack} className=""inline-flex items-center justify-center min-h-[44px] min-w-[44px] rounded-sm border border-white/10 bg-white/[0.04] text-white/80"" aria-label=""رجوع"" >"
"src/app/components/lawyer/dashboard/ArchiveHubInstantShell.tsx",90,1,"button",1,0,"B0-SAFE-explicit-type-button","","<button type=""button"" onClick={onRetry} className=""min-h-[44px] rounded-sm border border-[#E6C673]/40 bg-[#152A32] px-4 py-2 text-sm font-bold text-[#E6C673]"" >"
"src/app/components/lawyer/dashboard/ArchiveHubInstantShell.tsx",97,1,"button",1,0,"B0-SAFE-explicit-type-button","","<button type=""button"" onClick={onBack} className=""min-h-[44px] rounded-sm bg-[#1A3340] px-4 py-2 text-sm font-bold text-[#D8D4CE]"" >"
"src/app/components/lawyer/dashboard/ArchivePortalHost.tsx",47,1,"button",1,0,"B0-SAFE-explicit-type-button","","<button type=""button"" onClick={onRetry} className=""min-h-[44px] rounded-xl px-4 py-2 border border-[#E6C673]/40 text-[#E6C673] text-xs font-bold touch-manipulation"" >"
"src/app/components/lawyer/dashboard/commandHub/DockHalfTile.tsx",94,1,"button",1,0,"B0-SAFE-explicit-type-button","","<button type=""button"" data-hami-block={widgetId} data-hami-block-border={containerBorderOn ? '1' : '0'} data-testid={`home-dock-${widgetId}`} aria-label={ariaLabel} onPointerEnter={hoverPrefetch} onFocus={focusPrefetch} onPointerDown={pre"
"src/app/components/lawyer/dashboard/commandHub/ForumTile.tsx",81,0,"",0,0,"B3-NEEDS-FIX-NO-TYPE-IMPLICIT-SUBMIT-RISK","outside-form (recommend add type="button")","<button {...openButton} data-hami-block=""forum"" data-hami-block-border={chrome.containerBorderOn ? '1' : '0'} data-testid=""home-dock-forum"" aria-label={ariaLabel} data-hami-layout-span={layoutSpan} className={chrome.shellClass} style={c"
"src/app/components/lawyer/dashboard/commandHub/ForumTile.tsx",115,0,"",0,0,"B3-NEEDS-FIX-NO-TYPE-IMPLICIT-SUBMIT-RISK","outside-form (recommend add type="button")","<button {...openButton} data-testid=""home-dock-forum"" data-hami-layout-span=""1"" className={`hami-forum-tile-main relative z-[1] min-h-[44px] ${HUB_TILE_BUTTON_A11Y}`} aria-label={ariaLabel} >"
"src/app/components/lawyer/dashboard/commandHub/RouteTile.tsx",85,1,"button",1,0,"B0-SAFE-explicit-type-button","","<button type=""button"" data-hami-block={card.tileId} data-hami-block-border={containerBorderOn ? '1' : '0'} data-testid={`hub-archive-${card.id}`} aria-label={buildHubTileAriaLabel(card.label, openActionLabel)} onPointerEnter={prefetchHand"
"src/app/components/lawyer/dashboard/DossierHeaderNavButtons.tsx",34,1,"button",1,0,"B0-SAFE-explicit-type-button","","<button type=""button"" onClick={(e) => { e.stopPropagation(); onBack(); }} data-testid={backTestId} className={`${navBtnClass} ${sizeClass} hover:border-amber-400/25 hover:bg-amber-500/10 hover:text-amber-100`} aria-label=""رجوع"" title="""
"src/app/components/lawyer/dashboard/DossierHeaderNavButtons.tsx",49,1,"button",1,0,"B0-SAFE-explicit-type-button","","<button type=""button"" onClick={(e) => { e.stopPropagation(); onExit(); }} data-testid={exitTestId} className={`${navBtnClass} ${sizeClass} hover:border-rose-400/25 hover:bg-rose-500/10 hover:text-rose-200`} aria-label=""المغادرة إلى الواج"
"src/app/components/lawyer/dashboard/ExecutionArchiveInstantChrome.tsx",83,1,"button",1,0,"B0-SAFE-explicit-type-button","","<button type=""button"" onPointerDown={(event) => { if (isExecutionCreateCloseGuardArmed()) { event.preventDefault(); event.stopPropagation(); } }} onPointerUp={(event) => { if (isExecutionCreateCloseGuardArmed()) { event.preventDefault(); "
"src/app/components/lawyer/dashboard/ExecutionArchiveInstantFrame.tsx",130,1,"button",1,0,"B0-SAFE-explicit-type-button","","<button type=""button"" data-testid=""executions-add-new"" onClick={onAddAction} title=""فتح إضبارة تنفيذ جديدة"" aria-label=""فتح إضبارة تنفيذ جديدة"" className={EXECUTION_ARCHIVE_FAB} >"
"src/app/components/lawyer/dashboard/ExecutionArchiveInstantFrame.tsx",177,1,"button",1,0,"B0-SAFE-explicit-type-button","","<button type=""button"" onClick={onClose} className={EXECUTION_ARCHIVE_INSTANT_CLOSE_BTN} aria-label=""إغلاق مخزن الأضابير التنفيذية"" >"
"src/app/components/lawyer/dashboard/ExecutionCreationBootShell.tsx",17,1,"button",1,0,"B0-SAFE-explicit-type-button","","<button type=""button"" onClick={onClose} className={ecg.modalClose} aria-label=""إغلاق"" data-testid=""execution-creation-close"" >"
"src/app/components/lawyer/dashboard/ExecutionDashboardPortal.tsx",71,1,"button",1,0,"B0-SAFE-explicit-type-button","","<button type=""button"" onClick={onRetry} className=""min-h-[44px] min-w-[44px] rounded-xl border border-[#E6C673]/40 bg-[#E6C673]/15 px-4 text-xs font-bold text-[#E6C673] touch-manipulation"" >"
"src/app/components/lawyer/dashboard/ExecutionDashboardPortal.tsx",79,1,"button",1,0,"B0-SAFE-explicit-type-button","","<button type=""button"" onClick={onExitToHome} className=""min-h-[44px] min-w-[44px] rounded-xl border border-white/20 px-4 text-xs font-bold text-slate-200 touch-manipulation"" >"
"src/app/components/lawyer/dashboard/ExecutionDossierInstantFrame.tsx",87,1,"button",1,0,"B0-SAFE-explicit-type-button","","<button type=""button"" onClick={onExitToHome} data-testid={EXECUTION_DOSSIER_TEST_IDS.close} className={EXIT_BTN_CLASS} aria-label=""المغادرة إلى الواجهة الرئيسية"" title=""المغادرة إلى الواجهة الرئيسية"" >"
"src/app/components/lawyer/dashboard/fieldTasks/FieldCurtainTaskCard.tsx",113,1,"button",1,0,"B0-SAFE-explicit-type-button","","<button type=""button"" onClick={() => onReopenTask(task)} className=""min-h-[44px] px-2 text-[11px] font-semibold text-[#E6C673]/80 touch-manipulation"" aria-label={`إعادة فتح ${task.title}`} >"
"src/app/components/lawyer/dashboard/fieldTasks/FieldCurtainTaskCard.tsx",124,1,"button",1,0,"B0-SAFE-explicit-type-button","","<button type=""button"" data-testid={`field-tasks-complete-${task.id}`} onClick={() => onCompleteRequest(task)} className={CURTAIN_COMPLETE_BTN} aria-label={`إنهاء ${task.title}`} >"
"src/app/components/lawyer/dashboard/fieldTasks/FieldTasksFatalDialog.tsx",49,1,"button",1,0,"B0-SAFE-explicit-type-button","","<button type=""button"" onClick={onConfirm} className=""min-h-[44px] px-4 py-2 rounded-xl bg-rose-600 hover:bg-rose-500 text-white text-xs font-semibold touch-manipulation"" >"
"src/app/components/lawyer/dashboard/fieldTasks/FieldTasksFatalDialog.tsx",56,1,"button",1,0,"B0-SAFE-explicit-type-button","","<button type=""button"" onClick={onCancel} className=""min-h-[44px] px-4 py-2 rounded-xl border border-white/[0.1] bg-transparent text-[#F4F4F5] text-xs font-semibold touch-manipulation"" >"
"src/app/components/lawyer/dashboard/fieldTasks/FieldTasksManagerHost.tsx",24,1,"button",1,0,"B0-SAFE-explicit-type-button","","<button type=""button"" data-testid=""tasks-manager-retry"" onClick={onRetry} className=""rounded-lg border border-[#E6C673]/35 bg-[#12182B]/80 px-4 py-2 text-sm font-bold text-[#E6C673]"" >"
"src/app/components/lawyer/dashboard/fieldTasks/FieldTasksSheetChrome.tsx",53,1,"button",1,0,"B0-SAFE-explicit-type-button","","<button type=""button"" onClick={onClose} data-testid=""field-tasks-close"" tabIndex={closeTabIndex} className={CURTAIN_CLOSE_BTN} aria-label=""إغلاق مهام اليوم الميدانية"" >"
"src/app/components/lawyer/dashboard/fieldTasks/FieldTasksSheetOpenInstantChrome.tsx",74,1,"button",1,0,"B0-SAFE-explicit-type-button","","<button type=""button"" aria-label=""إغلاق الستارة"" className={FIELD_TASKS_INSTANT_BACKDROP_CLASS} onClick={() => handleInstantDismiss(onClose)} />"
"src/app/components/lawyer/dashboard/fieldTasks/FieldTasksSheetOpenInstantChrome.tsx",97,1,"button",1,0,"B0-SAFE-explicit-type-button","","<button type=""button"" onClick={onClose} className={FIELD_TASKS_INSTANT_CLOSE_CLASS} aria-label=""إغلاق مهام اليوم الميدانية"" >"
"src/app/components/lawyer/dashboard/fieldTasks/FieldTasksSheetOpenInstantChrome.tsx",133,1,"button",1,0,"B0-SAFE-explicit-type-button","","<button type=""button"" className={FIELD_TASKS_INSTANT_COMPLETE_CLASS} data-field-tasks-instant-complete={task.id} aria-label={`إنهاء ${task.title}`} onClick={() => handleInstantAction(() => requestFieldTasksInstantComplete(task.id), ) } >"
"src/app/components/lawyer/dashboard/fieldTasks/FieldTasksSheetOpenInstantChrome.tsx",165,1,"button",1,0,"B0-SAFE-explicit-type-button","","<button type=""button"" className={FIELD_TASKS_INSTANT_MANAGE_CLASS} data-field-tasks-instant-manage=""1"" onPointerDown={() => { void import('@/app/runtime/fieldTasksHubLoader') .then((m) => m.loadTasksManagerModule()) .catch(() => undefin"
"src/app/components/lawyer/dashboard/FieldTasksBottomSheet.tsx",250,1,"button",1,0,"B0-SAFE-explicit-type-button","","<button type=""button"" aria-label=""إغلاق الستارة"" tabIndex={layerInteractive ? 0 : -1} className={`${CURTAIN_BACKDROP} ${sheetVisible ? 'opacity-100' : 'opacity-0'}`} onClick={handleBackdropDismiss} onPointerUp={handleBackdropDismiss} />"
"src/app/components/lawyer/dashboard/FieldTasksBottomSheet.tsx",301,1,"button",1,0,"B0-SAFE-explicit-type-button","","<button type=""button"" data-testid=""field-tasks-manage-all"" tabIndex={layerInteractive ? 0 : -1} onPointerDown={() => { void import('@/app/runtime/fieldTasksHubLoader') .then((m) => m.loadTasksManagerModule()) .catch(() => undefined); }}"
"src/app/components/lawyer/dashboard/forumProfile/ForumTileProfileQuarter.tsx",73,1,"button",1,0,"B0-SAFE-explicit-type-button","","<button type=""button"" data-testid=""home-dock-forum-profile"" data-identity-settled={identityPending ? '0' : '1'} data-avatar-expected={avatarExpected ? '1' : '0'} className={`hami-forum-tile-profile relative z-[2] min-h-[44px] min-w-[44p"
"src/app/components/lawyer/dashboard/forumProfile/ForumTileProfileQuarterFallback.tsx",61,1,"button",1,0,"B0-SAFE-explicit-type-button","","<button type=""button"" {...shell} aria-controls=""lawyer-dashboard-profile-surface"" disabled={disabled} tabIndex={disabled ? -1 : 0} onPointerEnter={onPrimeProfile} onPointerDown={(event) => { if (event.button !== 0) return; scrolledAwayR"
"src/app/components/lawyer/dashboard/HomeDockQuickSheet.tsx",121,1,"button",1,0,"B0-SAFE-explicit-type-button","","<button type=""button"" onClick={onClose} aria-label=""إغلاق المركز السريع"" className={`min-h-[44px] min-w-[44px] rounded-lg border border-white/10 flex items-center justify-center text-white/50 hover:text-white touch-manipulation ${HOME_D"
"src/app/components/lawyer/dashboard/HomeDockQuickSheet.tsx",141,1,"button",1,0,"B0-SAFE-explicit-type-button","","<button key={key} type=""button"" role=""tab"" id={`dock-sheet-tab-${key}`} aria-controls={`dock-sheet-panel-${key}`} aria-selected={active} aria-label={resolveHomeHubTabAriaLabel(key, count)} tabIndex={active ? 0 : -1} onClick={() => setPa"
"src/app/components/lawyer/dashboard/HomeDockQuickSheetAlertsPanel.tsx",46,1,"button",1,0,"B0-SAFE-explicit-type-button","","<button type=""button"" onClick={() => { onOpenEntity(alert); onClose(); }} className={`w-full text-right rounded-xl border border-red-500/20 bg-red-500/10 px-3 py-2 min-h-[44px] touch-manipulation ${HOME_DOCK_QUICK_SHEET_BUTTON_A11Y}`} >"
"src/app/components/lawyer/dashboard/HomeDockQuickSheetAlertsPanel.tsx",70,1,"button",1,0,"B0-SAFE-explicit-type-button","","<button type=""button"" onClick={() => { onOpenEntity(alert); onClose(); }} className={`w-full text-right rounded-xl border border-amber-500/20 bg-amber-500/10 px-3 py-2 min-h-[44px] touch-manipulation ${HOME_DOCK_QUICK_SHEET_BUTTON_A11Y}`}"
"src/app/components/lawyer/dashboard/HomeDockQuickSheetPinsPanel.tsx",53,1,"button",1,0,"B0-SAFE-explicit-type-button","","<button type=""button"" onClick={() => { onNavigateRoute(pin.routePath); onClose(); }} className={`flex-1 min-w-0 text-right min-h-[44px] touch-manipulation ${HOME_DOCK_QUICK_SHEET_BUTTON_A11Y}`} >"
"src/app/components/lawyer/dashboard/HomeDockQuickSheetPinsPanel.tsx",64,1,"button",1,0,"B0-SAFE-explicit-type-button","","<button type=""button"" onClick={() => onUnpin(pin.id, pin.type)} aria-label={resolveHomeHubPinUnpinAriaLabel(meta.headline)} className={`min-w-[44px] min-h-[44px] flex items-center justify-center border shrink-0 touch-manipulation ${visual"
"src/app/components/lawyer/dashboard/homeLiteErrorBoundary.tsx",61,1,"button",1,0,"B0-SAFE-explicit-type-button","","<button type=""button"" data-testid={`${testId}-retry`} onClick={onRetry} className=""mt-4 min-h-[44px] px-4 text-sm text-white/70 touch-manipulation outline-none focus-visible:ring-2 focus-visible:ring-[#E6C673]/45"" >"
"src/app/components/lawyer/dashboard/HomeWidgetSlotSkeleton.tsx",141,1,"button",0,0,"B0-SAFE-explicit-type-button","","<button type=""button"" data-testid=""home-dock-forum"" className={`hami-forum-tile-main relative z-[1] min-h-[44px] ${HUB_TILE_BUTTON_A11Y}`} aria-label={label} {...forumFaceActivate} >"
"src/app/components/lawyer/dashboard/LawsuitsAddCaseFabWithPicker.tsx",106,1,"button",1,0,"B0-SAFE-explicit-type-button","","<button type=""button"" className={`hami-jurisdiction-picker-backdrop fixed inset-0 z-[49] bg-[#03050B]/55${reduceMotion ? ' hami-jurisdiction-picker--static' : ''}`} onClick={() => setOpen(false)} aria-label=""إغلاق"" />"
"src/app/components/lawyer/dashboard/LawsuitsAddCaseFabWithPicker.tsx",123,1,"button",1,0,"B0-SAFE-explicit-type-button","","<button key={item.id} type=""button"" role=""menuitem"" data-testid={`new-case-jurisdiction-${item.id}`} onClick={() => handleSelect(item.id)} onPointerDown={() => { prefetchNewCaseOpenPath(); prefetchJurisdictionChunk(item.id); }} onPointe"
"src/app/components/lawyer/dashboard/LawsuitsAddCaseFabWithPicker.tsx",151,1,"button",1,0,"B0-SAFE-explicit-type-button","","<button type=""button"" data-testid={testId} onClick={handleToggle} onPointerEnter={() => onIntent?.()} onFocus={() => onIntent?.()} title={open ? 'إغلاق' : `إضافة ${label}`} aria-label={open ? 'إغلاق اختيار الاختصاص' : `إضافة ${label}`} ar"
"src/app/components/lawyer/dashboard/LawsuitsWorkspaceInstantChrome.tsx",61,1,"button",0,0,"B0-SAFE-explicit-type-button","","<button type=""button"" role=""tab"" aria-selected={tab === 'civil'} data-testid={LAWSUIT_VAULT_TEST_IDS.tabCivil} className={`min-h-[44px] rounded-xl text-xs font-bold ${ tab === 'civil' ? ARCHIVE_SEGMENT_BTN_ACTIVE : 'bg-transparent text-"
"src/app/components/lawyer/dashboard/LawsuitsWorkspaceInstantChrome.tsx",72,1,"button",0,0,"B0-SAFE-explicit-type-button","","<button type=""button"" role=""tab"" aria-selected={tab === 'urgent'} data-testid={LAWSUIT_VAULT_TEST_IDS.tabUrgent} className={`min-h-[44px] rounded-xl text-xs font-bold ${ tab === 'urgent' ? URGENT_WORKSPACE_TAB_ACTIVE : 'bg-transparent t"
"src/app/components/lawyer/dashboard/LawsuitsWorkspaceInstantPaintFrame.tsx",39,1,"button",1,0,"B0-SAFE-explicit-type-button","","<button type=""button"" onClick={onExitToHome} data-testid=""lawsuits-workspace-exit"" className=""inline-flex h-11 w-11 shrink-0 items-center justify-center rounded-xl border border-white/8 bg-[#0A0F1C] text-slate-400 touch-manipulation mi"
"src/app/components/lawyer/dashboard/LawsuitsWorkspaceInstantPaintFrame.tsx",64,1,"button",0,0,"B0-SAFE-explicit-type-button","","<button type=""button"" role=""tab"" aria-selected={tab === 'civil'} data-testid={LAWSUIT_VAULT_TEST_IDS.tabCivil} className={`min-h-[44px] rounded-xl text-xs font-bold ${ tab === 'civil' ? ARCHIVE_SEGMENT_BTN_ACTIVE : 'bg-transparent text-"
"src/app/components/lawyer/dashboard/LawsuitsWorkspaceInstantPaintFrame.tsx",75,1,"button",0,0,"B0-SAFE-explicit-type-button","","<button type=""button"" role=""tab"" aria-selected={tab === 'urgent'} data-testid={LAWSUIT_VAULT_TEST_IDS.tabUrgent} className={`min-h-[44px] rounded-xl text-xs font-bold ${ tab === 'urgent' ? URGENT_WORKSPACE_TAB_ACTIVE : 'bg-transparent t"
"src/app/components/lawyer/dashboard/LawsuitsWorkspaceShell.tsx",178,1,"button",1,0,"B0-SAFE-explicit-type-button","","<button type=""button"" role=""tab"" aria-selected={tab === 'civil'} data-testid={LAWSUIT_VAULT_TEST_IDS.tabCivil} onClick={() => selectTab('civil')} className={`min-h-[44px] rounded-xl text-xs font-bold transition-all touch-manipulation ${"
"src/app/components/lawyer/dashboard/LawsuitsWorkspaceShell.tsx",192,1,"button",1,0,"B0-SAFE-explicit-type-button","","<button type=""button"" role=""tab"" aria-selected={tab === 'urgent'} data-testid={LAWSUIT_VAULT_TEST_IDS.tabUrgent} onPointerEnter={() => onUrgentTabIntent?.()} onPointerDown={() => onUrgentTabIntent?.()} onFocus={() => onUrgentTabIntent?."
"src/app/components/lawyer/dashboard/LawsuitsWorkspaceUrgentTab.tsx",29,1,"button",1,0,"B0-SAFE-explicit-type-button","","<button type=""button"" onClick={onRetry} className={`${URGENT_DOSSIER_BTN_GHOST} min-h-[44px] py-2 text-xs`} >"
"src/app/components/lawyer/dashboard/LawyerNewCaseInstantPaintCover.tsx",50,1,"button",1,0,"B0-SAFE-explicit-type-button","","<button type=""button"" onClick={onClose} className=""p-2 rounded-full text-white/55 hover:text-white hover:bg-white/[0.06] transition-colors touch-manipulation"" aria-label=""إغلاق"" >"
"src/app/components/lawyer/dashboard/LawyerNewCaseSelectionInstantShell.tsx",39,1,"button",1,0,"B0-SAFE-explicit-type-button","","<button type=""button"" onClick={onClose} className=""p-2 rounded-full text-white/55 hover:text-white hover:bg-white/[0.06] transition-colors touch-manipulation"" aria-label=""إغلاق"" >"
"src/app/components/lawyer/dashboard/LawyerNewCaseSelectionInstantShell.tsx",59,1,"button",1,0,"B0-SAFE-explicit-type-button","","<button type=""button"" onClick={onRetryLoad} className=""min-h-[44px] rounded-xl px-4 py-2 border border-[#E6C673]/40 text-[#E6C673] text-xs font-bold touch-manipulation"" >"
"src/app/components/lawyer/dashboard/overlay-sections/LawyerDashboardExecutionOverlayEntry.tsx",36,1,"button",1,0,"B0-SAFE-explicit-type-button","","<button type=""button"" onClick={onRetry} className=""min-h-[44px] rounded-xl px-4 py-2 border border-[#E6C673]/40 text-[#E6C673] text-xs font-bold touch-manipulation"" >"
"src/app/components/lawyer/dashboard/schedule/RadarOpenInstantChrome.tsx",195,1,"button",1,0,"B0-SAFE-explicit-type-button","","<button type=""button"" onClick={(event) => { event.stopPropagation(); onBack(); }} data-testid=""radar-back"" className={RADAR_BACK_BTN} style={{ WebkitTapHighlightColor: 'transparent', touchAction: 'manipulation' }} aria-label=""رجوع"" >"
"src/app/components/lawyer/dashboard/schedule/RadarOpenInstantChrome.tsx",217,1,"button",1,0,"B0-SAFE-explicit-type-button","","<button type=""button"" data-testid=""radar-prev-month"" onClick={() => shiftMonth(-1)} aria-label=""الشهر السابق"" className={RADAR_NAV_ICON_BTN} >"
"src/app/components/lawyer/dashboard/schedule/RadarOpenInstantChrome.tsx",233,1,"button",1,0,"B0-SAFE-explicit-type-button","","<button type=""button"" data-testid=""radar-next-month"" onClick={() => shiftMonth(1)} aria-label=""الشهر التالي"" className={RADAR_NAV_ICON_BTN} >"
"src/app/components/lawyer/dashboard/schedule/RadarOpenInstantChrome.tsx",243,1,"button",1,0,"B0-SAFE-explicit-type-button","","<button type=""button"" onClick={toggleFullMonth} data-testid=""radar-toggle-full-month"" aria-label={snapshot.showFullMonth ? 'إغلاق التقويم' : 'التقويم الكامل'} aria-expanded={snapshot.showFullMonth} aria-controls=""radar-calendar-grid"" "
"src/app/components/lawyer/dashboard/schedule/RadarOpenInstantChrome.tsx",277,1,"button",1,0,"B0-SAFE-explicit-type-button","","<button type=""button"" onClick={goToToday} className=""hami-radar-month-nav__today-btn shrink-0 min-h-[44px] px-3 text-[11px] font-semibold touch-manipulation"" data-testid=""radar-today"" >"
"src/app/components/lawyer/dashboard/schedule/RadarOpenInstantChrome.tsx",295,1,"button",1,0,"B0-SAFE-explicit-type-button","","<button key={day.ymd} type=""button"" data-testid={`radar-week-day-${day.ymd}`} aria-pressed={day.selected} aria-current={day.today ? 'date' : undefined} aria-label={day.ariaLabel} onClick={() => focusCalendarShellDate(day.ymd)} className={"
"src/app/components/lawyer/dashboard/schedule/RadarOpenInstantChrome.tsx",336,1,"button",1,0,"B0-SAFE-explicit-type-button","","<button type=""button"" onClick={openAdd} onPointerDown={prefetchRadarEventForm} onFocus={prefetchRadarEventForm} data-testid=""radar-add-event"" className={RADAR_BTN_ADD} aria-label={`إضافة موعد ليوم ${snapshot.dayTitle}`} >"
"src/app/components/lawyer/dashboard/schedule/RadarOpenInstantDayList.tsx",47,1,"button",1,0,"B0-SAFE-explicit-type-button","","<button type=""button"" className=""min-w-0 flex-1 text-right touch-manipulation"" onClick={() => event.bridged ? onOpenSource(event) : onOpenEvent(event) } aria-label={ event.bridged ? `فتح مصدر الموعد ${event.title}` : `تعديل الموعد ${eve"
"src/app/components/lawyer/dashboard/schedule/RadarOpenInstantDayList.tsx",70,1,"button",1,0,"B0-SAFE-explicit-type-button","","<button type=""button"" data-testid={`radar-event-open-source-${event.id}`} onClick={() => onOpenSource(event)} className=""flex min-h-[44px] min-w-[44px] shrink-0 items-center justify-center rounded-lg text-[11px] font-semibold hami-radar-"
"src/app/components/lawyer/dashboard/schedule/RadarOpenInstantMonthGrid.tsx",59,1,"button",1,0,"B0-SAFE-explicit-type-button","","<button key={cell.ymd} type=""button"" data-testid={`radar-day-${cell.day}`} aria-label={cell.ariaLabel} aria-pressed={cell.selected ? true : undefined} aria-current={cell.today ? 'date' : undefined} onClick={() => onSelectDay(cell.ymd)} cl"
"src/app/components/lawyer/dashboard/SmartFileModalBootChrome.tsx",36,1,"button",1,0,"B0-SAFE-explicit-type-button","","<button type=""button"" onClick={onClose} data-testid=""smart-file-modal-boot-close"" className=""inline-flex h-11 w-11 shrink-0 items-center justify-center rounded-xl border border-white/8 bg-hami-navy/45 text-slate-400 touch-manipulation"""
"src/app/components/lawyer/dashboard/SmartFileModalPortal.tsx",53,1,"button",1,0,"B0-SAFE-explicit-type-button","","<button type=""button"" onClick={onClose} className=""min-h-[44px] min-w-[44px] rounded-xl border border-[#E6C673]/40 px-4 text-xs font-bold text-[#E6C673] touch-manipulation"" >"
"src/app/components/lawyer/dashboard/TasksErrorBoundary.tsx",19,1,"button",1,0,"B0-SAFE-explicit-type-button","","<button type=""button"" onClick={onClose} data-testid=""tasks-manager-error-close"" className=""min-h-[44px] px-6 rounded-xl bg-[#E6C673]/15 text-[#E6C673] border border-[#E6C673]/35 active:bg-[#E6C673]/25 transition-colors text-sm font-bol"
"src/app/components/lawyer/dashboard/tasksManager/CompletedTasksArchiveSection.tsx",53,1,"button",1,0,"B0-SAFE-explicit-type-button","","<button type=""button"" data-testid={`tasks-archive-reopen-${task.id}`} onClick={() => onReopen(task)} className={`${TASKS_DIALOG_BTN_CANCEL} mt-2`} >"
"src/app/components/lawyer/dashboard/tasksManager/CompletedTasksArchiveSection.tsx",96,1,"button",1,0,"B0-SAFE-explicit-type-button","","<button type=""button"" onClick={onBack} className={`${TASKS_DIALOG_BTN_CANCEL} flex items-center gap-1.5 shrink-0`} >"
"src/app/components/lawyer/dashboard/tasksManager/DistantTasksSection.tsx",99,1,"button",1,0,"B0-SAFE-explicit-type-button","","<button type=""button"" data-testid=""tasks-snooze-save"" onClick={handleSave} disabled={!title.trim()} className={`${TASKS_BTN_BRONZE} min-h-[44px] disabled:opacity-40 touch-manipulation`} >"
"src/app/components/lawyer/dashboard/tasksManager/DistantTasksSection.tsx",145,1,"button",1,0,"B0-SAFE-explicit-type-button","","<button type=""button"" data-testid=""tasks-snooze-toggle"" onClick={() => setSnoozePanelOpen((open) => !open)} className={TASKS_BTN_BRONZE} >"
"src/app/components/lawyer/dashboard/tasksManager/FatalDeadlinesSection.tsx",44,1,"button",1,0,"B0-SAFE-explicit-type-button","","<button type=""button"" data-testid={`tasks-fatal-summary-${task.id}`} onClick={() => onSelectFatalTask?.(task.id)} className=""w-full min-h-[44px] py-2.5 first:pt-2 text-right touch-manipulation"" aria-label={`الانتقال إلى ${task.title}`} "
"src/app/components/lawyer/dashboard/tasksManager/RequestHelpModal.tsx",150,1,"button",1,0,"B0-SAFE-explicit-type-button","","<button type=""button"" data-testid=""task-help-scope-private"" onClick={() => setScope('PRIVATE_DIRECT')} className={scope === 'PRIVATE_DIRECT' ? SCOPE_ON : SCOPE_OFF} >"
"src/app/components/lawyer/dashboard/tasksManager/RequestHelpModal.tsx",158,1,"button",1,0,"B0-SAFE-explicit-type-button","","<button type=""button"" data-testid=""task-help-scope-public"" onClick={() => setScope('PUBLIC_FORUM')} className={scope === 'PUBLIC_FORUM' ? SCOPE_ON : SCOPE_OFF} >"
"src/app/components/lawyer/dashboard/tasksManager/RequestHelpModal.tsx",231,1,"button",1,0,"B0-SAFE-explicit-type-button","","<button type=""button"" data-testid=""task-help-submit"" disabled={submitting || !userId || !canReachCollaborationNetwork()} onClick={() => void handleSubmit()} className={`${TASKS_BTN_BRONZE} inline-flex items-center gap-2 disabled:opacity"
"src/app/components/lawyer/dashboard/tasksManager/RequestHelpModal.tsx",241,1,"button",1,0,"B0-SAFE-explicit-type-button","","<button type=""button"" onClick={onClose} className={TASKS_DIALOG_BTN_CANCEL} >"
"src/app/components/lawyer/dashboard/tasksManager/TaskCardOptionsMenu.tsx",51,1,"button",1,0,"B0-SAFE-explicit-type-button","","<button type=""button"" role=""menuitem"" disabled={archived} onClick={() => { if (archived) return; onClose(); onPostponeRequest(task); }} className={`flex w-full flex-row-reverse items-center gap-2 px-3 py-2.5 text-right text-sm font-bold"
"src/app/components/lawyer/dashboard/tasksManager/TaskCardOptionsMenu.tsx",67,1,"button",1,0,"B0-SAFE-explicit-type-button","","<button type=""button"" role=""menuitem"" data-testid={`tasks-task-help-${task.id}`} onClick={() => { onClose(); onRequestHelp(task); }} className={`flex w-full flex-row-reverse items-center gap-2 px-3 py-2.5 text-right text-sm font-bold te"
"src/app/components/lawyer/dashboard/tasksManager/TaskCardOptionsMenu.tsx",81,1,"button",1,0,"B0-SAFE-explicit-type-button","","<button type=""button"" role=""menuitem"" disabled={readOnly} onClick={() => { if (readOnly) return; onClose(); onEditRequest(task); }} className={`flex w-full flex-row-reverse items-center gap-2 px-3 py-2.5 text-right text-sm font-bold tex"
"src/app/components/lawyer/dashboard/tasksManager/TaskCardOptionsMenu.tsx",95,1,"button",1,0,"B0-SAFE-explicit-type-button","","<button type=""button"" role=""menuitem"" disabled={readOnly} onClick={() => { if (readOnly) return; onClose(); onDeleteRequest(task); }} className=""flex w-full flex-row-reverse items-center gap-2 px-3 py-2.5 text-right text-sm font-bold t"
"src/app/components/lawyer/dashboard/tasksManager/TaskCardPanels.tsx",34,1,"button",1,0,"B0-SAFE-explicit-type-button","","<button type=""button"" onClick={onToggleSection} className=""w-full min-h-[44px] flex flex-row-reverse items-center justify-between gap-2 px-3 py-2.5 border-b border-sky-500/15 bg-sky-500/6 hover:bg-sky-500/10 transition touch-manipulation"
"src/app/components/lawyer/dashboard/tasksManager/TaskCardPanels.tsx",153,1,"button",1,0,"B0-SAFE-explicit-type-button","","<button type=""button"" onClick={() => { const t = docDraft.trim(); if (!t) return; onAdd(t); setDocDraft(''); }} disabled={!docDraft.trim()} className=""shrink-0 min-h-[44px] min-w-[44px] px-2 rounded-lg border border-[#E6C673]/28 bg-[#E6C"
"src/app/components/lawyer/dashboard/tasksManager/TaskCardStatusRow.tsx",106,1,"button",1,0,"B0-SAFE-explicit-type-button","","<button type=""button"" data-testid={`tasks-task-reopen-${task.id}`} onClick={() => onReopenTask(task)} onPointerUp={releaseTouchFocus} className=""min-h-[44px] text-[10px] font-bold text-[#E6C673]/80 hover:text-[#E6C673] underline-offset-2"
"src/app/components/lawyer/dashboard/tasksManager/TaskCardStatusRow.tsx",118,1,"button",1,0,"B0-SAFE-explicit-type-button","","<button type=""button"" data-testid={`tasks-task-complete-${task.id}`} onClick={() => onCompleteRequest(task)} onPointerUp={releaseTouchFocus} className=""inline-flex flex-row-reverse items-center gap-1 min-h-[44px] px-2.5 py-1 rounded-xl b"
"src/app/components/lawyer/dashboard/tasksManager/TaskCardStatusRow.tsx",133,1,"button",1,0,"B0-SAFE-explicit-type-button","","<button type=""button"" onClick={() => onReminderBadgeClick(task)} onPointerUp={releaseTouchFocus} title=""حان وقت التخطيط"" className=""flex h-11 w-11 items-center justify-center rounded-xl border border-[#E6C673]/45 bg-[#E6C673]/12 text-b"
"src/app/components/lawyer/dashboard/tasksManager/TaskCardStatusRow.tsx",152,1,"button",1,0,"B0-SAFE-explicit-type-button","","<button ref={optionsAnchorRef} type=""button"" data-testid={`tasks-task-options-${task.id}`} onClick={toggleOptionsMenu} onPointerUp={releaseTouchFocus} className={`${TASK_CARD_ICON_BTN} ${ optionsOpen ? TASK_CARD_ICON_BTN_ACTIVE : TASK_CAR"
"src/app/components/lawyer/dashboard/tasksManager/TaskCardToolRow.tsx",43,1,"button",1,0,"B0-SAFE-explicit-type-button","","<button type=""button"" disabled={readOnly} onClick={() => !readOnly && onToggleFatal()} onPointerUp={releaseTouchFocus} className={`${TASK_TOOL_BTN} ${ isFatalDeadline ? 'border-rose-500/55 bg-rose-500/18 text-rose-100' : `border-[#E6C673]"
"src/app/components/lawyer/dashboard/tasksManager/TaskCardToolRow.tsx",57,1,"button",1,0,"B0-SAFE-explicit-type-button","","<button type=""button"" title={ pinnedToFieldCurtain ? 'إلغاء التثبيت من ستارة مهام اليوم الميدانية' : 'تثبيت على ستارة مهام اليوم الميدانية (الشريط السفلي)' } onClick={(e) => { e.stopPropagation(); onToggleFieldCurtainPin(); }} onPointerUp"
"src/app/components/lawyer/dashboard/tasksManager/TaskCardToolRow.tsx",78,1,"button",1,0,"B0-SAFE-explicit-type-button","","<button type=""button"" data-testid={`tasks-task-branch-toggle-${taskId}`} onClick={onToggleBranch} onPointerUp={releaseTouchFocus} className={`${TASK_TOOL_BTN} ${ branchOpen ? 'border-sky-500/45 bg-sky-500/12 text-sky-100' : `border-[#E6C6"
"src/app/components/lawyer/dashboard/tasksManager/TaskCardToolRow.tsx",92,1,"button",1,0,"B0-SAFE-explicit-type-button","","<button type=""button"" data-testid={`tasks-task-requirements-toggle-${taskId}`} onClick={onToggleBrief} onPointerUp={releaseTouchFocus} className={`${TASK_TOOL_BTN} ${ requirementsOpen ? 'border-violet-500/45 bg-violet-500/12 text-violet-1"
"src/app/components/lawyer/dashboard/tasksManager/TaskHelpInboxPanel.tsx",239,1,"button",1,0,"B0-SAFE-explicit-type-button","","<button type=""button"" data-testid={`task-help-accept-${req.id}`} disabled={busy} onClick={() => void handleAccept(req)} className={`${TASKS_BTN_PRIMARY} disabled:opacity-40`} >"
"src/app/components/lawyer/dashboard/tasksManager/TaskHelpInboxPanel.tsx",250,1,"button",1,0,"B0-SAFE-explicit-type-button","","<button type=""button"" disabled={busy} onClick={() => void handleHelperDone(req)} className={`${TASKS_BTN_BRONZE} disabled:opacity-40 inline-flex items-center gap-1`} >"
"src/app/components/lawyer/dashboard/tasksManager/TaskHelpInboxPanel.tsx",262,1,"button",1,0,"B0-SAFE-explicit-type-button","","<button type=""button"" disabled={busy} onClick={() => void handleOwnerConfirm(req)} className={`${TASKS_BTN_BRONZE} disabled:opacity-40`} >"
"src/app/components/lawyer/dashboard/tasksManager/TaskHelpInboxPanel.tsx",291,1,"button",1,0,"B0-SAFE-explicit-type-button","","<button type=""button"" disabled={busy} onClick={() => void handleNote(req)} className={`${TASKS_BTN_GHOST} min-w-[44px] flex items-center justify-center`} aria-label=""إرسال ملاحظة"" >"
"src/app/components/lawyer/dashboard/tasksManager/TaskPlanChain.tsx",118,1,"button",1,0,"B0-SAFE-explicit-type-button","","<button type=""button"" onClick={() => removeAt(step.id)} className=""inline-flex size-8 shrink-0 items-center justify-center rounded-md text-rose-300/80 hover:bg-rose-500/10 touch-manipulation"" aria-label={`حذف الخطوة ${index + 1}`} >"
"src/app/components/lawyer/dashboard/tasksManager/TaskPlanChain.tsx",134,1,"button",1,0,"B0-SAFE-explicit-type-button","","<button type=""button"" onClick={addStep} data-testid=""tasks-plan-chain-add"" className=""inline-flex min-h-[44px] min-w-[44px] shrink-0 flex-row-reverse items-center justify-center gap-1 rounded-lg border border-dashed border-[#E6C673]/35"
"src/app/components/lawyer/dashboard/tasksManager/TaskPlanChain.tsx",183,1,"button",1,0,"B0-SAFE-explicit-type-button","","<button type=""button"" onClick={() => { if (readOnly) return; setActiveId(isActive ? null : st.id); setEditingId(null); setAddOpen(false); }} className={`flex min-h-[44px] min-w-[9.5rem] max-w-[13rem] flex-[1_1_9.5rem] flex-col gap-0.5 rou"
"src/app/components/lawyer/dashboard/tasksManager/TaskPlanChain.tsx",218,1,"button",1,0,"B0-SAFE-explicit-type-button","","<button type=""button"" onClick={() => { setAddOpen(true); setActiveId(null); }} className=""inline-flex min-h-[44px] min-w-[44px] shrink-0 items-center justify-center rounded-lg border border-dashed border-[#E6C673]/30 text-[#E6C673] touch"
"src/app/components/lawyer/dashboard/tasksManager/TaskPlanChain.tsx",243,1,"button",1,0,"B0-SAFE-explicit-type-button","","<button type=""button"" className=""min-h-[44px] shrink-0 rounded-lg border border-emerald-500/35 px-3 text-[11px] font-bold text-emerald-200 touch-manipulation"" onClick={() => { const t = editDraft.trim(); if (t) onRename(activeId, t); se"
"src/app/components/lawyer/dashboard/tasksManager/TaskPlanChain.tsx",257,1,"button",1,0,"B0-SAFE-explicit-type-button","","<button type=""button"" className=""inline-flex min-h-[44px] items-center justify-center gap-1 rounded-lg border border-white/10 text-[11px] font-bold text-slate-200 touch-manipulation"" onClick={() => { const cur = subTasks.find((s) => s.i"
"src/app/components/lawyer/dashboard/tasksManager/TaskPlanChain.tsx",269,1,"button",1,0,"B0-SAFE-explicit-type-button","","<button type=""button"" className=""inline-flex min-h-[44px] items-center justify-center gap-1 rounded-lg border border-emerald-500/35 text-[11px] font-bold text-emerald-200 touch-manipulation"" onClick={() => { onSetPlanStatus(activeId, 'd"
"src/app/components/lawyer/dashboard/tasksManager/TaskPlanChain.tsx",280,1,"button",1,0,"B0-SAFE-explicit-type-button","","<button type=""button"" className=""min-h-[44px] rounded-lg border border-amber-500/35 text-[11px] font-bold text-amber-200 touch-manipulation"" onClick={() => { onSetPlanStatus(activeId, 'delayed'); setActiveId(null); }} >"
"src/app/components/lawyer/dashboard/tasksManager/TaskPlanChain.tsx",290,1,"button",1,0,"B0-SAFE-explicit-type-button","","<button type=""button"" className=""inline-flex min-h-[44px] items-center justify-center gap-1 rounded-lg border border-slate-400/35 text-[11px] font-bold text-slate-200 touch-manipulation"" onClick={() => { onSetPlanStatus(activeId, 'pause"
"src/app/components/lawyer/dashboard/tasksManager/TaskPlanChain.tsx",301,1,"button",1,0,"B0-SAFE-explicit-type-button","","<button type=""button"" className=""col-span-2 inline-flex min-h-[44px] items-center justify-center gap-1 rounded-lg border border-rose-500/35 text-[11px] font-bold text-rose-200 touch-manipulation"" onClick={() => { onRemove(activeId); set"
"src/app/components/lawyer/dashboard/tasksManager/TaskPlanChain.tsx",335,1,"button",1,0,"B0-SAFE-explicit-type-button","","<button type=""button"" className=""min-h-[44px] shrink-0 rounded-lg border border-emerald-500/35 px-3 text-[11px] font-bold text-emerald-200 touch-manipulation"" onClick={() => { const t = addDraft.trim(); if (!t) return; onAdd(t); setAddD"
"src/app/components/lawyer/dashboard/tasksManager/TaskPlanChain.tsx",348,1,"button",1,0,"B0-SAFE-explicit-type-button","","<button type=""button"" className=""min-h-[44px] shrink-0 rounded-lg border border-white/10 px-3 text-[11px] font-bold text-slate-300 touch-manipulation"" onClick={() => { setAddOpen(false); setAddDraft(''); }} >"
"src/app/components/lawyer/dashboard/tasksManager/TaskRingToggle.tsx",41,1,"button",1,0,"B0-SAFE-explicit-type-button","","<button type=""button"" role=""checkbox"" aria-checked={checked} aria-label={label} disabled={disabled} onClick={onToggle} className=""shrink-0 inline-flex items-center justify-center min-h-[44px] min-w-[44px] rounded-full touch-manipulatio"
"src/app/components/lawyer/dashboard/tasksManager/TasksManagerFatalDialog.tsx",32,1,"button",1,0,"B0-SAFE-explicit-type-button","","<button type=""button"" onClick={onConfirm} className=""min-h-[44px] px-4 py-2 rounded-xl bg-rose-600 hover:bg-rose-500 text-white text-xs font-extrabold transition-colors touch-manipulation"" >"
"src/app/components/lawyer/dashboard/tasksManager/TasksManagerFatalDialog.tsx",39,1,"button",1,0,"B0-SAFE-explicit-type-button","","<button type=""button"" onClick={() => onOpenChange?.(false)} className={TASKS_DIALOG_BTN_CANCEL} >"
"src/app/components/lawyer/dashboard/tasksManager/TasksManagerHeader.tsx",26,1,"button",1,0,"B0-SAFE-explicit-type-button","","<button type=""button"" onClick={onOpenHelpInbox} data-testid=""tasks-manager-help-inbox"" className={`flex items-center gap-1 min-h-[44px] px-2 py-2 rounded-xl border text-[11px] font-semibold transition-all touch-manipulation ${TASKS_GLAS"
"src/app/components/lawyer/dashboard/tasksManager/TasksManagerHeader.tsx",36,1,"button",1,0,"B0-SAFE-explicit-type-button","","<button type=""button"" onClick={onToggleCompletedArchive} data-testid=""tasks-manager-completed-toggle"" className={`flex items-center gap-1 min-h-[44px] px-2.5 py-2 rounded-xl border text-[11px] font-semibold transition-all touch-manipula"
"src/app/components/lawyer/dashboard/tasksManager/TasksManagerHeader.tsx",49,1,"button",1,0,"B0-SAFE-explicit-type-button","","<button type=""button"" onClick={onClose} data-testid=""tasks-manager-close"" className=""w-11 h-11 shrink-0 rounded-xl border border-white/[0.08] bg-transparent flex items-center justify-center text-[#F4F4F5]/75 hover:bg-white/[0.05] hover"
"src/app/components/lawyer/dashboard/tasksManager/TasksManagerModalFields.tsx",67,1,"button",1,0,"B0-SAFE-explicit-type-button","","<button type=""button"" onClick={() => onRemoveEditSubTask(st.id)} className=""min-h-[44px] min-w-[44px] px-2 text-[10px] font-bold text-rose-300 hover:text-rose-200 touch-manipulation"" >"
"src/app/components/lawyer/dashboard/tasksManager/TasksManagerModalFields.tsx",112,1,"button",1,0,"B0-SAFE-explicit-type-button","","<button type=""button"" onClick={() => onReminderSnoozeDays(7)} className={`${TASKS_BTN_GHOST} text-[10px] px-3 py-1.5`} >"
"src/app/components/lawyer/dashboard/tasksManager/TasksManagerModalFields.tsx",119,1,"button",1,0,"B0-SAFE-explicit-type-button","","<button type=""button"" onClick={() => onReminderSnoozeDays(14)} className={`${TASKS_BTN_GHOST} text-[10px] px-3 py-1.5`} >"
"src/app/components/lawyer/dashboard/tasksManager/TasksManagerModalFields.tsx",126,1,"button",1,0,"B0-SAFE-explicit-type-button","","<button type=""button"" onClick={() => onReminderSnoozeDays(30)} className={`${TASKS_BTN_GHOST} text-[10px] px-3 py-1.5`} >"
"src/app/components/lawyer/dashboard/tasksManager/TasksManagerModalFields.tsx",141,1,"button",1,0,"B0-SAFE-explicit-type-button","","<button type=""button"" onClick={onReminderSnoozeCustomDate} className={`${TASKS_BTN_BRONZE} text-[10px] px-3 py-1.5`} >"
"src/app/components/lawyer/dashboard/tasksManager/TasksManagerModals.tsx",146,1,"button",1,0,"B0-SAFE-explicit-type-button","","<button type=""button"" data-testid=""tasks-delete-confirm"" onPointerDown={(event) => event.stopPropagation()} onClick={(event) => { event.stopPropagation(); onConfirmDelete(); }} className=""min-h-[44px] px-4 py-2 rounded-xl bg-rose-600 h"
"src/app/components/lawyer/dashboard/tasksManager/TasksManagerModals.tsx",158,1,"button",1,0,"B0-SAFE-explicit-type-button","","<button type=""button"" onPointerDown={(event) => event.stopPropagation()} onClick={(event) => { event.stopPropagation(); onDismissDelete(); }} className={TASKS_DIALOG_BTN_CANCEL} >"
"src/app/components/lawyer/dashboard/tasksManager/TasksManagerModals.tsx",191,1,"button",1,0,"B0-SAFE-explicit-type-button","","<button type=""button"" data-testid=""tasks-edit-save"" onClick={onSaveEdit} disabled={!editTitle.trim() && !editLocation.trim()} className={`${TASKS_BTN_PRIMARY} disabled:opacity-40`} >"
"src/app/components/lawyer/dashboard/tasksManager/TasksManagerModals.tsx",200,1,"button",1,0,"B0-SAFE-explicit-type-button","","<button type=""button"" onClick={onCancelEdit} className={TASKS_BTN_GHOST} >"
"src/app/components/lawyer/dashboard/tasksManager/TasksManagerModals.tsx",228,1,"button",1,0,"B0-SAFE-explicit-type-button","","<button key={d.key} type=""button"" onClick={() => onReminderMoveToDay(dayDate)} className={`w-full min-h-[44px] py-2.5 text-xs font-extrabold text-[#F4F4F5] touch-manipulation ${TASKS_GLASS_PANEL} hover:border-[#E6C673]/35`} >"
"src/app/components/lawyer/dashboard/tasksManager/TasksManagerModals.tsx",278,1,"button",1,0,"B0-SAFE-explicit-type-button","","<button type=""button"" data-testid=""tasks-postpone-confirm"" onClick={onConfirmPostpone} disabled={!postponeDateYmd} className={`${TASKS_BTN_PRIMARY} disabled:opacity-40`} >"
"src/app/components/lawyer/dashboard/tasksManager/TasksManagerModals.tsx",287,1,"button",1,0,"B0-SAFE-explicit-type-button","","<button type=""button"" onClick={onDismissPostpone} className={TASKS_BTN_GHOST}>"
"src/app/components/lawyer/dashboard/tasksManager/TaskSubTasksCollapsible.tsx",35,1,"button",1,0,"B0-SAFE-explicit-type-button","","<button type=""button"" onClick={() => setOpen((v) => !v)} className={`w-full min-h-[44px] flex flex-row-reverse items-center justify-between gap-2 rounded-md px-1 py-0.5 ${TASKS_INNER_GLASS_HOVER} touch-manipulation`} aria-expanded={open} "
"src/app/components/lawyer/dashboard/tasksManager/WeeklyAgendaSection.tsx",89,1,"button",1,0,"B0-SAFE-explicit-type-button","","<button type=""button"" data-testid={`tasks-week-add-${block.key}`} onClick={(e) => { e.preventDefault(); e.stopPropagation(); openWeekAdd(block.key); }} className={TASKS_BTN_BRONZE} >"
"src/app/components/lawyer/dashboard/tasksManager/WeeklyAgendaSection.tsx",101,1,"button",1,0,"B0-SAFE-explicit-type-button","","<button type=""button"" data-testid={`tasks-week-plan-${block.key}`} onClick={(e) => { e.preventDefault(); e.stopPropagation(); openWeekAdd(block.key, { withPlan: true }); }} className={`min-h-[44px] rounded-xl border px-3 py-2 text-xs font"
"src/app/components/lawyer/dashboard/tasksManager/WeeklyAgendaSection.tsx",248,1,"button",1,1,"B0-SAFE-explicit-type-button","","<button type=""button"" data-testid=""tasks-week-remove-details"" className=""inline-flex size-8 items-center justify-center rounded-md text-[#F4F4F5]/45 hover:bg-white/[0.06] hover:text-[#F4F4F5]/80 touch-manipulation"" aria-label=""إخفاء "
"src/app/components/lawyer/dashboard/tasksManager/WeeklyAgendaSection.tsx",281,1,"button",1,1,"B0-SAFE-explicit-type-button","","<button type=""button"" data-testid=""tasks-week-remove-location"" className=""inline-flex size-8 items-center justify-center rounded-md text-[#F4F4F5]/45 hover:bg-white/[0.06] hover:text-[#F4F4F5]/80 touch-manipulation"" aria-label=""إخفاء"
"src/app/components/lawyer/dashboard/tasksManager/WeeklyAgendaSection.tsx",312,1,"button",1,1,"B0-SAFE-explicit-type-button","","<button type=""button"" data-testid=""tasks-week-remove-plan"" className=""inline-flex size-8 items-center justify-center rounded-md text-[#F4F4F5]/45 hover:bg-white/[0.06] hover:text-[#F4F4F5]/80 touch-manipulation"" aria-label=""إخفاء خطو"
"src/app/components/lawyer/dashboard/tasksManager/WeeklyAgendaSection.tsx",343,1,"button",1,1,"B0-SAFE-explicit-type-button","","<button type=""button"" data-testid=""tasks-week-chip-details"" className={ADD_CHIP} onClick={() => { patchWeek(setWeekAdd, block.key, { detailsOpen: true }); focusField('tasks-week-form-details'); }} >"
"src/app/components/lawyer/dashboard/tasksManager/WeeklyAgendaSection.tsx",357,1,"button",1,1,"B0-SAFE-explicit-type-button","","<button type=""button"" data-testid=""tasks-week-chip-location"" className={ADD_CHIP} onClick={() => { patchWeek(setWeekAdd, block.key, { locationOpen: true }); focusField('tasks-week-form-location'); }} >"
"src/app/components/lawyer/dashboard/tasksManager/WeeklyAgendaSection.tsx",371,1,"button",1,1,"B0-SAFE-explicit-type-button","","<button type=""button"" data-testid=""tasks-week-chip-step"" className={ADD_CHIP} onClick={() => { patchWeek(setWeekAdd, block.key, { planOpen: true, planSteps: weekAdd.planSteps.length > 0 ? weekAdd.planSteps : [{ id: `plan_${Date.now()}`,"
"src/app/components/lawyer/dashboard/tasksManager/WeeklyAgendaSection.tsx",400,1,"button",1,1,"B0-SAFE-explicit-type-button","","<button type=""button"" onClick={() => setWeekAdd(null)} data-testid=""tasks-week-cancel"" className={TASKS_BTN_GHOST} >"
"src/app/components/lawyer/dashboard/tasksManager/WeeklyAgendaSection.tsx",408,1,"submit",0,1,"B1-SAFE-explicit-type-submit","inside_form=true","<button type=""submit"" data-testid=""tasks-week-save"" disabled={!canSave} className={`${TASKS_BTN_BRONZE} disabled:cursor-not-allowed disabled:opacity-55`} >"
"src/app/components/lawyer/Dashboard_Active_Order_File/components/ConfirmDialogPortal.tsx",39,1,"button",1,0,"B0-SAFE-explicit-type-button","","<button type=""button"" onClick={(e) => { e.stopPropagation(); onCancel(); }} className=""min-h-[44px] px-4 py-2 rounded-lg text-white/60 hover:text-white hover:bg-white/5 font-bold text-sm touch-manipulation"" >"
"src/app/components/lawyer/Dashboard_Active_Order_File/components/ConfirmDialogPortal.tsx",49,1,"button",1,0,"B0-SAFE-explicit-type-button","","<button type=""button"" onClick={(e) => { e.stopPropagation(); onConfirm(); }} className={`${URGENT_DOSSIER_BTN_PRIMARY} min-h-[44px] py-2 text-xs`} >"
"src/app/components/lawyer/Dashboard_Active_Order_File/components/PartyCardItem.tsx",34,1,"button",1,0,"B0-SAFE-explicit-type-button","","<button type=""button"" onClick={() => onEdit({ type, index, party })} className=""shrink-0 inline-flex min-h-[44px] min-w-[44px] items-center justify-center rounded-lg bg-white/5 hover:bg-white/10 text-white/60 hover:text-white touch-manip"
"src/app/components/lawyer/Dashboard_Active_Order_File/layout/ActiveOrderFileHeader.tsx",62,1,"button",1,0,"B0-SAFE-explicit-type-button","","<button type=""button"" onClick={onClose} className=""min-h-[44px] min-w-[44px] shrink-0 rounded-lg bg-white/5 hover:bg-white/10 inline-flex items-center justify-center text-white/70 hover:text-white touch-manipulation mt-0.5"" aria-label="""
"src/app/components/lawyer/Dashboard_Active_Order_File/layout/ActiveOrderFileHeader.tsx",83,1,"button",0,0,"B0-SAFE-explicit-type-button","","<button type=""button"" className=""shrink-0 inline-flex min-h-[44px] min-w-[44px] items-center justify-center rounded-lg bg-white/5 hover:bg-white/10 text-white/55 hover:text-white touch-manipulation"" aria-label=""تفاصيل الإجراء"" >"
"src/app/components/lawyer/Dashboard_Active_Order_File/layout/ActiveOrderFileHeader.tsx",112,1,"button",1,0,"B0-SAFE-explicit-type-button","","<button type=""button"" onClick={onOpenEdit} className=""min-h-[44px] px-3 rounded-lg border border-[#E6C673]/30 bg-[#E6C673]/10 hover:bg-[#E6C673]/18 text-[#F5F0E6] text-xs font-bold inline-flex items-center gap-1.5 touch-manipulation"" >"
"src/app/components/lawyer/Dashboard_Active_Order_File/layout/ActiveOrderFileHeader.tsx",121,1,"button",1,0,"B0-SAFE-explicit-type-button","","<button type=""button"" onClick={onClose} className=""inline-flex min-h-[44px] min-w-[44px] items-center justify-center rounded-lg bg-white/5 hover:bg-white/10 text-white/70 hover:text-white touch-manipulation"" aria-label=""إغلاق"" >"
"src/app/components/lawyer/Dashboard_Active_Order_File/layout/adminWorkspace/AdminWorkspaceAttachmentsTab.tsx",73,1,"button",1,0,"B0-SAFE-explicit-type-button","","<button type=""button"" onClick={() => deleteAttachment(a.id)} disabled={isFinalized} className=""text-red-300 hover:text-red-200 disabled:opacity-50 disabled:cursor-not-allowed"" >"
"src/app/components/lawyer/Dashboard_Active_Order_File/layout/adminWorkspace/AdminWorkspaceEventsTab.tsx",34,1,"button",1,0,"B0-SAFE-explicit-type-button","","<button type=""button"" onClick={addManualEvent} className={URGENT_DOSSIER_BTN_PRIMARY}>"
"src/app/components/lawyer/Dashboard_Active_Order_File/layout/adminWorkspace/AdminWorkspaceNotesTab.tsx",32,1,"button",1,0,"B0-SAFE-explicit-type-button","","<button type=""button"" onClick={addCaseNote} disabled={isFinalized} className={URGENT_DOSSIER_BTN_PRIMARY} >"
"src/app/components/lawyer/Dashboard_Active_Order_File/layout/adminWorkspace/AdminWorkspaceNotesTab.tsx",51,1,"button",1,0,"B0-SAFE-explicit-type-button","","<button type=""button"" onClick={() => deleteCaseNote(n.id)} disabled={isFinalized} className=""text-red-300 hover:text-red-200 disabled:opacity-50 disabled:cursor-not-allowed"" >"
"src/app/components/lawyer/Dashboard_Active_Order_File/layout/adminWorkspace/AdminWorkspaceTasksTab.tsx",56,1,"button",1,0,"B0-SAFE-explicit-type-button","","<button type=""button"" onClick={addFollowup} disabled={ isFinalized || (!!requestDateYmd && !!newFollowupDate && newFollowupDate < requestDateYmd) } className={`${URGENT_DOSSIER_BTN_PRIMARY} sm:min-w-[7rem]`} >"
"src/app/components/lawyer/Dashboard_Active_Order_File/layout/adminWorkspace/AdminWorkspaceTasksTab.tsx",111,1,"button",1,0,"B0-SAFE-explicit-type-button","","<button type=""button"" onClick={() => deleteFollowup(f.id)} disabled={isFinalized} className=""text-red-300 hover:text-red-200 text-xs font-bold shrink-0 disabled:opacity-50 disabled:cursor-not-allowed"" >"
"src/app/components/lawyer/Dashboard_Active_Order_File/layout/AdminWorkspacePanel.tsx",155,1,"button",1,0,"B0-SAFE-explicit-type-button","","<button key={tab.id} type=""button"" role=""tab"" aria-selected={isActive} onClick={() => handleTabClick(tab.id)} className={`flex-1 inline-flex items-center justify-center gap-1.5 px-2 py-2.5 rounded-lg text-xs font-bold min-h-[44px] touch"
"src/app/components/lawyer/Dashboard_Active_Order_File/layout/AdminWorkspacePanel.tsx",203,1,"button",1,0,"B0-SAFE-explicit-type-button","","<button type=""button"" onClick={() => setDockOpen(false)} className=""inline-flex min-h-[44px] min-w-[44px] items-center justify-center rounded-lg bg-white/5 hover:bg-white/10 text-white/60 hover:text-white touch-manipulation"" aria-label="
"src/app/components/lawyer/Dashboard_Active_Order_File/modals/DossierEditModal.tsx",100,1,"button",1,0,"B0-SAFE-explicit-type-button","","<button type=""button"" onClick={onClose} className=""inline-flex min-h-[44px] min-w-[44px] items-center justify-center rounded-lg bg-white/5 hover:bg-white/10 text-white touch-manipulation"" aria-label=""إغلاق"" >"
"src/app/components/lawyer/Dashboard_Active_Order_File/modals/DossierEditModal.tsx",222,1,"button",1,0,"B0-SAFE-explicit-type-button","","<button type=""button"" onClick={onClose} className=""min-h-[44px] px-4 rounded-lg text-white/60 hover:text-white hover:bg-white/5 font-bold text-sm touch-manipulation"" >"
"src/app/components/lawyer/Dashboard_Active_Order_File/modals/DossierEditModal.tsx",229,1,"button",1,0,"B0-SAFE-explicit-type-button","","<button type=""button"" onClick={onSave} className=""min-h-[44px] px-4 rounded-lg bg-[#E6C673]/20 border border-[#E6C673]/35 hover:bg-[#E6C673]/30 text-[#F5F0E6] text-sm font-bold inline-flex items-center gap-2 touch-manipulation"" >"
"src/app/components/lawyer/Dashboard_Active_Order_File/modals/MetaEditModal.tsx",55,1,"button",1,0,"B0-SAFE-explicit-type-button","","<button type=""button"" onClick={onClose} className=""inline-flex min-h-[44px] min-w-[44px] items-center justify-center rounded-lg bg-white/5 hover:bg-white/10 text-white touch-manipulation"" aria-label=""إغلاق"" >"
"src/app/components/lawyer/Dashboard_Active_Order_File/modals/MetaEditModal.tsx",124,1,"button",1,0,"B0-SAFE-explicit-type-button","","<button type=""button"" onClick={onClose} className=""min-h-[44px] px-4 rounded-lg bg-transparent text-white/60 hover:text-white hover:bg-white/5 font-bold touch-manipulation"" >"
"src/app/components/lawyer/Dashboard_Active_Order_File/modals/MetaEditModal.tsx",131,1,"button",1,0,"B0-SAFE-explicit-type-button","","<button type=""button"" onClick={onSave} className=""min-h-[44px] px-4 rounded-lg bg-[#E6C673]/20 border border-[#E6C673]/35 hover:bg-[#E6C673]/30 text-[#F5F0E6] text-sm font-bold inline-flex items-center gap-2 touch-manipulation"" >"
"src/app/components/lawyer/Dashboard_Active_Order_File/panels/cassation/CassationPhaseBody.tsx",182,1,"button",1,0,"B0-SAFE-explicit-type-button","","<button type=""button"" onClick={() => { if (!cassationExpiredCanClose) return; setCassationExpiredConfirmed(true); }} disabled={isFinalized || !cassationExpiredCanClose} title={ !cassationExpiredCanClose ? 'لا يمكن تأكيد الانقضاء إلا بعد ت"
"src/app/components/lawyer/Dashboard_Active_Order_File/panels/cassation/CassationPhaseBody.tsx",274,1,"button",1,0,"B0-SAFE-explicit-type-button","","<button type=""button"" onClick={(e) => { e.preventDefault(); e.stopPropagation(); clearCassation(); }} className=""px-3 py-2 text-white/60 hover:text-white transition-colors font-bold"" >"
"src/app/components/lawyer/Dashboard_Active_Order_File/panels/cassation/CassationPhaseBody.tsx",286,1,"button",1,0,"B0-SAFE-explicit-type-button","","<button type=""button"" onClick={() => { setEditCassation(false); setActiveLifecycleStep(null); }} className=""px-6 py-2.5 rounded-lg bg-white/5 hover:bg-white/10 text-white transition-all"" >"
"src/app/components/lawyer/Dashboard_Active_Order_File/panels/cassation/CassationPhaseBody.tsx",297,1,"button",1,0,"B0-SAFE-explicit-type-button","","<button type=""button"" onClick={() => setActiveLifecycleStep(null)} className=""px-6 py-2.5 rounded-lg bg-white/5 hover:bg-white/10 text-white transition-all"" >"
"src/app/components/lawyer/Dashboard_Active_Order_File/panels/cassation/CassationPhaseBody.tsx",305,1,"button",1,0,"B0-SAFE-explicit-type-button","","<button type=""button"" onClick={(e) => { e.preventDefault(); e.stopPropagation(); handleCassationPhaseSubmit(e); }} disabled={isFinalized} className={`${URGENT_DOSSIER_BTN_PRIMARY} min-h-[44px] py-2.5 px-6 text-xs`} >"
"src/app/components/lawyer/Dashboard_Active_Order_File/panels/cassation/CassationPhaseHeader.tsx",28,1,"button",1,0,"B0-SAFE-explicit-type-button","","<button type=""button"" onClick={() => toggleLifecycleStep('cassation')} className={URGENT_LIFECYCLE_STEP_HEADER}>"
"src/app/components/lawyer/Dashboard_Active_Order_File/panels/grievance/GrievanceDigestSummary.tsx",37,1,"button",1,0,"B0-SAFE-explicit-type-button","","<button type=""button"" onClick={() => setGrievanceDigestOpen((o) => !o)} className=""w-full px-4 py-3 flex items-center justify-between gap-3 text-right text-white/90 text-xs font-bold"" >"
"src/app/components/lawyer/Dashboard_Active_Order_File/panels/grievance/GrievanceFiledDecisionSection.tsx",41,1,"button",1,0,"B0-SAFE-explicit-type-button","","<button key={opt.value} type=""button"" disabled={grievanceWizardInputsLocked} onClick={() => setGrievanceDecision({ ...grievanceDecision, decision: opt.value })} className={`${URGENT_DOSSIER_PILL_BASE} ${ selected ? opt.active : URGENT_DOS"
"src/app/components/lawyer/Dashboard_Active_Order_File/panels/grievance/GrievanceFiledDetailsSection.tsx",73,1,"button",1,0,"B0-SAFE-explicit-type-button","","<button type=""button"" onClick={() => void confirmGrievanceDetails()} disabled={ grievanceWizardInputsLocked || !grievanceTimingConfirmed || !String(grievanceData.filingDate || '').trim() || !String(phase2FirstHearingDate || '') .trim() .m"
"src/app/components/lawyer/Dashboard_Active_Order_File/panels/grievance/GrievanceFiledHearingsSection.tsx",56,1,"button",1,0,"B0-SAFE-explicit-type-button","","<button type=""button"" onClick={() => setHearingDraft({ open: true, stage: 'grievance', outcome: 'adjourn', sessionDate: '', notes: '', nextSessionDate: '', decisionDate: '', }) } disabled={grievanceWizardInputsLocked} className={`${URGENT"
"src/app/components/lawyer/Dashboard_Active_Order_File/panels/grievance/GrievanceFiledHearingsSection.tsx",128,1,"button",1,0,"B0-SAFE-explicit-type-button","","<button key={opt.value} type=""button"" disabled={isFinalized || grievanceWizardInputsLocked} onClick={() => setHearingDraft((s) => ({ ...s, outcome: opt.value, notes: opt.value === 'close' ? '' : s.notes, nextSessionDate: opt.value === 'cl"
"src/app/components/lawyer/Dashboard_Active_Order_File/panels/grievance/GrievanceFiledHearingsSection.tsx",206,1,"button",1,0,"B0-SAFE-explicit-type-button","","<button type=""button"" onClick={() => setHearingDraft({ open: false, stage: 'grievance', outcome: 'adjourn', sessionDate: '', notes: '', nextSessionDate: '', decisionDate: '', }) } className={`${URGENT_DOSSIER_BTN_GHOST} min-h-[44px] py-2 "
"src/app/components/lawyer/Dashboard_Active_Order_File/panels/grievance/GrievanceFiledHearingsSection.tsx",223,1,"button",1,0,"B0-SAFE-explicit-type-button","","<button type=""button"" onClick={addHearing} disabled={ isFinalized || grievanceWizardInputsLocked || !!hearingDraftSessionDateError || !!hearingDraftNextSessionDateError || !!hearingDraftAdjournReasonError } className={`${URGENT_DOSSIER_BT"
"src/app/components/lawyer/Dashboard_Active_Order_File/panels/grievance/GrievanceFinalizeBar.tsx",23,1,"button",1,0,"B0-SAFE-explicit-type-button","","<button type=""button"" onClick={(e) => { e.preventDefault(); e.stopPropagation(); void clearGrievance(e); }} className=""px-3 py-2 text-white/60 hover:text-white transition-colors font-bold"" >"
"src/app/components/lawyer/Dashboard_Active_Order_File/panels/grievance/GrievanceFinalizeBar.tsx",35,1,"button",1,0,"B0-SAFE-explicit-type-button","","<button type=""button"" onClick={(e) => { e.preventDefault(); e.stopPropagation(); handleGrievanceSubmit(e); }} disabled={isFinalized} className={`${URGENT_DOSSIER_BTN_PRIMARY} min-h-[44px] py-2.5 px-6 text-xs`} >"
"src/app/components/lawyer/Dashboard_Active_Order_File/panels/grievance/GrievanceFinalizeBar.tsx",51,1,"button",1,0,"B0-SAFE-explicit-type-button","","<button type=""button"" onClick={() => { setEditGrievance(false); setActiveLifecycleStep(null); }} className=""px-6 py-2.5 rounded-lg bg-white/5 hover:bg-white/10 text-white transition-all"" >"
"src/app/components/lawyer/Dashboard_Active_Order_File/panels/grievance/GrievanceFinalizeBar.tsx",62,1,"button",1,0,"B0-SAFE-explicit-type-button","","<button type=""button"" onClick={() => { const pending = caseData?.grievanceOutcome === 'filed' && !caseData?.grievanceDecision; if (pending) return; setActiveLifecycleStep(null); }} className=""px-6 py-2.5 rounded-lg bg-white/5 hover:bg-wh"
"src/app/components/lawyer/Dashboard_Active_Order_File/panels/grievance/GrievanceOutcomeAndExpired.tsx",103,1,"button",1,0,"B0-SAFE-explicit-type-button","","<button type=""button"" onClick={() => { if (!grievanceExpiredCanClose) return; setGrievanceExpiredConfirmed(true); }} disabled={isFinalized || !grievanceExpiredCanClose} title={ !grievanceExpiredCanClose ? 'لا يمكن تأكيد الانقضاء إلا بعد ت"
"src/app/components/lawyer/Dashboard_Active_Order_File/panels/grievance/GrievancePhaseHeader.tsx",28,1,"button",1,0,"B0-SAFE-explicit-type-button","","<button type=""button"" onClick={() => toggleLifecycleStep('grievance')} className={URGENT_LIFECYCLE_STEP_HEADER}>"
"src/app/components/lawyer/Dashboard_Active_Order_File/panels/grievance/GrievanceTimingSection.tsx",30,1,"button",1,0,"B0-SAFE-explicit-type-button","","<button type=""button"" onPointerEnter={preloadActiveOrderQuickLog} onFocus={preloadActiveOrderQuickLog} onClick={() => { preloadActiveOrderQuickLog(); setDecisionNotificationModalOpen(true); }} disabled={grievanceWizardInputsLocked} classN"
"src/app/components/lawyer/Dashboard_Active_Order_File/panels/grievance/GrievanceTimingSection.tsx",60,1,"button",1,0,"B0-SAFE-explicit-type-button","","<button type=""button"" onClick={() => void confirmGrievanceTiming()} disabled={grievanceWizardInputsLocked || !grievanceTimingGateReady} className={`${URGENT_DOSSIER_BTN_PRIMARY} min-h-[44px] py-2 text-xs disabled:opacity-50 disabled:curso"
"src/app/components/lawyer/Dashboard_Active_Order_File/panels/judge/JudgeDecisionFormPanel.tsx",54,1,"button",1,0,"B0-SAFE-explicit-type-button","","<button type=""button"" onClick={(e) => { e.preventDefault(); e.stopPropagation(); void handleJudgeDecisionSubmit(e); }} disabled={isFinalized} className=""min-h-[44px] px-4 py-2 rounded-lg bg-rose-600 hover:bg-rose-700 text-white text-xs f"
"src/app/components/lawyer/Dashboard_Active_Order_File/panels/judge/JudgeDecisionFormPanel.tsx",99,1,"button",1,0,"B0-SAFE-explicit-type-button","","<button key={opt.value} type=""button"" disabled={isFinalized} onClick={() => setJudgeDecision((prev) => ({ ...prev, decision: opt.value, requiresGuarantee: opt.value === 'rejected' ? false : prev.requiresGuarantee, })) } className={`min-h-"
"src/app/components/lawyer/Dashboard_Active_Order_File/panels/judge/JudgeDecisionFormPanel.tsx",143,1,"button",1,0,"B0-SAFE-explicit-type-button","","<button type=""button"" onClick={(e) => { e.preventDefault(); e.stopPropagation(); void clearJudgeDecision(e); }} className=""min-h-[44px] px-3 py-2 text-white/50 hover:text-white text-xs font-bold transition-colors touch-manipulation"" >"
"src/app/components/lawyer/Dashboard_Active_Order_File/panels/judge/JudgeDecisionFormPanel.tsx",154,1,"button",1,0,"B0-SAFE-explicit-type-button","","<button type=""button"" onClick={(e) => { e.preventDefault(); e.stopPropagation(); void handleJudgeDecisionSubmit(e); }} disabled={isFinalized || !!judgeDecisionDateChronologyError} className={`${URGENT_DOSSIER_BTN_PRIMARY} min-h-[44px] py-"
"src/app/components/lawyer/Dashboard_Active_Order_File/panels/judge/JudgeDecisionFormPanel.tsx",173,1,"button",1,0,"B0-SAFE-explicit-type-button","","<button type=""button"" disabled={isFinalized} onClick={() => setJudgeDecision((prev) => ({ ...prev, requiresGuarantee: true }))} className={`min-h-[44px] px-3 py-1.5 rounded-lg border text-[11px] font-bold transition-colors touch-manipulat"
"src/app/components/lawyer/Dashboard_Active_Order_File/panels/judge/JudgeDecisionFormPanel.tsx",185,1,"button",1,0,"B0-SAFE-explicit-type-button","","<button type=""button"" disabled={isFinalized} onClick={() => { setJudgeDecision((prev) => ({ ...prev, requiresGuarantee: false })); setGuaranteeSubmitted(false); }} className={`min-h-[44px] px-3 py-1.5 rounded-lg border text-[11px] font-bo"
"src/app/components/lawyer/Dashboard_Active_Order_File/panels/judge/JudgeDecisionPhaseHeader.tsx",40,1,"button",1,0,"B0-SAFE-explicit-type-button","","<button type=""button"" onClick={() => toggleLifecycleStep('judge')} className={URGENT_LIFECYCLE_STEP_HEADER}>"
"src/app/components/lawyer/Dashboard_Active_Order_File/panels/judge/JudgeFastForwardBanner.tsx",35,1,"button",1,0,"B0-SAFE-explicit-type-button","","<button type=""button"" onClick={fastForwardToGrievance} className=""shrink-0 min-h-[44px] px-3 rounded-lg bg-white/5 hover:bg-white/10 text-white text-xs font-bold touch-manipulation"" >"
"src/app/components/lawyer/Dashboard_Active_Order_File/panels/judge/JudgePreDecisionHearingsPanel.tsx",44,1,"button",1,0,"B0-SAFE-explicit-type-button","","<button type=""button"" onClick={() => setHearingDraft({ open: true, stage: 'pre_decision', outcome: 'adjourn', sessionDate: '', notes: '', nextSessionDate: '', decisionDate: '', }) } disabled={isCaseTerminated} className=""px-3 py-2 rounde"
"src/app/components/lawyer/Dashboard_Active_Order_File/panels/judge/JudgePreDecisionHearingsPanel.tsx",260,1,"button",1,0,"B0-SAFE-explicit-type-button","","<button type=""button"" onClick={() => setHearingDraft({ open: false, stage: 'pre_decision', outcome: 'adjourn', sessionDate: '', notes: '', nextSessionDate: '', decisionDate: '', }) } className=""px-4 py-2 rounded-lg bg-white/5 hover:bg-wh"
"src/app/components/lawyer/Dashboard_Active_Order_File/panels/judge/JudgePreDecisionHearingsPanel.tsx",277,1,"button",1,0,"B0-SAFE-explicit-type-button","","<button type=""button"" onClick={addHearing} disabled={ isFinalized || !!hearingDraftSessionDateError || !!hearingDraftNextSessionDateError || !!hearingDraftAdjournReasonError } className=""px-4 py-2 rounded-lg bg-blue-600 hover:bg-blue-700"
"src/app/components/lawyer/Dashboard_Active_Order_File/panels/judge/JudgeStateOrderIntervention.tsx",17,1,"button",1,0,"B0-SAFE-explicit-type-button","","<button type=""button"" onClick={() => void registerOpponentIntervention()} disabled={isFinalized} className=""w-full min-h-[44px] px-3 py-2 rounded-lg border border-white/10 bg-transparent hover:bg-white/[0.06] text-white/80 hover:text-whi"
"src/app/components/lawyer/DecisionsAndAppealsEngine/components/AppealDeadlineLapsePanel.tsx",17,1,"button",1,0,"B0-SAFE-explicit-type-button","","<button type=""button"" onClick={onEndDeadline} className={btnPrimaryClass}>"
"src/app/components/lawyer/DecisionsAndAppealsEngine/components/AppealExecutorNoteToggle.tsx",14,1,"button",1,0,"B0-SAFE-explicit-type-button","","<button type=""button"" onClick={() => setOpen((v) => !v)} className=""self-end text-[11px] font-semibold text-slate-400 underline decoration-dotted underline-offset-2 transition-colors hover:text-slate-200"" >"
"src/app/components/lawyer/DecisionsAndAppealsEngine/components/AppealProceedingsToggle.tsx",21,1,"button",1,0,"B0-SAFE-explicit-type-button","","<button type=""button"" onClick={onToggle} className=""text-gray-500 hover:text-white transition-colors underline decoration-dotted underline-offset-2"" >"
"src/app/components/lawyer/DecisionsAndAppealsEngine/components/DecisionCard.tsx",150,1,"button",1,0,"B0-SAFE-explicit-type-button","","<button type=""button"" onClick={() => setDeleteConfirmId(decision.id)} className=""inline-flex size-8 items-center justify-center rounded-lg text-red-500/70 hover:bg-red-500/10 hover:text-red-500 transition-colors touch-manipulation"" titl"
"src/app/components/lawyer/DecisionsAndAppealsEngine/components/DecisionCard.tsx",283,1,"button",1,0,"B0-SAFE-explicit-type-button","","<button type=""button"" onClick={() => goToAppealsWithScroll(decision.activeAppealCopyId!)} className={btnPrimaryWFull} >"
"src/app/components/lawyer/DecisionsAndAppealsEngine/components/DecisionCardDeleteConfirm.tsx",30,1,"button",1,0,"B0-SAFE-explicit-type-button","","<button type=""button"" onClick={() => { onDeleteDecision(decisionId); setDeleteConfirmId(null); }} className=""bg-red-600 hover:bg-red-700 text-white px-5 py-2 rounded text-sm font-medium transition-colors"" >"
"src/app/components/lawyer/DecisionsAndAppealsEngine/components/DecisionCardDeleteConfirm.tsx",40,1,"button",1,0,"B0-SAFE-explicit-type-button","","<button type=""button"" onClick={() => setDeleteConfirmId(null)} className=""bg-gray-700 hover:bg-gray-600 text-white px-5 py-2 rounded text-sm font-medium transition-colors"" >"
"src/app/components/lawyer/DecisionsAndAppealsEngine/components/DecisionCardExecutorPanel.tsx",58,1,"button",1,0,"B0-SAFE-explicit-type-button","","<button type=""button"" disabled={isCassated} aria-pressed={showReasoning} onClick={() => setShowReasoning(!showReasoning)} className={`w-full min-h-[44px] rounded-xl border px-3 py-2 text-[11px] font-bold transition-all touch-manipulation "
"src/app/components/lawyer/DecisionsAndAppealsEngine/components/DecisionCardExecutorPanel.tsx",95,1,"button",1,0,"B0-SAFE-explicit-type-button","","<button type=""button"" disabled={isCassated} onClick={() => resolveWithOptionalNote('approved')} className={btnPrimaryFlex} >"
"src/app/components/lawyer/DecisionsAndAppealsEngine/components/DecisionCardExecutorPanel.tsx",103,1,"button",1,0,"B0-SAFE-explicit-type-button","","<button type=""button"" disabled={isCassated} onClick={() => resolveWithOptionalNote('rejected')} className={btnSecondaryFlex} >"
"src/app/components/lawyer/DecisionsAndAppealsEngine/components/DecisionCardExecutorPanel.tsx",122,1,"button",1,0,"B0-SAFE-explicit-type-button","","<button type=""button"" disabled={isCassated} onClick={() => resolveWithOptionalNote('approved')} className={btnPrimaryFlex} >"
"src/app/components/lawyer/DecisionsAndAppealsEngine/components/DecisionCardExecutorPanel.tsx",130,1,"button",1,0,"B0-SAFE-explicit-type-button","","<button type=""button"" disabled={isCassated} onClick={() => resolveWithOptionalNote('rejected')} className={btnSecondaryFlex} >"
"src/app/components/lawyer/DecisionsAndAppealsEngine/components/DecisionCardFollowupShortcuts.tsx",34,1,"button",1,0,"B0-SAFE-explicit-type-button","","<button type=""button"" onClick={() => { try { window.dispatchEvent( new CustomEvent('hami-open-party-death-modal', { detail: { executionId, party: heirsParty, decisionId: decision.id }, }) ); } catch {} }} className={btnPrimaryWFull} >"
"src/app/components/lawyer/DecisionsAndAppealsEngine/components/DecisionCardFollowupShortcuts.tsx",51,1,"button",1,0,"B0-SAFE-explicit-type-button","","<button type=""button"" onClick={() => { try { window.dispatchEvent( new CustomEvent('hami-open-guarantor-details', { detail: { executionId, decisionId: decision.id }, }) ); } catch {} }} className={btnPrimaryWFull} >"
"src/app/components/lawyer/DecisionsAndAppealsEngine/components/DecisionCardFollowupShortcuts.tsx",68,1,"button",1,0,"B0-SAFE-explicit-type-button","","<button type=""button"" onClick={() => { try { window.dispatchEvent( new CustomEvent('hami-open-financial-hub-ledger', { detail: { executionId, mode: 'disburse' }, }) ); } catch {} }} className={btnPrimaryWFull} >"
"src/app/components/lawyer/DecisionsAndAppealsEngine/components/DecisionCardFollowupShortcuts.tsx",86,1,"button",1,0,"B0-SAFE-explicit-type-button","","<button type=""button"" onClick={() => { try { window.dispatchEvent( new CustomEvent('hami-open-execution-coercive-tab', { detail: { executionId, decisionId: decision.id }, }) ); } catch {} }} className={btnPrimaryWFull} >"
"src/app/components/lawyer/DecisionsAndAppealsEngine/components/DecisionsAppealsAddDecisionModal.tsx",64,1,"button",1,0,"B0-SAFE-explicit-type-button","","<button type=""button"" onClick={(e) => { e.stopPropagation(); resetAddDecisionForm(); setShowAddModal(false); }} className=""rounded-lg p-2 text-slate-300 transition hover:bg-white/5"" aria-label=""إغلاق"" >"
"src/app/components/lawyer/DecisionsAndAppealsEngine/components/DecisionsAppealsAddDecisionModal.tsx",120,1,"button",1,0,"B0-SAFE-explicit-type-button","","<button type=""button"" onClick={handleAddDecision} className={decisionBtnPrimaryWFull} >"
"src/app/components/lawyer/DecisionsAndAppealsEngine/components/DecisionsAppealsAppealDetailModal.tsx",52,1,"button",1,0,"B0-SAFE-explicit-type-button","","<button type=""button"" onClick={() => setAppealDetailDecision(null)} className=""rounded-lg border border-transparent p-2 text-slate-200 hover:border-white/15 hover:bg-white/10"" aria-label=""إغلاق"" >"
"src/app/components/lawyer/DecisionsAndAppealsEngine/components/DecisionsAppealsAppealDetailModal.tsx",90,1,"button",1,0,"B0-SAFE-explicit-type-button","","<button type=""button"" onClick={() => { const id = appealDetailDecision.id; setAppealDetailDecision(null); goToAppealsWithScroll(id); }} className={decisionBtnPrimaryWFull} >"
"src/app/components/lawyer/DecisionsAndAppealsEngine/components/DecisionsAppealsHubView.tsx",29,1,"button",1,0,"B0-SAFE-explicit-type-button","","<button type=""button"" role=""tab"" aria-selected={active} onClick={() => onSelect(tabId)} className={`flex min-w-0 flex-1 items-center justify-center rounded-lg px-2 py-2 text-[9px] font-bold leading-snug transition-colors sm:px-2.5 sm:te"
"src/app/components/lawyer/DecisionsAndAppealsEngine/components/DecisionsAppealsHubView.tsx",121,1,"button",1,0,"B0-SAFE-explicit-type-button","","<button type=""button"" onClick={() => { setDecisionsHubTab('previous'); setShowAddModal(true); }} className={`flex w-full items-center justify-center gap-2 rounded-xl py-3 px-4 ${decisionBtnPrimary}`} >"
"src/app/components/lawyer/DecisionsAndAppealsEngine/components/DecisionsAppealsHubView.tsx",219,1,"button",1,0,"B0-SAFE-explicit-type-button","","<button key={f} type=""button"" onClick={() => setPreviousFilter(f)} className={`px-3 py-1 rounded-full text-[10px] font-bold transition-colors ${ previousFilter === f ? 'bg-slate-600/90 text-white shadow-sm' : 'bg-slate-800/60 text-slate-4"
"src/app/components/lawyer/DecisionsAndAppealsEngine/components/DecisionsAppealsHubView.tsx",240,1,"button",1,0,"B0-SAFE-explicit-type-button","","<button key={f} type=""button"" onClick={() => setPreviousProponentFilter(f)} className={`px-3 py-1 rounded-full text-[10px] font-bold transition-colors ${ previousProponentFilter === f ? 'bg-amber-600/90 text-white shadow-sm' : 'bg-slate-8"
"src/app/components/lawyer/DecisionsAndAppealsEngine/components/DecisionsAppealsHubView.tsx",304,1,"button",1,0,"B0-SAFE-explicit-type-button","","<button key={f} type=""button"" onClick={() => setAppealsProponentFilter(f)} className={`px-3 py-1 rounded-full text-[10px] font-bold transition-colors ${ appealsProponentFilter === f ? 'bg-amber-600/90 text-white shadow-sm' : 'bg-slate-800"
"src/app/components/lawyer/DecisionsAndAppealsEngine/components/ExecutorSideAppealEntryPanel.tsx",111,1,"button",1,0,"B0-SAFE-explicit-type-button","","<button type=""button"" disabled={locked} onClick={() => setOpen(true)} className={challengeBtnClass} >"
"src/app/components/lawyer/DecisionsAndAppealsEngine/components/ExecutorSideAppealEntryPanel.tsx",120,1,"button",1,0,"B0-SAFE-explicit-type-button","","<button type=""button"" disabled={locked} onClick={onWaive} className={secondaryBtnClass}>"
"src/app/components/lawyer/DecisionsAndAppealsEngine/components/ExecutorSideAppealEntryPanel.tsx",134,1,"button",1,0,"B0-SAFE-explicit-type-button","","<button type=""button"" disabled={locked || !windows.canTadhallum} onClick={() => setStage('grievance')} className={`${CHIP_BASE} ${stage === 'grievance' ? CHIP_ON : CHIP_OFF}`} >"
"src/app/components/lawyer/DecisionsAndAppealsEngine/components/ExecutorSideAppealEntryPanel.tsx",142,1,"button",1,0,"B0-SAFE-explicit-type-button","","<button type=""button"" disabled={locked || !windows.canTamyeez} onClick={() => setStage('cassation')} className={`${CHIP_BASE} ${stage === 'cassation' ? CHIP_ON : CHIP_OFF}`} >"
"src/app/components/lawyer/DecisionsAndAppealsEngine/components/ExecutorSideAppealEntryPanel.tsx",161,1,"button",1,0,"B0-SAFE-explicit-type-button","","<button type=""button"" disabled={locked} onClick={() => toggleActor(appellants, 'lawyer', setAppellants)} className={`${CHIP_BASE} ${ appellants.includes('lawyer') ? CHIP_ON : CHIP_OFF }`} >"
"src/app/components/lawyer/DecisionsAndAppealsEngine/components/ExecutorSideAppealEntryPanel.tsx",172,1,"button",1,0,"B0-SAFE-explicit-type-button","","<button type=""button"" disabled={locked} onClick={() => toggleActor(appellants, 'debtor', setAppellants)} className={`${CHIP_BASE} ${ appellants.includes('debtor') ? CHIP_ON : CHIP_OFF }`} >"
"src/app/components/lawyer/DecisionsAndAppealsEngine/components/ExecutorSideAppealEntryPanel.tsx",198,1,"button",1,0,"B0-SAFE-explicit-type-button","","<button type=""button"" aria-disabled={!canSubmit} onClick={() => { if (!canSubmit) { if (locked) { SmartToast.error('الطعن مقفول على هذا القرار'); } else if (!stageAllowed) { SmartToast.error('انتهت مهلة هذه المرحلة'); } else if (effective"
"src/app/components/lawyer/DecisionsAndAppealsEngine/components/ExecutorSideAppealEntryPanel.tsx",219,1,"button",1,0,"B0-SAFE-explicit-type-button","","<button type=""button"" onClick={resetPanel} className={secondaryBtnClass}>"
"src/app/components/lawyer/DecisionsAndAppealsEngine/components/ManualExecutorSmartCardPanel.tsx",165,1,"button",1,0,"B0-SAFE-explicit-type-button","","<button type=""button"" onClick={() => submitGrievanceOutcome(true)} className={btnPrimaryWFull} >"
"src/app/components/lawyer/DecisionsAndAppealsEngine/components/ManualExecutorSmartCardPanel.tsx",172,1,"button",1,0,"B0-SAFE-explicit-type-button","","<button type=""button"" onClick={() => submitGrievanceOutcome(false)} className=""w-full rounded-xl border border-white/10 bg-white/[0.04] py-2 px-3 text-center text-[11px] font-bold text-slate-200 backdrop-blur-sm transition-all duration-2"
"src/app/components/lawyer/DecisionsAndAppealsEngine/components/ManualExecutorSmartCardPanel.tsx",189,1,"button",1,0,"B0-SAFE-explicit-type-button","","<button type=""button"" onClick={submitCassation} className={btnPrimaryWFull}>"
"src/app/components/lawyer/DecisionsAndAppealsEngine/components/ManualExecutorSmartCardPanel.tsx",209,1,"button",1,0,"B0-SAFE-explicit-type-button","","<button type=""button"" onClick={submitCassationNaqd} className={btnPrimaryWFull}>"
"src/app/components/lawyer/DecisionsAndAppealsEngine/components/ManualExecutorSmartCardPanel.tsx",212,1,"button",1,0,"B0-SAFE-explicit-type-button","","<button type=""button"" onClick={submitCassationRadLaheeza} className=""w-full rounded-xl border border-rose-500/25 bg-rose-500/10 py-2 px-3 text-center text-[11px] font-bold text-rose-200 backdrop-blur-sm transition-all duration-200 hover:"
"src/app/components/lawyer/DecisionsAndAppealsEngine/components/ManualExecutorSmartCardPanel.tsx",235,1,"button",1,0,"B0-SAFE-explicit-type-button","","<button type=""button"" onClick={() => { setAppealKind(windows.canTadhallum ? 'tadhallum' : 'tamyeez'); setShowAppealForm(true); }} className={btnPrimaryWFull} >"
"src/app/components/lawyer/DecisionsAndAppealsEngine/components/ManualExecutorSmartCardPanel.tsx",250,1,"button",1,0,"B0-SAFE-explicit-type-button","","<button type=""button"" disabled={!windows.canTadhallum} onClick={() => setAppealKind('tadhallum')} className={`${CHIP_BASE} ${appealKind === 'tadhallum' ? CHIP_ON : CHIP_OFF}`} >"
"src/app/components/lawyer/DecisionsAndAppealsEngine/components/ManualExecutorSmartCardPanel.tsx",258,1,"button",1,0,"B0-SAFE-explicit-type-button","","<button type=""button"" disabled={!windows.canTamyeez} onClick={() => setAppealKind('tamyeez')} className={`${CHIP_BASE} ${appealKind === 'tamyeez' ? CHIP_ON : CHIP_OFF}`} >"
"src/app/components/lawyer/DecisionsAndAppealsEngine/components/ManualExecutorSmartCardPanel.tsx",271,1,"button",1,0,"B0-SAFE-explicit-type-button","","<button type=""button"" onClick={() => setAppellant('lawyer')} className={`${CHIP_BASE} ${appellant === 'lawyer' ? CHIP_ON : CHIP_OFF}`} >"
"src/app/components/lawyer/DecisionsAndAppealsEngine/components/ManualExecutorSmartCardPanel.tsx",278,1,"button",1,0,"B0-SAFE-explicit-type-button","","<button type=""button"" onClick={() => setAppellant('debtor')} className={`${CHIP_BASE} ${appellant === 'debtor' ? CHIP_ON : CHIP_OFF}`} >"
"src/app/components/lawyer/DecisionsAndAppealsEngine/components/ManualExecutorSmartCardPanel.tsx",288,1,"button",1,0,"B0-SAFE-explicit-type-button","","<button type=""button"" onClick={submitInitialAppeal} disabled={!canSubmitInitialAppeal} className={`${btnPrimaryWFull}${!canSubmitInitialAppeal ? ' pointer-events-none opacity-40' : ''}`} >"
"src/app/components/lawyer/DecisionsAndAppealsEngine/components/ManualExecutorSmartCardPanel.tsx",296,1,"button",1,0,"B0-SAFE-explicit-type-button","","<button type=""button"" onClick={() => setShowAppealForm(false)} className=""rounded-xl border border-white/10 bg-white/[0.04] px-3 py-2 text-[11px] font-semibold text-slate-300"" >"
"src/app/components/lawyer/DecisionsAndAppealsEngine/decisionCardPresentation.tsx",121,1,"button",1,0,"B0-SAFE-explicit-type-button","","<button type=""button"" onClick={onClick} className={className}>"
"src/app/components/lawyer/DecisionsAndAppealsEngine/decisionCardPresentation.tsx",242,1,"button",1,0,"B0-SAFE-explicit-type-button","","<button type=""button"" onClick={() => { if (onStartCassation) { onStartCassation(decisionId); return; } const result = applyLawyerCassationEntryForExecution({ executionId, decisionId, appealPerspective, }); if (result.ok) { openDecisionsAp"
"src/app/components/lawyer/DecisionsAndAppealsEngine/decisionCardPresentation.tsx",272,1,"button",1,0,"B0-SAFE-explicit-type-button","","<button type=""button"" onClick={() => { if (onWaiveCassation) { onWaiveCassation(decisionId); return; } try { window.dispatchEvent( new CustomEvent('hami-waive-cassation-for-decision', { detail: { executionId, decisionId }, }) ); } catch {"
"src/app/components/lawyer/DecisionsAndAppealsEngine/decisionCardPresentation.tsx",322,1,"button",1,0,"B0-SAFE-explicit-type-button","","<button type=""button"" disabled={Boolean(disabled)} onClick={(e) => { e.stopPropagation(); if (disabled) return; const result = applyWaiveInitialAppealForExecution({ executionId: exId, decisionId: did, }); onApplied?.(result); }} className"
"src/app/components/lawyer/DecisionsAndAppealsEngine/decisionCardPresentation.tsx",343,1,"button",1,0,"B0-SAFE-explicit-type-button","","<button type=""button"" onClick={onClick} className=""inline-flex items-center gap-1 rounded-lg border border-white/10 bg-white/[0.04] px-2 py-1 text-[10px] font-medium text-slate-400 backdrop-blur-sm transition-colors hover:border-white/16"
"src/app/components/lawyer/DecisionsAndAppealsEngine/hooks/appeal-renderers/useAppealAwaitingCassationRenderer.tsx",49,1,"button",1,0,"B0-SAFE-explicit-type-button","","<button type=""button"" onClick={() => transitionAppealWorkflow( decision, { noAppealChosen: false, appealActor: 'debtor', appealMethod: 'tamyeez', appealWorkflowState: 'PENDING_APPEAL_DEBTOR', appealStatus: 'tamyeez_filed', appealPhase: 'c"
"src/app/components/lawyer/DecisionsAndAppealsEngine/hooks/appeal-renderers/useAppealAwaitingCassationRenderer.tsx",86,1,"button",1,0,"B0-SAFE-explicit-type-button","","<button type=""button"" onClick={() => transitionAppealWorkflow( decision, { noAppealChosen: false, appealActor: 'lawyer', appealMethod: 'tamyeez', appealWorkflowState: 'PENDING_APPEAL_LAWYER', appealStatus: 'tamyeez_filed', appealPhase: 'c"
"src/app/components/lawyer/DecisionsAndAppealsEngine/hooks/appeal-renderers/useAppealAwaitingCassationRenderer.tsx",122,1,"button",1,0,"B0-SAFE-explicit-type-button","","<button type=""button"" onClick={() => applyWaiveCassationAfterDebtorGrievance(decision)} className={DECISION_BTN_SECONDARY_WFULL} >"
"src/app/components/lawyer/DecisionsAndAppealsEngine/hooks/appeal-renderers/useAppealEntryButtonsRenderer.tsx",148,1,"button",1,0,"B0-SAFE-explicit-type-button","","<button type=""button"" disabled={!windows.canTadhallum || pathLocked || locked} onClick={() => transitionAppealWorkflow( decision, { noAppealChosen: false, appealActor: actor, appealMethod: 'tadhallum', appealWorkflowState: actor === 'debt"
"src/app/components/lawyer/DecisionsAndAppealsEngine/hooks/appeal-renderers/useAppealEntryButtonsRenderer.tsx",175,1,"button",1,0,"B0-SAFE-explicit-type-button","","<button type=""button"" disabled={!windows.canTamyeez || pathLocked || locked} onClick={() => transitionAppealWorkflow( decision, { noAppealChosen: false, appealActor: actor, appealMethod: 'tamyeez', appealWorkflowState: actor === 'debtor' "
"src/app/components/lawyer/DecisionsAndAppealsEngine/hooks/appeal-renderers/useAppealEntryButtonsRenderer.tsx",206,1,"button",1,0,"B0-SAFE-explicit-type-button","","<button type=""button"" disabled={pathLocked || locked} onClick={() => applyWaiveInitialAppeal(decision)} className={DECISION_APPEAL_TOOLBAR_BTN_SECONDARY} >"
"src/app/components/lawyer/DecisionsAndAppealsEngine/hooks/appeal-renderers/useAppealGrievanceDecideRenderer.tsx",26,1,"button",1,0,"B0-SAFE-explicit-type-button","","<button type=""button"" onClick={() => applyGrievanceCourtOutcome(decision, true)} className={DECISION_BTN_GRIEVANCE_ACCEPT} >"
"src/app/components/lawyer/DecisionsAndAppealsEngine/hooks/appeal-renderers/useAppealGrievanceDecideRenderer.tsx",33,1,"button",1,0,"B0-SAFE-explicit-type-button","","<button type=""button"" onClick={() => applyGrievanceCourtOutcome(decision, false)} className={DECISION_BTN_GRIEVANCE_REJECT} >"
"src/app/components/lawyer/DecisionsAndAppealsEngine/hooks/appeal-renderers/useAppealTamyeezPhaseRenderer.tsx",44,1,"button",1,0,"B0-SAFE-explicit-type-button","","<button type=""button"" title={cassTips.naqd} onClick={() => applyCassationCourtDecision(decision, 'naqd')} className={DECISION_BTN_PRIMARY_FLEX} >"
"src/app/components/lawyer/DecisionsAndAppealsEngine/hooks/appeal-renderers/useAppealTamyeezPhaseRenderer.tsx",52,1,"button",1,0,"B0-SAFE-explicit-type-button","","<button type=""button"" title={cassTips.rad} onClick={() => applyCassationCourtDecision(decision, 'rad_laheeza')} className={DECISION_BTN_SECONDARY_FLEX} >"
"src/app/components/lawyer/DecisionsAndAppealsEngine/hooks/appeal-renderers/useAppealTamyeezPhaseRenderer.tsx",60,1,"button",1,0,"B0-SAFE-explicit-type-button","","<button type=""button"" onClick={() => setTamyeezEditOpenById((p) => ({ ...p, [decision.id]: true }))} className={DECISION_BTN_SECONDARY_FLEX} >"
"src/app/components/lawyer/DecisionsAndAppealsEngine/hooks/appeal-renderers/useAppealTamyeezPhaseRenderer.tsx",86,1,"button",1,0,"B0-SAFE-explicit-type-button","","<button type=""button"" onClick={() => { const v = String( tamyeezNumberDraftById[decision.id] ?? decision.tamyeezDecisionNumber ?? '' ).trim(); if (!cassationNumberOptional && !v) return; setTamyeezNumberDraftById((p) => ({ ...p, [decision"
"src/app/components/lawyer/DeferredActiveOrderFile.tsx",58,1,"button",1,0,"B0-SAFE-explicit-type-button","","<button type=""button"" onClick={onClose} className=""text-xs font-bold rounded-xl px-4 py-2 border border-white/20 text-white/80 hover:bg-white/10"" >"
"src/app/components/lawyer/DeferredActiveOrderFile.tsx",65,1,"button",1,0,"B0-SAFE-explicit-type-button","","<button type=""button"" onClick={onRetry} className=""text-xs font-bold rounded-xl px-4 py-2 border border-[#E6C673]/40 text-[#E6C673] hover:bg-[#E6C673]/10"" >"
"src/app/components/lawyer/DocumentVault.tsx",482,1,"button",1,0,"B0-SAFE-explicit-type-button","","<button type=""button"" onClick={onClose} className={EXEC_MODAL_CLOSE_BTN_CLASS} aria-label=""إغلاق الخزينة"" >"
"src/app/components/lawyer/DocumentVault.tsx",493,1,"button",1,0,"B0-SAFE-explicit-type-button","","<button type=""button"" onClick={() => setShowUploadForm(!showUploadForm)} className={`${EXEC_OVERLAY_PRIMARY_BTN} w-full`} >"
"src/app/components/lawyer/DocumentVault.tsx",556,1,"button",1,0,"B0-SAFE-explicit-type-button","","<button type=""button"" onClick={openCameraCapture} className={`${idleAction} w-full`}>"
"src/app/components/lawyer/DocumentVault.tsx",574,1,"button",1,0,"B0-SAFE-explicit-type-button","","<button key={doc.id} type=""button"" className=""flex cursor-pointer items-center gap-3 rounded-xl border border-white/[0.08] px-2.5 py-2 w-full text-right"" onClick={() => setPreviewDocId(doc.id)} style={{ appearance: 'none', background: '"
"src/app/components/lawyer/DocumentVault.tsx",603,1,"button",1,0,"B0-SAFE-explicit-type-button","","<button type=""button"" onClick={() => handleRename(doc.id)} className=""min-h-[44px] rounded-lg border border-white/10 px-3 py-2 text-[11px] font-bold text-slate-200 transition-colors hover:bg-white/[0.06] touch-manipulation"" title=""إعاد"
"src/app/components/lawyer/DocumentVault.tsx",611,1,"button",1,0,"B0-SAFE-explicit-type-button","","<button type=""button"" onClick={() => handleDeleteDocument(doc.id)} className=""inline-flex min-h-[44px] items-center gap-1 rounded-lg border border-rose-500/25 px-3 py-2 text-[11px] font-bold text-rose-200 transition-colors hover:bg-rose-"
"src/app/components/lawyer/DocumentVault.tsx",637,1,"button",1,0,"B0-SAFE-explicit-type-button","","<button type=""button"" onClick={() => !isSaving && setShowSaveModal(false)} className={EXEC_MODAL_CLOSE_BTN_CLASS} aria-label=""إغلاق"" >"
"src/app/components/lawyer/DocumentVault.tsx",662,1,"button",1,0,"B0-SAFE-explicit-type-button","","<button type=""button"" onClick={() => void confirmSave()} disabled={isSaving} className={`${EXEC_OVERLAY_PRIMARY_BTN} w-full disabled:opacity-50`} >"
"src/app/components/lawyer/DocumentVault.tsx",686,1,"button",1,0,"B0-SAFE-explicit-type-button","","<button type=""button"" onClick={() => setRenameDocId(null)} className={EXEC_MODAL_CLOSE_BTN_CLASS} aria-label=""إغلاق"" >"
"src/app/components/lawyer/DocumentVault.tsx",703,1,"button",1,0,"B0-SAFE-explicit-type-button","","<button type=""button"" onClick={confirmRename} className={`${EXEC_OVERLAY_PRIMARY_BTN} w-full`} >"
"src/app/components/lawyer/DocumentVault.tsx",730,1,"button",1,0,"B0-SAFE-explicit-type-button","","<button type=""button"" onClick={() => handleDeleteDocument(previewDocId)} className=""inline-flex min-h-[44px] items-center gap-1 rounded-lg border border-rose-500/25 px-2.5 py-1.5 text-[11px] font-bold text-rose-200 hover:bg-rose-950/40 t"
"src/app/components/lawyer/DocumentVault.tsx",739,1,"button",1,0,"B0-SAFE-explicit-type-button","","<button type=""button"" onClick={() => setPreviewDocId(null)} className={EXEC_MODAL_CLOSE_BTN_CLASS} aria-label=""إغلاق المعاينة"" >"
"src/app/components/lawyer/dossier-notes/DossierFastNoteComposer.tsx",69,1,"button",1,0,"B0-SAFE-explicit-type-button","","<button type=""button"" onClick={onClose} className=""flex min-h-[44px] min-w-[44px] shrink-0 items-center justify-center rounded-full border border-[#D9CFC0]/12 bg-[#132238]/85 text-[#C9BCA8]/70 touch-manipulation"" aria-label=""إغلاق"" >"
"src/app/components/lawyer/dossier-notes/DossierFastNoteComposer.tsx",241,1,"button",1,0,"B0-SAFE-explicit-type-button","","<button type=""button"" onClick={openVoiceRecorder} className={REPO_COMPOSE_ICON_BTN} data-testid=""dossier-note-voice"" aria-label=""تسجيل صوتي"" title=""تسجيل صوتي"" >"
"src/app/components/lawyer/dossier-notes/DossierFastNoteComposer.tsx",255,1,"button",1,0,"B0-SAFE-explicit-type-button","","<button type=""button"" onClick={onCancel} className={REPO_COMPOSE_CANCEL}>"
"src/app/components/lawyer/dossier-notes/DossierFastNoteComposer.tsx",259,1,"button",1,0,"B0-SAFE-explicit-type-button","","<button type=""button"" disabled={saving || !hasContent} onClick={handleSave} className={REPO_COMPOSE_SAVE} data-testid=""dossier-note-save"" >"
"src/app/components/lawyer/dossier-notes/DossierFastNoteComposer.tsx",306,1,"button",1,0,"B0-SAFE-explicit-type-button","","<button type=""button"" onClick={openVoiceRecorder} className={REPO_COMPOSE_ICON_BTN} data-testid=""dossier-note-voice"" aria-label=""تسجيل صوتي"" title=""تسجيل صوتي"" >"
"src/app/components/lawyer/dossier-notes/DossierFastNoteComposer.tsx",320,1,"button",1,0,"B0-SAFE-explicit-type-button","","<button type=""button"" onClick={onCancel} className={REPO_COMPOSE_CANCEL}>"
"src/app/components/lawyer/dossier-notes/DossierFastNoteComposer.tsx",324,1,"button",1,0,"B0-SAFE-explicit-type-button","","<button type=""button"" disabled={saving} onClick={handleSave} className={REPO_COMPOSE_SAVE} data-testid=""dossier-note-save"" >"
"src/app/components/lawyer/dossier-notes/DossierNotesVault.tsx",94,1,"button",1,0,"B0-SAFE-explicit-type-button","","<button type=""button"" onClick={(e) => { e.stopPropagation(); onTogglePin(note.id); }} className={note.pinned ? REPO_CARD_ICON_BTN_ACTIVE : REPO_CARD_ICON_BTN} title={note.pinned ? 'إلغاء التثبيت' : 'تثبيت'} data-testid={`dossier-note-pin-"
"src/app/components/lawyer/dossier-notes/DossierNotesVault.tsx",110,1,"button",1,0,"B0-SAFE-explicit-type-button","","<button type=""button"" onClick={(e) => { e.stopPropagation(); onEdit(note); }} className={REPO_CARD_ICON_BTN} title=""تعديل"" data-testid={`dossier-note-edit-${note.id}`} aria-label=""تعديل"" >"
"src/app/components/lawyer/dossier-notes/DossierNotesVault.tsx",125,1,"button",1,0,"B0-SAFE-explicit-type-button","","<button type=""button"" onClick={(e) => { e.stopPropagation(); onDelete(note.id); }} className={`${REPO_CARD_ICON_BTN} hover:text-red-400 hover:border-red-400/25`} title=""حذف"" data-testid={`dossier-note-delete-${note.id}`} aria-label=""حذ"
"src/app/components/lawyer/dossier-notes/SmartLawLinkPopover.tsx",46,1,"button",1,0,"B0-SAFE-explicit-type-button","","<button type=""button"" onClick={onClose} className=""absolute top-2 left-2 rounded-lg p-1 text-white/45 hover:text-white/80 hover:bg-white/10"" aria-label=""إغلاق"" >"
"src/app/components/lawyer/dossier-notes/SmartLawPickerMenu.tsx",18,1,"button",1,0,"B0-SAFE-explicit-type-button","","<button type=""button"" className=""fixed inset-0 z-[410] cursor-default"" aria-label=""إغلاق"" onClick={onClose} data-smart-law-panel=""picker-backdrop"" />"
"src/app/components/lawyer/dossier-notes/SmartLawPickerMenu.tsx",37,1,"button",1,0,"B0-SAFE-explicit-type-button","","<button key={opt.id} type=""button"" role=""menuitem"" className=""w-full text-right px-3 py-2 text-[12px] text-white/85 hover:bg-[#E6C673]/12 hover:text-[#E6C673] transition-colors"" onClick={() => onPick(opt.id)} data-testid={`smart-law-p"
"src/app/components/lawyer/execution/AlimonyBeneficiaryDeathModal.tsx",35,1,"button",1,0,"B0-SAFE-explicit-type-button","","<button type=""button"" onClick={locked ? undefined : onClick} disabled={locked} className={`w-full rounded-2xl border px-3 py-2.5 text-right transition-all ${ active ? 'border-rose-400/50 bg-rose-950/30 shadow-[0_0_20px_rgba(244,63,94,0.12"
"src/app/components/lawyer/execution/AlimonyBeneficiaryDeathModal.tsx",158,1,"button",1,0,"B0-SAFE-explicit-type-button","","<button type=""button"" onClick={onClose} className=""rounded-lg p-2 text-slate-400 transition hover:bg-[#E6C673]/10 hover:text-white"" aria-label=""إغلاق"" >"
"src/app/components/lawyer/execution/AlimonyBeneficiaryDeathModal.tsx",224,1,"button",1,0,"B0-SAFE-explicit-type-button","","<button type=""button"" onClick={markOneMoreChildDeceased} disabled={childrenDiedCount >= profile.childrenAlive} className=""inline-flex flex-row-reverse items-center gap-1.5 rounded-xl border border-[#E6C673]/35 bg-[#E6C673]/10 px-3 py-2 t"
"src/app/components/lawyer/execution/AlimonyBeneficiaryDeathModal.tsx",253,1,"button",1,0,"B0-SAFE-explicit-type-button","","<button type=""button"" onClick={handleSubmit} className=""w-full rounded-2xl border border-[#E6C673]/40 bg-gradient-to-l from-[#E6C673]/20 to-amber-900/20 py-3 text-xs font-bold text-[#F5E6A8] shadow-lg shadow-black/20 transition hover:fro"
"src/app/components/lawyer/execution/BreakInventoryFurnitureInlineForm.tsx",85,1,"button",1,0,"B0-SAFE-explicit-type-button","","<button type=""button"" disabled={ disabled || (mode === 'list' && !linesText.split(/\r?\n/).some((s) => /\S/.test(s))) } onClick={handleSave} className=""w-full rounded-xl border border-indigo-500/35 bg-indigo-500/15 px-3 py-2 text-[11px] "
"src/app/components/lawyer/execution/BreakInventoryFurnitureInlineForm.tsx",101,1,"button",1,0,"B0-SAFE-explicit-type-button","","<button type=""button"" disabled={disabled} onClick={onFinalize} className=""w-full rounded-xl border border-emerald-500/35 bg-emerald-500/10 px-3 py-2 text-[11px] font-extrabold text-emerald-200 disabled:opacity-40"" >"
"src/app/components/lawyer/execution/DebtorSeizureCategoryBadges.tsx",55,1,"button",1,0,"B0-SAFE-explicit-type-button","","<button ref={props.buttonRef} type=""button"" onClick={props.onClick} className={`${PARTY_BADGE_PILL_CLASS} ${props.bgClass} ${props.borderClass} ${props.textClass} ${ props.active ? 'ring-1 ring-white/10' : '' }`} >"
"src/app/components/lawyer/execution/DebtorSeizureCategoryBadges.tsx",322,1,"button",1,0,"B0-SAFE-explicit-type-button","","<button type=""button"" onClick={() => hideCategory(openCategory.key)} className=""inline-flex flex-row-reverse items-center gap-1 rounded-md px-1.5 py-0.5 text-[9px] text-slate-500 transition-colors hover:bg-white/5 hover:text-slate-300"" "
"src/app/components/lawyer/execution/DebtorSeizureCategoryBadges.tsx",332,1,"button",1,0,"B0-SAFE-explicit-type-button","","<button type=""button"" onClick={() => setOpenKey(null)} className=""rounded-md px-1.5 py-0.5 text-[10px] text-slate-500 transition-colors hover:bg-white/5 hover:text-slate-300"" aria-label=""إغلاق"" >"
"src/app/components/lawyer/execution/EmployeeAssignmentCoerciveFollowupBlock.tsx",61,1,"button",1,0,"B0-SAFE-explicit-type-button","","<button type=""button"" disabled={sending === key} onClick={(e) => { e.stopPropagation(); if (sending === key) return; setSending(key); onConfirm(); setSending(null); setConfirming(null); }} className=""rounded-xl border border-amber-500 bg"
"src/app/components/lawyer/execution/EmployeeAssignmentCoerciveFollowupBlock.tsx",79,1,"button",1,0,"B0-SAFE-explicit-type-button","","<button type=""button"" disabled={sending === key} onClick={(e) => { e.stopPropagation(); setConfirming(null); }} className=""rounded-xl bg-slate-800 px-3 py-2 text-[11px] font-bold text-slate-100 hover:bg-slate-700 disabled:opacity-50"" >"
"src/app/components/lawyer/execution/EmployeeAssignmentCoerciveFollowupBlock.tsx",100,1,"button",1,0,"B0-SAFE-explicit-type-button","","<button type=""button"" onClick={() => setConfirming('investigation')} className=""w-full bg-gradient-to-r from-purple-700 to-purple-600 text-white font-bold py-3 rounded-xl"" >"
"src/app/components/lawyer/execution/EmployeeAssignmentCoerciveFollowupBlock.tsx",109,1,"button",1,0,"B0-SAFE-explicit-type-button","","<button type=""button"" onClick={onTerminateAssignment} className=""w-full border border-slate-500/50 text-slate-300 font-semibold py-2.5 rounded-xl text-sm"" >"
"src/app/components/lawyer/execution/EmployeeAssignmentCoerciveFollowupBlock.tsx",126,1,"button",1,0,"B0-SAFE-explicit-type-button","","<button type=""button"" onClick={onRegisterArrestOrder} className=""w-full bg-gradient-to-r from-violet-700 to-indigo-600 text-white font-bold py-3 rounded-xl"" >"
"src/app/components/lawyer/execution/EmployeeAssignmentCoerciveFollowupBlock.tsx",148,1,"button",1,0,"B0-SAFE-explicit-type-button","","<button type=""button"" aria-pressed={forcedPick === 'brought'} onClick={() => setForcedPick('brought')} className={`w-full rounded-xl border py-2.5 text-[11px] font-bold ${ forcedPick === 'brought' ? 'border-emerald-500/50 bg-emerald-950/4"
"src/app/components/lawyer/execution/EmployeeAssignmentCoerciveFollowupBlock.tsx",160,1,"button",1,0,"B0-SAFE-explicit-type-button","","<button type=""button"" aria-pressed={forcedPick === 'dismissed'} onClick={() => setForcedPick('dismissed')} className={`w-full rounded-xl border py-2.5 text-[11px] font-bold ${ forcedPick === 'dismissed' ? 'border-slate-400/50 bg-slate-900"
"src/app/components/lawyer/execution/EmployeeAssignmentCoerciveFollowupBlock.tsx",172,1,"button",1,0,"B0-SAFE-explicit-type-button","","<button type=""button"" aria-pressed={forcedPick === 'absconded'} onClick={() => setForcedPick('absconded')} className={`w-full rounded-xl border py-2.5 text-[11px] font-bold ${ forcedPick === 'absconded' ? 'border-rose-500/45 bg-rose-950/4"
"src/app/components/lawyer/execution/EmployeeAssignmentCoerciveFollowupBlock.tsx",184,1,"button",1,0,"B0-SAFE-explicit-type-button","","<button type=""button"" disabled={!forcedPick} onClick={() => { if (!forcedPick) return; resolveForcedOutcome(forcedPick); setForcedPick(''); }} className=""w-full rounded-xl bg-gradient-to-l from-amber-500 to-yellow-600 py-2.5 text-[11px] "
"src/app/components/lawyer/execution/EmployeeAssignmentCoerciveFollowupBlock.tsx",199,1,"button",1,0,"B0-SAFE-explicit-type-button","","<button type=""button"" onClick={() => setConfirming('forced_bring')} className=""w-full bg-gradient-to-r from-violet-800 to-violet-600 text-white font-bold py-3 rounded-xl"" >"
"src/app/components/lawyer/execution/evictionField/hooks/branchRenderers/createRenderEvictionBranchPanelBody.tsx",74,1,"button",1,0,"B0-SAFE-explicit-type-button","","<button type=""button"" onClick={(e) => { e.preventDefault(); e.stopPropagation(); openAppeals(sync.decisionId!); }} className=""rounded-xl border border-amber-500/35 bg-amber-500/10 px-3 py-2 text-[11px] font-bold text-amber-100"" >"
"src/app/components/lawyer/execution/evictionField/hooks/branchRenderers/createRenderEvictionBranchPanelBody.tsx",144,1,"button",1,0,"B0-SAFE-explicit-type-button","","<button type=""button"" onClick={(e) => { e.preventDefault(); e.stopPropagation(); openAppeals(sync.decisionId!); }} className=""rounded-xl border border-indigo-500/35 bg-indigo-950/45 px-3 py-2 text-[11px] font-bold text-indigo-100"" >"
"src/app/components/lawyer/execution/evictionField/hooks/branchRenderers/createRenderFieldVisitInline.tsx",93,1,"button",1,0,"B0-SAFE-explicit-type-button","","<button type=""button"" disabled={!canSave} onClick={() => { if (!canSave) return; if (appealSync['Field Visit Date'].blocksFieldwork) { toast( appealSync['Field Visit Date'].followupBlock?.message ?? 'لا يمكن تسجيل الموعد — الطلب موقوف بسب"
"src/app/components/lawyer/execution/evictionField/hooks/branchRenderers/createRenderInlineDecision.tsx",162,1,"button",1,0,"B0-SAFE-explicit-type-button","","<button type=""button"" disabled={locked} onClick={(e) => { e.preventDefault(); e.stopPropagation(); if (locked) return; const fallbackTitle = String(row.title || 'القوة الجبرية').trim() || 'القوة الجبرية'; openPoliceAssistanceDetails?.({ d"
"src/app/components/lawyer/execution/evictionField/sections/HeirsNotificationSection.tsx",35,1,"button",1,0,"B0-SAFE-explicit-type-button","","<button type=""button"" disabled={locked} className={`${BTN_BASE} ${locked ? BTN_DISABLED : ''}`} onClick={(e) => { e.preventDefault(); e.stopPropagation(); if (locked) return; onIssueHeirsExecutionNoticeMemo(); }} >"
"src/app/components/lawyer/execution/evictionField/sections/JudicialCustodianBranchSection.tsx",90,1,"button",1,0,"B0-SAFE-explicit-type-button","","<button type=""button"" disabled={confirmBusy} onClick={(e) => { e.stopPropagation(); if (confirmBusy) return; setConfirmBusy(true); try { submitEvictionRequest({ actionId: EVICTION_TIMELINE_ACTION_IDS.CUSTODIAN, branch: 'Judicial Custodian"
"src/app/components/lawyer/execution/evictionField/sections/JudicialCustodianBranchSection.tsx",117,1,"button",1,0,"B0-SAFE-explicit-type-button","","<button type=""button"" disabled={confirmBusy} onClick={(e) => { e.stopPropagation(); if (confirmBusy) return; setConfirmGate(null); }} className=""rounded-xl bg-slate-800 px-3 py-2 text-[11px] font-bold text-slate-100 hover:bg-slate-700 di"
"src/app/components/lawyer/execution/evictionField/sections/ResidentialGraceEarlyEndSection.tsx",83,1,"button",1,0,"B0-SAFE-explicit-type-button","","<button type=""button"" disabled={confirmBusy} onClick={(e) => { e.stopPropagation(); if (confirmBusy) return; setConfirmBusy(true); try { submitEvictionRequest({ actionId: EVICTION_TIMELINE_ACTION_IDS.RESIDENTIAL_GRACE_EARLY_END, branch: '"
"src/app/components/lawyer/execution/evictionField/sections/ResidentialGraceEarlyEndSection.tsx",111,1,"button",1,0,"B0-SAFE-explicit-type-button","","<button type=""button"" disabled={confirmBusy} onClick={(e) => { e.stopPropagation(); if (confirmBusy) return; setConfirmGate(null); }} className=""rounded-xl bg-slate-800 px-3 py-2 text-[11px] font-bold text-slate-100 hover:bg-slate-700 di"
"src/app/components/lawyer/execution/ExecutionLawReferencePanel.tsx",309,1,"button",1,0,"B0-SAFE-explicit-type-button","","<button type=""button"" role=""tab"" aria-selected={parentScope === ALL_EXECUTION_ARTICLES_SCOPE} onClick={() => selectParentScope(ALL_EXECUTION_ARTICLES_SCOPE)} className={filterBtnClass( parentScope === ALL_EXECUTION_ARTICLES_SCOPE, PAREN"
"src/app/components/lawyer/execution/ExecutionLawReferencePanel.tsx",324,1,"button",1,0,"B0-SAFE-explicit-type-button","","<button key={parent.id} type=""button"" role=""tab"" aria-selected={parent.id === parentScope} onClick={() => selectParentScope(parent.id)} className={filterBtnClass( parent.id === parentScope, PARENT_CHIP_ACTIVE, PARENT_CHIP_IDLE, )} >"
"src/app/components/lawyer/execution/ExecutionLawReferencePanel.tsx",346,1,"button",1,0,"B0-SAFE-explicit-type-button","","<button type=""button"" onClick={() => selectLeaf('all_in_parent')} className={filterBtnClass( leafFilter === 'all_in_parent', LEAF_CHIP_ACTIVE, LEAF_CHIP_IDLE, )} >"
"src/app/components/lawyer/execution/ExecutionLawReferencePanel.tsx",358,1,"button",1,0,"B0-SAFE-explicit-type-button","","<button key={child.id} type=""button"" role=""tab"" aria-selected={leafFilter === child.id} onClick={() => selectLeaf(child.id)} className={filterBtnClass( leafFilter === child.id, LEAF_CHIP_ACTIVE, LEAF_CHIP_IDLE, )} >"
"src/app/components/lawyer/execution/ExecutionPartySpecialActionsMenu.tsx",181,1,"button",1,0,"B0-SAFE-explicit-type-button","","<button type=""button"" className=""min-h-[40px] flex-1 rounded-lg border border-[#E6C673]/35 bg-[#E6C673]/12 text-[11px] font-bold text-[#E6C673] touch-manipulation"" onClick={commitCustomSignal} >"
"src/app/components/lawyer/execution/ExecutionPartySpecialActionsMenu.tsx",188,1,"button",1,0,"B0-SAFE-explicit-type-button","","<button type=""button"" className=""min-h-[40px] shrink-0 rounded-lg border border-white/10 px-3 text-[11px] font-bold text-slate-300 touch-manipulation"" onClick={() => { setAddingSignal(false); setSignalDraft(''); }} >"
"src/app/components/lawyer/execution/ExecutionPartySpecialActionsMenu.tsx",204,1,"button",1,0,"B0-SAFE-explicit-type-button","","<button type=""button"" className={`${MENU_ITEM_CLASS} hover:bg-white/10 ${ variant === 'creditor' ? 'text-emerald-300' : 'text-rose-300' }`} onMouseDown={(e) => e.stopPropagation()} onClick={() => pick(onEditParty)} >"
"src/app/components/lawyer/execution/ExecutionPartySpecialActionsMenu.tsx",218,1,"button",1,0,"B0-SAFE-explicit-type-button","","<button type=""button"" className={`${MENU_ITEM_CLASS} text-slate-100 hover:bg-white/10`} onMouseDown={(e) => e.stopPropagation()} onClick={() => pick(onReportCreditorDeath)} >"
"src/app/components/lawyer/execution/ExecutionPartySpecialActionsMenu.tsx",229,1,"button",1,0,"B0-SAFE-explicit-type-button","","<button type=""button"" className={`${MENU_ITEM_CLASS} text-slate-100 hover:bg-white/10`} onMouseDown={(e) => e.stopPropagation()} onClick={() => pick(onReportDebtorDeath)} >"
"src/app/components/lawyer/execution/ExecutionPartySpecialActionsMenu.tsx",240,1,"button",1,0,"B0-SAFE-explicit-type-button","","<button type=""button"" disabled={ debtorIsEmployee === true && Boolean(debtorEmploymentToggleToKasabDisabled) } className={`${MENU_ITEM_CLASS} text-slate-100 hover:bg-white/10 disabled:cursor-not-allowed disabled:opacity-40`} onClick={() ="
"src/app/components/lawyer/execution/ExecutionPartySpecialActionsMenu.tsx",268,1,"button",1,0,"B0-SAFE-explicit-type-button","","<button type=""button"" data-testid=""party-add-custom-signal"" className={`${MENU_ITEM_CLASS} text-[#E6C673] hover:bg-[#E6C673]/10`} onMouseDown={(e) => e.stopPropagation()} onClick={() => setAddingSignal(true)} >"
"src/app/components/lawyer/execution/ExecutionPartySpecialActionsMenu.tsx",289,1,"button",1,0,"B0-SAFE-explicit-type-button","","<button ref={buttonRef} type=""button"" className=""inline-flex size-9 items-center justify-center rounded-lg text-slate-400 hover:bg-white/10 hover:text-slate-200 transition-colors touch-manipulation"" aria-label=""إجراءات إضافية"" aria-ex"
"src/app/components/lawyer/execution/ExecutionSectionConfirmDialog.tsx",52,1,"button",1,0,"B0-SAFE-explicit-type-button","","<button type=""button"" onClick={onClose} className={ecg.modalClose} aria-label=""إغلاق"" >"
"src/app/components/lawyer/execution/ExecutionSectionConfirmDialog.tsx",65,1,"button",1,0,"B0-SAFE-explicit-type-button","","<button type=""button"" onClick={onClose} className={ecg.modalBtnGhost}>"
"src/app/components/lawyer/execution/ExecutionSectionConfirmDialog.tsx",68,1,"button",1,0,"B0-SAFE-explicit-type-button","","<button type=""button"" onClick={() => { onConfirm(); onClose(); }} className={ecg.modalBtnPrimary} data-testid=""execution-section-confirm-accept"" >"
"src/app/components/lawyer/execution/ExecutorApprovedDateTimeModal.tsx",69,1,"button",1,0,"B0-SAFE-explicit-type-button","","<button type=""button"" onClick={onClose} className=""text-gray-400 hover:text-white transition-colors p-2 hover:bg-white/5 rounded-lg"" >"
"src/app/components/lawyer/execution/ExecutorApprovedDateTimeModal.tsx",90,1,"button",1,0,"B0-SAFE-explicit-type-button","","<button type=""button"" disabled={!dateOnly.trim()} onClick={handleSave} className=""w-full bg-gradient-to-r from-indigo-600 to-indigo-500 hover:from-indigo-500 hover:to-indigo-400 disabled:opacity-40 disabled:cursor-not-allowed text-white "
"src/app/components/lawyer/execution/ExecutorBreakInventoryFurnitureModal.tsx",69,1,"button",1,0,"B0-SAFE-explicit-type-button","","<button type=""button"" onClick={onClose} className=""text-gray-400 hover:text-white transition-colors p-2 hover:bg-white/5 rounded-lg"" >"
"src/app/components/lawyer/execution/ExecutorBreakInventoryFurnitureModal.tsx",114,1,"button",1,0,"B0-SAFE-explicit-type-button","","<button type=""button"" onClick={() => { onFinalize(); onClose(); }} className=""w-full px-4 py-2.5 rounded-xl bg-gradient-to-r from-emerald-600 to-emerald-500 text-white text-sm font-bold shadow-lg shadow-emerald-900/30"" >"
"src/app/components/lawyer/execution/ExecutorBreakInventoryFurnitureModal.tsx",126,1,"button",1,0,"B0-SAFE-explicit-type-button","","<button type=""button"" onClick={onClose} className=""px-4 py-2.5 rounded-xl border border-white/15 text-slate-300 text-sm font-bold hover:bg-white/5"" >"
"src/app/components/lawyer/execution/ExecutorBreakInventoryFurnitureModal.tsx",133,1,"button",1,0,"B0-SAFE-explicit-type-button","","<button type=""button"" onClick={handleSave} disabled={mode === 'list' && !linesText.split(/\r?\n/).some((s) => /\S/.test(s))} className=""px-4 py-2.5 rounded-xl bg-gradient-to-r from-indigo-600 to-indigo-500 text-white text-sm font-bold sh"
"src/app/components/lawyer/execution/ExecutorJudicialCustodianModal.tsx",82,1,"button",1,0,"B0-SAFE-explicit-type-button","","<button type=""button"" onClick={onClose} className=""rounded-lg p-2 text-slate-200 hover:bg-emerald-500/15"" aria-label=""إغلاق"" >"
"src/app/components/lawyer/execution/ExecutorJudicialCustodianModal.tsx",134,1,"button",1,0,"B0-SAFE-explicit-type-button","","<button type=""button"" className=""rounded-xl border border-white/10 bg-white/5 px-4 py-2 text-[12px] font-bold text-slate-200 hover:bg-white/10"" onClick={onClose} >"
"src/app/components/lawyer/execution/ExecutorJudicialCustodianModal.tsx",141,1,"button",1,0,"B0-SAFE-explicit-type-button","","<button type=""button"" onClick={handleSave} disabled={!name.trim() || !salary.trim()} className=""rounded-xl bg-gradient-to-l from-emerald-600 to-emerald-500 px-5 py-2 text-[12px] font-black text-white shadow-md shadow-black/20 disabled:op"
"src/app/components/lawyer/execution/ExecutorWorkflowConfirmModal.tsx",37,1,"button",1,0,"B0-SAFE-explicit-type-button","","<button type=""button"" onClick={onClose} className=""text-gray-400 hover:text-white transition-colors p-2 hover:bg-white/5 rounded-lg"" >"
"src/app/components/lawyer/execution/ExecutorWorkflowConfirmModal.tsx",47,1,"button",1,0,"B0-SAFE-explicit-type-button","","<button type=""button"" onClick={onClose} className=""px-4 py-2.5 rounded-xl border border-slate-600/50 text-slate-300 text-sm font-bold"" >"
"src/app/components/lawyer/execution/ExecutorWorkflowConfirmModal.tsx",54,1,"button",1,0,"B0-SAFE-explicit-type-button","","<button type=""button"" onClick={() => { onConfirm(); onClose(); }} className=""px-4 py-2.5 rounded-xl bg-gradient-to-r from-emerald-600 to-emerald-500 text-white text-sm font-bold"" >"
"src/app/components/lawyer/execution/GuarantorDetailsPostApprovalModal.tsx",46,1,"button",1,0,"B0-SAFE-explicit-type-button","","<button type=""button"" onClick={() => props.onOpenChange(false)} className=""rounded-lg p-2 text-slate-200 hover:bg-indigo-500/15"" aria-label=""إغلاق"" >"
"src/app/components/lawyer/execution/GuarantorDetailsPostApprovalModal.tsx",114,1,"button",1,0,"B0-SAFE-explicit-type-button","","<button type=""button"" className=""rounded-xl border border-white/10 bg-white/5 px-4 py-2 text-[12px] font-bold text-slate-200 hover:bg-white/10"" onClick={() => props.onOpenChange(false)} >"
"src/app/components/lawyer/execution/GuarantorDetailsPostApprovalModal.tsx",121,1,"button",1,0,"B0-SAFE-explicit-type-button","","<button type=""button"" disabled={props.disabled} className=""rounded-xl bg-gradient-to-l from-indigo-500 to-violet-700 px-5 py-2 text-[12px] font-black text-white shadow-md shadow-black/20 disabled:opacity-40"" onClick={props.onSave} >"
"src/app/components/lawyer/execution/JudicialCustodianCardMenu.tsx",92,1,"button",1,0,"B0-SAFE-explicit-type-button","","<button type=""button"" className=""flex w-full flex-row-reverse items-center gap-2 px-3 py-2 text-right text-[11px] font-bold text-slate-100 hover:bg-white/10"" onClick={() => pick(onEdit)} >"
"src/app/components/lawyer/execution/JudicialCustodianCardMenu.tsx",100,1,"button",1,0,"B0-SAFE-explicit-type-button","","<button type=""button"" className=""flex w-full flex-row-reverse items-center gap-2 px-3 py-2 text-right text-[11px] font-bold text-rose-200 hover:bg-rose-500/15"" onClick={() => pick(onDelete)} >"
"src/app/components/lawyer/execution/JudicialCustodianCardMenu.tsx",114,1,"button",1,0,"B0-SAFE-explicit-type-button","","<button ref={buttonRef} type=""button"" aria-expanded={open} aria-haspopup=""menu"" aria-label=""خيارات الحارس"" onClick={(e) => { e.stopPropagation(); setOpen((v) => !v); }} className=""inline-flex h-7 w-7 items-center justify-center round"
"src/app/components/lawyer/execution/JudicialCustodianInlineForm.tsx",74,1,"button",1,0,"B0-SAFE-explicit-type-button","","<button type=""button"" disabled={disabled || !name.trim() || !salary.trim()} onClick={() => { const n = name.trim(); const s = salary.trim(); if (!n || !s) return; onSave({ name: n, salary: s }); }} className=""w-full rounded-xl bg-gradien"
"src/app/components/lawyer/execution/MaritalFurnitureDeliveryAfterApproveForm.tsx",265,1,"button",1,0,"B0-SAFE-explicit-type-button","","<button type=""button"" disabled={disabled} onClick={saveSchedule} className=""w-full rounded-xl bg-gradient-to-l from-[#E6C673] to-amber-600 py-2.5 text-[11px] font-black text-[#0A0F1C] disabled:opacity-40"" >"
"src/app/components/lawyer/execution/MaritalFurnitureDeliveryInventoryForm.tsx",156,1,"button",1,0,"B0-SAFE-explicit-type-button","","<button type=""button"" onClick={onRequestEarlyDelivery} className=""mt-2 rounded-xl border border-amber-500/35 bg-amber-500/10 px-3 py-1.5 text-[10px] font-bold text-amber-100 hover:bg-amber-500/20"" >"
"src/app/components/lawyer/execution/MaritalFurnitureDeliveryInventoryForm.tsx",214,1,"button",1,0,"B0-SAFE-explicit-type-button","","<button type=""button"" disabled={disabled} onClick={() => void confirmOutcome(row, 'external_delivered')} className=""rounded-lg border border-sky-500/35 bg-sky-500/10 px-2 py-1 text-[9px] font-bold text-sky-200 hover:bg-sky-500/20 disable"
"src/app/components/lawyer/execution/MaritalFurnitureDeliveryInventoryForm.tsx",224,1,"button",1,0,"B0-SAFE-explicit-type-button","","<button type=""button"" disabled={disabled} onClick={() => void confirmOutcome(row, 'delivered')} className=""rounded-lg border border-emerald-500/35 bg-emerald-500/10 px-2 py-1 text-[9px] font-bold text-emerald-200 hover:bg-emerald-500/20 "
"src/app/components/lawyer/execution/MaritalFurnitureDeliveryInventoryForm.tsx",232,1,"button",1,0,"B0-SAFE-explicit-type-button","","<button type=""button"" disabled={disabled} onClick={() => void confirmOutcome(row, 'failed')} className=""rounded-lg border border-rose-500/35 bg-rose-500/10 px-2 py-1 text-[9px] font-bold text-rose-200 hover:bg-rose-500/20 disabled:opacit"
"src/app/components/lawyer/execution/MaritalFurnitureDeliveryInventoryForm.tsx",258,1,"button",1,0,"B0-SAFE-explicit-type-button","","<button type=""button"" disabled={disabled || scheduleLocked} onClick={handleLegacySave} className=""w-full rounded-xl bg-gradient-to-l from-[#E6C673] to-amber-600 py-2.5 text-[11px] font-black text-[#0A0F1C] disabled:opacity-40"" >"
"src/app/components/lawyer/execution/MaritalFurnitureDeliveryInventoryForm.tsx",269,1,"button",1,0,"B0-SAFE-explicit-type-button","","<button type=""button"" disabled={disabled} onClick={() => void handleFinalize()} className=""w-full rounded-xl border border-emerald-500/35 bg-emerald-500/10 px-3 py-2 text-[11px] font-extrabold text-emerald-200 disabled:opacity-40"" >"
"src/app/components/lawyer/execution/otherPartyActionsLog/otherPartyActionsLogViews.tsx",43,1,"button",1,0,"B0-SAFE-explicit-type-button","","<button type=""button"" aria-expanded={expanded} onClick={() => setExpanded((v) => !v)} className=""flex w-full flex-row-reverse items-center justify-between gap-2 px-4 py-3 text-right transition-colors hover:bg-white/[0.03]"" >"
"src/app/components/lawyer/execution/OtherPartyActionsLog.tsx",84,1,"button",1,0,"B0-SAFE-explicit-type-button","","<button type=""button"" onClick={() => setExpanded((v) => !v)} aria-expanded={expanded} className=""flex w-full flex-row-reverse items-center gap-3 px-3 py-2.5 text-right transition-colors hover:bg-[#E6C673]/[0.06]"" >"
"src/app/components/lawyer/execution/OtherPartyActionsLog.tsx",150,1,"button",1,0,"B0-SAFE-explicit-type-button","","<button type=""button"" onClick={handleSave} disabled={!content.trim()} className=""rounded-lg border border-emerald-500/40 bg-emerald-500/15 px-4 py-2 text-sm text-emerald-100 disabled:pointer-events-none disabled:opacity-40 hover:bg-emera"
"src/app/components/lawyer/execution/OtherPartyActionsLog.tsx",280,1,"button",1,0,"B0-SAFE-explicit-type-button","","<button type=""button"" onClick={handleSave} disabled={!content.trim()} className=""rounded-lg border border-emerald-500/40 bg-emerald-500/15 px-4 py-2 text-sm text-emerald-100 disabled:pointer-events-none disabled:opacity-40 hover:bg-emera"
"src/app/components/lawyer/execution/PartyDeathReportModal.tsx",213,1,"button",1,0,"B0-SAFE-explicit-type-button","","<button type=""button"" onClick={handleClose} className=""touch-manipulation inline-flex min-h-[44px] min-w-[44px] items-center justify-center rounded-lg p-1.5 text-slate-400 hover:bg-white/10"" aria-label=""إغلاق"" >"
"src/app/components/lawyer/execution/PartyDeathReportModal.tsx",246,1,"button",1,0,"B0-SAFE-explicit-type-button","","<button type=""button"" onClick={() => removeHeirRow(idx)} className=""shrink-0 rounded-lg p-1.5 text-slate-400 hover:bg-white/10"" aria-label=""حذف السطر"" >"
"src/app/components/lawyer/execution/PartyDeathReportModal.tsx",257,1,"button",1,0,"B0-SAFE-explicit-type-button","","<button type=""button"" onClick={addHeirRow} className=""inline-flex items-center gap-1 rounded-lg border border-white/10 px-2 py-1 text-[9px] font-bold text-slate-300 hover:bg-white/5"" >"
"src/app/components/lawyer/execution/PartyDeathReportModal.tsx",266,1,"button",1,0,"B0-SAFE-explicit-type-button","","<button type=""button"" onClick={confirmSubstitution} className=""touch-manipulation min-h-[44px] w-full rounded-lg border border-[#E6C673]/35 bg-[#E6C673]/10 py-1.5 text-[10px] font-bold text-[#E6C673]"" >"
"src/app/components/lawyer/execution/partyInteractiveBadges/ExecutionPartyInteractiveBadges.tsx",422,1,"button",1,0,"B0-SAFE-explicit-type-button","","<button type=""button"" ref={(el) => { btnRefs.current[b.id] = el; }} disabled={isHistoricalMode} onClick={(e) => { e.stopPropagation(); if (isHistoricalMode) return; setOpenId((id) => (id === b.id ? null : b.id)); }} className={`${PARTY_BA"
"src/app/components/lawyer/execution/partyInteractiveBadges/PartyBadgePopover.tsx",83,1,"button",1,0,"B0-SAFE-explicit-type-button","","<button type=""button"" className=""mb-1 inline-flex rounded-md p-1.5 text-slate-400 hover:bg-white/10 hover:text-white"" onClick={onClose} aria-label=""إغلاق"" >"
"src/app/components/lawyer/execution/partyInteractiveBadges/PartyBadgePopover.tsx",118,1,"button",1,0,"B0-SAFE-explicit-type-button","","<button type=""button"" onClick={() => { const n = guarantorNameDraft.trim(); if (!n) return; const parseIqd = (s: string): number | null => { const parsed = parseAmount(s); return Number.isFinite(parsed) ? parsed : null; }; onPersistGuaran"
"src/app/components/lawyer/execution/partyInteractiveBadges/PartyBadgePopover.tsx",155,1,"button",1,0,"B0-SAFE-explicit-type-button","","<button type=""button"" onClick={() => { openBadge.onActivate?.(); onClose(); }} className=""w-full mb-2 rounded-lg border border-indigo-500/35 bg-indigo-950/45 py-2 text-[10px] font-bold text-indigo-100 hover:bg-indigo-950/60"" >"
"src/app/components/lawyer/execution/partyInteractiveBadges/PartyBadgePopover.tsx",177,1,"button",1,0,"B0-SAFE-explicit-type-button","","<button type=""button"" onClick={() => { onToggleEvictionGracePinned(); onClose(); }} className=""w-full mb-2 flex flex-row-reverse items-center justify-center gap-1.5 rounded-lg border border-amber-500/35 bg-amber-950/35 py-2 text-[10px] f"
"src/app/components/lawyer/execution/partyInteractiveBadges/PartyBadgePopover.tsx",189,1,"button",1,0,"B0-SAFE-explicit-type-button","","<button type=""button"" onClick={onHide} className={`w-full flex flex-row-reverse items-center justify-center gap-1.5 rounded-lg border py-2 text-[10px] font-bold hover:brightness-110 ${ openBadge.dismissVariant === 'complete' ? 'border-eme"
"src/app/components/lawyer/execution/personalCoercive/chrome/PersonalCoerciveConfirmPortals.tsx",44,1,"button",1,0,"B0-SAFE-explicit-type-button","","<button type=""button"" aria-label=""إغلاق"" className=""rounded-lg p-1.5 text-slate-400 hover:bg-white/10 hover:text-white disabled:opacity-40"" disabled={releaseConfirmBusy} onClick={() => setReleaseConfirmOpen(false)} >"
"src/app/components/lawyer/execution/personalCoercive/chrome/PersonalCoerciveConfirmPortals.tsx",63,1,"button",1,0,"B0-SAFE-explicit-type-button","","<button type=""button"" disabled={releaseConfirmBusy} className=""rounded-xl bg-slate-800 py-2.5 text-[11px] font-bold text-slate-100 hover:bg-slate-700 disabled:opacity-50"" onClick={() => setReleaseConfirmOpen(false)} >"
"src/app/components/lawyer/execution/personalCoercive/chrome/PersonalCoerciveConfirmPortals.tsx",71,1,"button",1,0,"B0-SAFE-explicit-type-button","","<button type=""button"" disabled={releaseConfirmBusy} className=""rounded-xl border border-rose-500/45 bg-rose-950/40 py-2.5 text-[11px] font-black text-rose-100 hover:bg-rose-950/55 disabled:opacity-50"" onClick={() => confirmReleaseDetent"
"src/app/components/lawyer/execution/personalCoercive/chrome/PersonalCoerciveConfirmPortals.tsx",96,1,"button",1,0,"B0-SAFE-explicit-type-button","","<button type=""button"" aria-label=""إغلاق"" className=""rounded-lg p-1.5 text-slate-400 hover:bg-white/10 hover:text-white disabled:opacity-40"" disabled={forcedBringWithdrawBusy} onClick={() => setForcedBringWithdrawConfirmOpen(false)} >"
"src/app/components/lawyer/execution/personalCoercive/chrome/PersonalCoerciveConfirmPortals.tsx",111,1,"button",1,0,"B0-SAFE-explicit-type-button","","<button type=""button"" disabled={forcedBringWithdrawBusy} className=""rounded-xl bg-slate-800 py-2.5 text-[11px] font-bold text-slate-100 hover:bg-slate-700 disabled:opacity-50"" onClick={() => setForcedBringWithdrawConfirmOpen(false)} >"
"src/app/components/lawyer/execution/personalCoercive/chrome/PersonalCoerciveConfirmPortals.tsx",119,1,"button",1,0,"B0-SAFE-explicit-type-button","","<button type=""button"" disabled={forcedBringWithdrawBusy} className=""rounded-xl border border-amber-500/45 bg-amber-950/40 py-2.5 text-[11px] font-black text-amber-100 hover:bg-amber-950/55 disabled:opacity-50"" onClick={() => withdrawInv"
"src/app/components/lawyer/execution/personalCoercive/chrome/PersonalCoerciveConfirmPortals.tsx",147,1,"button",1,0,"B0-SAFE-explicit-type-button","","<button type=""button"" disabled={coerciveUiLocked || isHistoricalMode} onClick={() => setOptionalRemainingProceduresOpen(true)} className={`w-full ${BTN_BASE} bg-gradient-to-l from-violet-500/10 to-transparent hover:from-violet-500/16 ${co"
"src/app/components/lawyer/execution/personalCoercive/hooks/actions/usePersonalCoerciveDetentionJudgeActions.tsx",349,1,"button",1,0,"B0-SAFE-explicit-type-button","","<button type=""button"" className=""w-full rounded-xl border border-amber-500/35 bg-amber-500/10 py-2 text-[10px] font-bold text-amber-100 hover:bg-amber-500/15"" onClick={() => onOpenDecisions({ tab: 'previous', decisionId: judgeDecisionId"
"src/app/components/lawyer/execution/personalCoercive/sections/DossierPresentationSection.tsx",98,1,"button",1,0,"B0-SAFE-explicit-type-button","","<button type=""button"" disabled={dossierButtonDisabled} onClick={() => handleDossierHeaderClick()} className={`w-full ${BTN_BASE} !min-h-[44px] !py-2.5 bg-gradient-to-l from-orange-500/12 to-transparent hover:from-orange-500/18 ${dossierBu"
"src/app/components/lawyer/execution/personalCoercive/sections/DossierPresentationSection.tsx",139,1,"button",1,0,"B0-SAFE-explicit-type-button","","<button type=""button"" disabled={coerciveWriteLocked} className=""w-full rounded-xl border border-amber-500/35 bg-amber-950/25 py-2.5 text-[11px] font-bold text-amber-100 hover:bg-amber-950/40 disabled:opacity-40"" onClick={() => activateD"
"src/app/components/lawyer/execution/personalCoercive/sections/ExecutiveDetentionJudgeSection.tsx",117,1,"button",1,0,"B0-SAFE-explicit-type-button","","<button type=""button"" disabled={coerciveWriteLocked} className=""min-h-[44px] w-full rounded-xl border border-emerald-500/35 bg-emerald-800/55 py-2.5 text-[11px] font-bold text-white disabled:opacity-40 touch-manipulation"" onClick={() =>"
"src/app/components/lawyer/execution/personalCoercive/sections/ExecutiveDetentionJudgeSection.tsx",125,1,"button",1,0,"B0-SAFE-explicit-type-button","","<button type=""button"" disabled={coerciveWriteLocked || detentionRejectionOpen} className=""min-h-[44px] w-full rounded-xl border border-rose-500/45 bg-rose-950/35 py-2.5 text-[11px] font-bold text-rose-100 disabled:opacity-40 touch-manipu"
"src/app/components/lawyer/execution/personalCoercive/sections/ExecutiveDetentionJudgeSection.tsx",148,1,"button",1,0,"B0-SAFE-explicit-type-button","","<button type=""button"" disabled={detentionRejectionSaving || coerciveWriteLocked} className=""min-h-[44px] rounded-xl border border-rose-500/40 bg-rose-900/30 py-2.5 text-[11px] font-black text-rose-100 disabled:opacity-50 touch-manipulati"
"src/app/components/lawyer/execution/personalCoercive/sections/ExecutiveDetentionJudgeSection.tsx",173,1,"button",1,0,"B0-SAFE-explicit-type-button","","<button type=""button"" disabled={detentionRejectionSaving} className=""min-h-[44px] rounded-xl bg-slate-800 py-2.5 text-[11px] font-bold text-slate-100 hover:bg-slate-700 disabled:opacity-50 touch-manipulation"" onClick={(e) => { e.stopPro"
"src/app/components/lawyer/execution/personalCoercive/sections/ExecutiveDetentionJudgeSection.tsx",210,1,"button",1,0,"B0-SAFE-explicit-type-button","","<button type=""button"" disabled={coerciveWriteLocked} className=""w-full rounded-xl bg-orange-800/55 py-2.5 text-[11px] font-bold text-white disabled:opacity-40"" onClick={() => { if (coerciveWriteLocked) return; startDetentionFourMonths({"
"src/app/components/lawyer/execution/personalCoercive/sections/ExecutiveDetentionJudgeSection.tsx",247,1,"button",1,0,"B0-SAFE-explicit-type-button","","<button type=""button"" disabled={coerciveWriteLocked} className=""w-full flex items-center justify-center gap-2 flex-row-reverse rounded-xl border border-emerald-800 bg-emerald-900/20 py-2.5 text-[11px] font-bold text-emerald-400 hover:bg-"
"src/app/components/lawyer/execution/personalCoercive/sections/ExecutiveDetentionJudgeSection.tsx",270,1,"button",1,0,"B0-SAFE-explicit-type-button","","<button type=""button"" disabled={releaseConfirmBusy || coerciveWriteLocked} className=""rounded-xl border border-rose-500/45 bg-rose-950/40 py-2.5 text-[11px] font-black text-rose-100 disabled:opacity-50"" onClick={() => { if (coerciveWrit"
"src/app/components/lawyer/execution/personalCoercive/sections/ExecutiveDetentionJudgeSection.tsx",286,1,"button",1,0,"B0-SAFE-explicit-type-button","","<button type=""button"" disabled={releaseConfirmBusy} className=""rounded-xl bg-slate-800 py-2.5 text-[11px] font-bold text-slate-100 hover:bg-slate-700 disabled:opacity-50"" onClick={() => { setReleaseReasonOpen(false); setReleaseReason(''"
"src/app/components/lawyer/execution/personalCoercive/sections/ForcedBringSection.tsx",144,1,"button",1,0,"B0-SAFE-explicit-type-button","","<button type=""button"" onClick={() => handleForcedBringHeaderClick()} disabled={ (forcedButtonDisabled && !forcedHasExpandablePanel) || (showStartStrip && !forcedHasExpandablePanel) } className={`w-full ${BTN_BASE} ${(forcedButtonDisabled "
"src/app/components/lawyer/execution/personalCoercive/sections/ForcedBringSection.tsx",216,1,"button",1,0,"B0-SAFE-explicit-type-button","","<button type=""button"" disabled={sendingKey === 'forced_bring_in'} onClick={(e) => { e.stopPropagation(); runForcedBringSubmit(true); }} className=""inline-flex min-h-[40px] w-full flex-row-reverse items-center justify-center gap-1.5 round"
"src/app/components/lawyer/execution/personalCoercive/sections/ForcedBringSection.tsx",287,1,"button",1,0,"B0-SAFE-explicit-type-button","","<button type=""button"" disabled={coerciveUiLocked} aria-pressed={forcedOutcomePick === 'brought'} onClick={(e) => { e.stopPropagation(); setForcedOutcomePick('brought'); }} className={`w-full rounded-xl border px-3 py-2.5 text-[11px] font-"
"src/app/components/lawyer/execution/personalCoercive/sections/ForcedBringSection.tsx",303,1,"button",1,0,"B0-SAFE-explicit-type-button","","<button type=""button"" disabled={coerciveUiLocked} aria-pressed={forcedOutcomePick === 'dismissed'} onClick={(e) => { e.stopPropagation(); setForcedOutcomePick('dismissed'); }} className={`w-full rounded-xl border px-3 py-2.5 text-[11px] f"
"src/app/components/lawyer/execution/personalCoercive/sections/ForcedBringSection.tsx",319,1,"button",1,0,"B0-SAFE-explicit-type-button","","<button type=""button"" disabled={coerciveUiLocked} aria-pressed={forcedOutcomePick === 'absconded'} onClick={(e) => { e.stopPropagation(); setForcedOutcomePick('absconded'); }} className={`w-full rounded-xl border px-3 py-2.5 text-[11px] f"
"src/app/components/lawyer/execution/personalCoercive/sections/ForcedBringSection.tsx",336,1,"button",1,0,"B0-SAFE-explicit-type-button","","<button type=""button"" disabled={ !forcedOutcomePick || coerciveUiLocked || (forcedOutcomePick !== 'brought' && forcedOutcomePick !== 'absconded' && forcedOutcomePick !== 'dismissed') } className=""w-full rounded-xl bg-gradient-to-l from-a"
"src/app/components/lawyer/execution/personalCoercive/sections/InvestigationCourtSection.tsx",70,1,"button",1,0,"B0-SAFE-explicit-type-button","","<button type=""button"" onClick={() => { if (investigationButtonDisabled) return; if (arrest.rejected) return; if (investigationHasExpandablePanel) { return; } if (!guardSummonsGate()) return; setConfirmingKey('arrest_warrant_investigation'"
"src/app/components/lawyer/execution/personalCoercive/sections/InvestigationCourtSection.tsx",153,1,"button",1,0,"B0-SAFE-explicit-type-button","","<button type=""button"" disabled={coerciveUiLocked} className=""w-full rounded-xl border border-emerald-500/35 bg-emerald-800/55 py-2.5 text-[11px] font-bold text-white disabled:opacity-40"" onClick={() => recordInvestigationDebtorAttended("
"src/app/components/lawyer/execution/personalCoercive/sections/InvestigationCourtSection.tsx",161,1,"button",1,0,"B0-SAFE-explicit-type-button","","<button type=""button"" disabled={coerciveUiLocked} className=""w-full rounded-xl border border-rose-500/40 bg-rose-950/40 py-2.5 text-[11px] font-bold text-rose-100 disabled:opacity-40"" onClick={() => markWarrantIssued()} >"
"src/app/components/lawyer/execution/personalCoercive/sections/InvestigationCourtSection.tsx",180,1,"button",1,0,"B0-SAFE-explicit-type-button","","<button type=""button"" disabled={coerciveUiLocked} className=""w-full rounded-xl border border-emerald-500/35 bg-emerald-800/55 py-2.5 text-[11px] font-bold text-white disabled:opacity-40"" onClick={() => recordSecuredBringAfterWarrant()} "
"src/app/components/lawyer/execution/personalCoercive/sections/TravelBanSection.tsx",94,1,"button",1,0,"B0-SAFE-explicit-type-button","","<button type=""button"" disabled={travelSubmitButtonDisabled} onClick={() => { if (travelSubmitButtonDisabled) return; if (!canSubmitTravelBan) return; setConfirmingKey('travel_ban'); }} className={`w-full ${BTN_BASE} bg-gradient-to-l from-"
"src/app/components/lawyer/execution/personalCoercive/sections/TravelBanSection.tsx",143,1,"button",1,0,"B0-SAFE-explicit-type-button","","<button type=""button"" onClick={() => liftTravelBanEnforcement()} className=""w-full rounded-xl border border-sky-400/35 bg-sky-800/45 py-2.5 text-[11px] font-bold text-sky-50 hover:bg-sky-800/60"" >"
"src/app/components/lawyer/execution/personalCoercive/sections/TravelBanSection.tsx",155,1,"button",1,0,"B0-SAFE-explicit-type-button","","<button type=""button"" disabled={coerciveUiLocked || isHistoricalMode} onClick={() => setConfirmingKey('travel_ban_withdraw')} className=""w-full rounded-xl border border-amber-500/35 bg-amber-500/10 py-2.5 text-[11px] font-bold text-amber"
"src/app/components/lawyer/execution/personalCoercive/sections/TravelBanSection.tsx",166,1,"button",1,0,"B0-SAFE-explicit-type-button","","<button type=""button"" onClick={() => liftTravelBanEnforcement()} className={`w-full ${BTN_BASE} bg-gradient-to-l from-sky-500/12 to-transparent hover:from-sky-500/18`} >"
"src/app/components/lawyer/execution/personalCoercive/sections/TravelBanSection.tsx",275,1,"button",1,0,"B0-SAFE-explicit-type-button","","<button type=""button"" onClick={() => liftTravelBanEnforcement()} className=""w-full rounded-xl border border-sky-400/35 bg-sky-800/45 py-2.5 text-[11px] font-bold text-sky-50 hover:bg-sky-800/60"" >"
"src/app/components/lawyer/execution/PoliceAssistanceDetailsModal.tsx",50,1,"button",1,0,"B0-SAFE-explicit-type-button","","<button type=""button"" onClick={onClose} className=""text-gray-400 hover:text-white transition-colors p-2 hover:bg-white/5 rounded-lg"" aria-label=""إغلاق"" >"
"src/app/components/lawyer/execution/PoliceAssistanceInlineForm.tsx",49,1,"button",1,0,"B0-SAFE-explicit-type-button","","<button type=""button"" disabled={disabled || !agencyName.trim()} onClick={() => { const v = agencyName.trim(); if (!v) return; onSave({ agencyName: v, linkToTasks }); }} className=""w-full rounded-xl bg-gradient-to-l from-amber-500 to-yell"
"src/app/components/lawyer/execution/RejectedExecutorResubmitStrip.tsx",47,1,"button",1,0,"B0-SAFE-explicit-type-button","","<button type=""button"" disabled={disabled} onClick={(e) => { e.stopPropagation(); props.onConfirmSubmit(); setConfirmOpen(false); }} className={REQUEST_CONFIRM_PRIMARY_BTN_CLASS} >"
"src/app/components/lawyer/execution/RejectedExecutorResubmitStrip.tsx",62,1,"button",1,0,"B0-SAFE-explicit-type-button","","<button type=""button"" disabled={disabled} onClick={(e) => { e.stopPropagation(); setConfirmOpen(false); }} className={REQUEST_CONFIRM_SECONDARY_BTN_CLASS} >"
"src/app/components/lawyer/execution/RejectedExecutorResubmitStrip.tsx",76,1,"button",1,0,"B0-SAFE-explicit-type-button","","<button type=""button"" disabled={disabled} onClick={(e) => { e.stopPropagation(); setConfirmOpen(true); }} className={RESUBMIT_BTN} >"
"src/app/components/lawyer/execution/SeizureMatrixExpandLink.tsx",21,1,"button",1,0,"B0-SAFE-explicit-type-button","","<button type=""button"" onClick={onClick} className={`flex min-h-[44px] w-full flex-row-reverse items-center justify-center gap-2 rounded-xl border px-4 py-2.5 touch-manipulation ${ isMaximum ? 'border-amber-400/25 bg-amber-500/10 text-ambe"
"src/app/components/lawyer/execution/StayOfExecutionModal.tsx",65,1,"button",1,0,"B0-SAFE-explicit-type-button","","<button type=""button"" onClick={onClose} className=""rounded-lg p-1.5 text-slate-400 hover:bg-white/10"" aria-label=""إغلاق"" >"
"src/app/components/lawyer/execution/StayOfExecutionModal.tsx",107,1,"button",1,0,"B0-SAFE-explicit-type-button","","<button type=""button"" onClick={submitStay} className=""w-full rounded-lg bg-amber-800/90 py-2 text-[10px] font-bold text-white shadow-md shadow-amber-950/40 hover:bg-amber-700/90"" >"
"src/app/components/lawyer/ExecutionCreationView/components/EvictionSection.tsx",84,1,"button",1,0,"B0-SAFE-explicit-type-button","","<button id=""execution-creation-eviction-premises-residential"" type=""button"" onClick={() => onPremisesUseChange('residential')} aria-pressed={evictionPremisesUse === 'residential'} className={`${ecg.choiceBtn} ${ evictionPremisesUse === "
"src/app/components/lawyer/ExecutionCreationView/components/EvictionSection.tsx",95,1,"button",1,0,"B0-SAFE-explicit-type-button","","<button type=""button"" onClick={() => onPremisesUseChange('commercial')} aria-pressed={evictionPremisesUse === 'commercial'} className={`${ecg.choiceBtn} ${ evictionPremisesUse === 'commercial' ? ecg.choiceBtnActive : ecg.choiceBtnIdle }`}"
"src/app/components/lawyer/ExecutionCreationView/components/ExecutionCreationFormBody.tsx",251,1,"button",1,0,"B0-SAFE-explicit-type-button","","<button type=""button"" onClick={onClose} className={ecg.modalClose} aria-label=""إغلاق"" data-testid=""execution-creation-close"">"
"src/app/components/lawyer/ExecutionCreationView/components/ExecutionIntakeModals.tsx",118,1,"button",1,0,"B0-SAFE-explicit-type-button","","<button type=""button"" onClick={() => { // Validation Rule: If no issue date, downgrade document power if (!chequeIssueDate) { onDocTypeChange('السندات المتضمنة إقراراً بدين'); onClaimTypeChange('استحصال دين مالي'); SmartToast.warning('⚠️ "
"src/app/components/lawyer/ExecutionCreationView/components/ExecutionIntakeModals.tsx",133,1,"button",1,0,"B0-SAFE-explicit-type-button","","<button type=""button"" onClick={() => { onChequeValidatorClose(); onDocTypeChange(''); onClaimTypeChange(''); }} className={ecg.modalBtnGhost} >"
"src/app/components/lawyer/ExecutionCreationView/components/ExecutionIntakeModals.tsx",192,1,"button",1,0,"B0-SAFE-explicit-type-button","","<button type=""button"" onClick={() => { const hasAnyYes = Object.values(absenteeChecks).some((v) => v === true); if (hasAnyYes) { onDocumentBlockedChange(true); SmartToast.error('🛑 توقف: استناداً للفقرة رابعاً من المادة 14، فقدَ هذا السند"
"src/app/components/lawyer/ExecutionCreationView/components/ExecutionOptionSheet.tsx",70,1,"button",1,0,"B0-SAFE-explicit-type-button","","<button key={opt.value} type=""button"" onClick={(e) => { e.stopPropagation(); onSelect(opt.value); onClose(); }} className={`${ecg.optionBtn} ${ selectedValue === opt.value ? ecg.optionBtnActive : ecg.optionBtnIdle }`} >"
"src/app/components/lawyer/ExecutionCreationView/components/ExecutionOptionSheet.tsx",89,1,"button",1,0,"B0-SAFE-explicit-type-button","","<button key={opt.label} type=""button"" onClick={(e) => { e.stopPropagation(); SmartToast.info(`«${opt.label}» — ${comingSoonCaption}`, 3500); }} className=""w-full text-right rounded-2xl px-4 py-3 text-sm font-medium text-slate-500/85 bord"
"src/app/components/lawyer/ExecutionCreationView/components/ExecutionOptionSheet.tsx",129,1,"button",1,0,"B0-SAFE-explicit-type-button","","<button type=""button"" onClick={onClose} className={ecg.sheetClose}>"
"src/app/components/lawyer/ExecutionCreationView/components/ExecutionOptionSheet.tsx",214,1,"button",1,0,"B0-SAFE-explicit-type-button","","<button type=""button"" disabled={multiSelectPanel.draftValues.length === 0} onClick={(e) => { e.stopPropagation(); multiSelectPanel.onConfirm(); }} className={ecg.saveBtn} >"
"src/app/components/lawyer/ExecutionCreationView/components/ExecutionSaveButton.tsx",14,1,"button",1,0,"B0-SAFE-explicit-type-button","","<button type=""button"" onClick={onSubmit} className={ecg.saveBtn} data-testid=""execution-creation-save"">"
"src/app/components/lawyer/ExecutionCreationView/components/InstrumentClaimExtrasSection.tsx",142,1,"button",1,0,"B0-SAFE-explicit-type-button","","<button type=""button"" onClick={() => onDowryReasonChange('طلاق')} className={`${ecg.choiceBtn} ${ dowryReason === 'طلاق' ? ecg.choiceBtnActive : ecg.choiceBtnIdle }`} >"
"src/app/components/lawyer/ExecutionCreationView/components/InstrumentClaimExtrasSection.tsx",151,1,"button",1,0,"B0-SAFE-explicit-type-button","","<button type=""button"" onClick={() => onDowryReasonChange('وفاة')} className={`${ecg.choiceBtn} ${ dowryReason === 'وفاة' ? ecg.choiceBtnActive : ecg.choiceBtnIdle }`} >"
"src/app/components/lawyer/ExecutionCreationView/components/InstrumentTypeIdentityFields.tsx",108,1,"button",1,0,"B0-SAFE-explicit-type-button","","<button type=""button"" data-creation-step=""docType"" aria-haspopup=""dialog"" aria-label=""نوع السند المنفذ"" onPointerDown={(e) => e.stopPropagation()} onClick={(e) => { e.preventDefault(); e.stopPropagation(); onOpenDocTypeSheet(); }} c"
"src/app/components/lawyer/ExecutionCreationView/components/InstrumentTypeIdentityFields.tsx",288,1,"button",1,0,"B0-SAFE-explicit-type-button","","<button key={opt.value} type=""button"" onClick={() => { onClassificationChange(opt.value); onCommitClassification?.(); }} className={`${ecg.choiceBtn} ${ classification === opt.value ? ecg.choiceBtnActive : ecg.choiceBtnIdle }`} >"
"src/app/components/lawyer/ExecutionCreationView/components/InstrumentTypeIdentityFields.tsx",318,1,"button",1,0,"B0-SAFE-explicit-type-button","","<button type=""button"" data-creation-step=""claimType"" aria-haspopup=""dialog"" aria-label=""نوع المطالبة والتنفيذ"" disabled={claimPickerLocked || claimPickerEmpty} onPointerDown={(e) => e.stopPropagation()} onClick={(e) => { e.preventDe"
"src/app/components/lawyer/ExecutionCreationView/components/InstrumentTypeIdentityFields.tsx",342,1,"button",1,0,"B0-SAFE-explicit-type-button","","<button key={ct} type=""button"" onClick={() => onRemoveActiveClaimType(ct)} className={ecg.chip} title=""إزالة من المطالبة المجمّعة"" >"
"src/app/components/lawyer/ExecutionCreationView/components/MaritalFurnitureSetupSection.tsx",200,1,"button",1,0,"B0-SAFE-explicit-type-button","","<button type=""button"" onClick={() => removeRow(row.id)} className=""flex items-center justify-center p-1 rounded-md text-rose-300/70 hover:bg-rose-500/10 hover:text-rose-200"" aria-label=""حذف"" >"
"src/app/components/lawyer/ExecutionCreationView/components/MaritalFurnitureSetupSection.tsx",232,1,"button",1,0,"B0-SAFE-explicit-type-button","","<button type=""button"" onClick={addRow} className={`${ecg.addBtn} !mt-0 border-dashed`}>"
"src/app/components/lawyer/ExecutionCreationView/components/PartiesSection.tsx",191,1,"button",1,0,"B0-SAFE-explicit-type-button","","<button type=""button"" onClick={onAddCreditor} className={ecg.addBtn}>"
"src/app/components/lawyer/ExecutionCreationView/components/PartiesSection.tsx",253,1,"button",1,0,"B0-SAFE-explicit-type-button","","<button type=""button"" onClick={onAddIndependentDebtor} className={`${ecg.choiceBtn} ${ecg.choiceBtnIdle} flex items-center justify-center gap-1.5`} >"
"src/app/components/lawyer/ExecutionCreationView/components/PartiesSection.tsx",261,1,"button",1,0,"B0-SAFE-explicit-type-button","","<button type=""button"" onClick={onAddSolidaryDebtor} className={`${ecg.choiceBtn} ${ecg.choiceBtnIdle} flex items-center justify-center gap-1.5 border-[#E6C673]/20 hover:border-[#E6C673]/35`} >"
"src/app/components/lawyer/ExecutionCreationView/components/PartiesSection.tsx",271,1,"button",1,0,"B0-SAFE-explicit-type-button","","<button type=""button"" onClick={onAddAnotherDebtor} className={`${ecg.addBtn} mt-2`}>"
"src/app/components/lawyer/ExecutionCreationView/components/PartyCard.tsx",104,1,"button",1,0,"B0-SAFE-explicit-type-button","","<button type=""button"" onClick={() => onUpdate(party.id, 'isClient', !isClient)} className={pillClass(isClient)} >"
"src/app/components/lawyer/ExecutionCreationView/components/PartyCard.tsx",141,1,"button",1,0,"B0-SAFE-explicit-type-button","","<button key={occ} type=""button"" onClick={() => onUpdate(party.id, 'occupation', occ)} className={`${segBtn} ${active ? segActive : segIdle}`} >"
"src/app/components/lawyer/ExecutionCreationView/components/PartyCard.tsx",155,1,"button",1,0,"B0-SAFE-explicit-type-button","","<button type=""button"" onClick={() => onRemove(party.id)} className={`${isCreditor ? 'text-emerald-500 hover:bg-emerald-500/10' : 'text-rose-500 hover:bg-rose-500/10'} p-1 rounded transition-colors`} title={isCreditor ? 'حذف الدائن' : 'حذف"
"src/app/components/lawyer/ExecutionCreationView/components/SmartAlimonyCalculator.tsx",134,1,"button",1,0,"B0-SAFE-explicit-type-button","","<button key={opt.value} type=""button"" onClick={() => onBeneficiaryChange(opt.value)} className={`${ecg.choiceBtn} flex items-center justify-center ${ alimonyBeneficiary === opt.value ? ecg.choiceBtnActive : ecg.choiceBtnIdle }`} >"
"src/app/components/lawyer/ExecutionCreationView/components/SpecificDeliveryItemsSetupSection.tsx",62,1,"button",1,0,"B0-SAFE-explicit-type-button","","<button type=""button"" onClick={onClick} className={`flex flex-1 flex-row-reverse items-center justify-center gap-2 rounded-xl border border-dashed transition-all ${ compact ? 'border-[#E6C673]/28 bg-[#E6C673]/5 px-3 py-2 text-[11px] font-"
"src/app/components/lawyer/ExecutionCreationView/components/SpecificDeliveryItemsSetupSection.tsx",175,1,"button",1,0,"B0-SAFE-explicit-type-button","","<button type=""button"" onClick={() => removeRow(row.id)} className=""flex h-8 w-8 items-center justify-center rounded-lg border border-rose-500/25 bg-rose-500/10 text-rose-200 hover:bg-rose-500/15"" aria-label={`حذف الشيء ${index + 1}`} >"
"src/app/components/lawyer/ExecutionCreationView/components/SpecificDeliveryItemsSetupSection.tsx",194,1,"button",1,0,"B0-SAFE-explicit-type-button","","<button type=""button"" onClick={() => patchRow(row.id, { declaredDestroyed: !row.declaredDestroyed, ...(row.declaredDestroyed ? { judgmentValueIqd: undefined } : {}), }) } className={`rounded-xl border px-3 py-2 text-[10px] font-bold trans"
"src/app/components/lawyer/ExecutionCreationView/components/VisitationCustodyExtrasSection.tsx",53,1,"button",1,0,"B0-SAFE-explicit-type-button","","<button type=""button"" onClick={() => setVisitationChildrenNames((prev) => prev.filter((_, i) => i !== idx), ) } className=""p-2 text-rose-400 hover:bg-rose-500/10 rounded-lg transition-colors shrink-0"" title=""حذف السطر"" >"
"src/app/components/lawyer/ExecutionCreationView/components/VisitationCustodyExtrasSection.tsx",68,1,"button",1,0,"B0-SAFE-explicit-type-button","","<button type=""button"" onClick={() => setVisitationChildrenNames((prev) => [...prev, ''])} className={`${ecg.addBtn} !mt-0`} >"
"src/app/components/lawyer/ExecutionCreationView/components/VisitationCustodyExtrasSection.tsx",109,1,"button",1,0,"B0-SAFE-explicit-type-button","","<button type=""button"" onClick={() => setCustodyWardNames((prev) => prev.filter((_, i) => i !== idx), ) } className=""p-2 text-rose-400 hover:bg-rose-500/10 rounded-lg transition-colors shrink-0"" title=""حذف السطر"" >"
"src/app/components/lawyer/ExecutionCreationView/components/VisitationCustodyExtrasSection.tsx",124,1,"button",1,0,"B0-SAFE-explicit-type-button","","<button type=""button"" onClick={() => setCustodyWardNames((prev) => [...prev, ''])} className={`${ecg.addBtn} !mt-0`} >"
"src/app/components/lawyer/ExecutionCreationView/components/VisitationScheduleSetupSection.tsx",178,1,"button",1,0,"B0-SAFE-explicit-type-button","","<button key={label} type=""button"" onClick={() => toggleWeekDay(dow)} className={`${ecg.chipToggle} ${ (draft.weekDays ?? []).includes(dow) ? ecg.chipToggleActive : ecg.chipToggleIdle }`} >"
"src/app/components/lawyer/ExecutionCreationView/components/VisitationScheduleSetupSection.tsx",198,1,"button",1,0,"B0-SAFE-explicit-type-button","","<button key={value} type=""button"" onClick={() => toggleMonthWeek(value)} className={`${ecg.chipToggle} ${ (draft.monthWeeks ?? []).includes(value) ? ecg.chipToggleActive : ecg.chipToggleIdle }`} >"
"src/app/components/lawyer/ExecutionCreationView/components/VisitationScheduleSetupSection.tsx",215,1,"button",1,0,"B0-SAFE-explicit-type-button","","<button type=""button"" onClick={onGenerate} className={ecg.saveBtn}>"
"src/app/components/lawyer/ExecutionDashboard/components/ActionGridSectionTiles.tsx",36,1,"button",1,0,"B0-SAFE-explicit-type-button","","<button type=""button"" disabled={executionToolsTimelineLockedUi} onPointerDown={() => prefetchExecutionActionGridTile('followup')} onFocus={() => prefetchExecutionActionGridTile('followup')} onClick={() => { setEmployeeCompulsoryBannerDism"
"src/app/components/lawyer/ExecutionDashboard/components/ActionGridSectionTiles.tsx",53,1,"button",1,0,"B0-SAFE-explicit-type-button","","<button type=""button"" onClick={() => setEmployeeCompulsoryBannerDismissed(true)} className=""min-h-[44px] rounded-lg border border-white/15 px-2.5 py-1.5 text-[10px] font-semibold text-slate-300 hover:bg-white/5 touch-manipulation"" >"
"src/app/components/lawyer/ExecutionDashboard/components/ActionGridSectionTiles.tsx",84,1,"button",1,0,"B0-SAFE-explicit-type-button","","<button type=""button"" disabled={tile.locked} data-testid={ tile.key === 'followup' ? EXECUTION_DOSSIER_TEST_IDS.followupMemo : tile.key === 'decisions' ? EXECUTION_DOSSIER_TEST_IDS.decisions : undefined } onPointerEnter={() => prefetchExe"
"src/app/components/lawyer/ExecutionDashboard/components/ActionGridSectionTiles.tsx",159,1,"button",1,0,"B0-SAFE-explicit-type-button","","<button type=""button"" onPointerEnter={() => prefetchLawReferencePanel()} onClick={() => { prefetchLawReferencePanel(); openLawReference(); }} dir=""rtl"" className={EXECUTION_ACTION_LAW_ROW_CLASS} data-testid=""execution-law-reference-ope"
"src/app/components/lawyer/ExecutionDashboard/components/CoerciveTabLeadBanners.tsx",70,1,"button",1,0,"B0-SAFE-explicit-type-button","","<button type=""button"" onClick={(e) => { e.stopPropagation(); registerDebtorVoluntaryAttendance(); }} className=""flex-1 min-h-[44px] bg-emerald-600 hover:bg-emerald-500 text-white font-bold text-xs py-2.5 rounded-xl flex items-center just"
"src/app/components/lawyer/ExecutionDashboard/components/CoerciveTabLeadBanners.tsx",82,1,"button",1,0,"B0-SAFE-explicit-type-button","","<button type=""button"" onClick={(e) => { e.stopPropagation(); openExecutionSeizuresTab(); }} className=""flex-1 min-h-[44px] border border-rose-500/40 bg-rose-950/30 text-rose-100 font-bold text-xs py-2.5 rounded-xl flex items-center justi"
"src/app/components/lawyer/ExecutionDashboard/components/CollapsibleWorkflowToggle.tsx",34,1,"button",1,0,"B0-SAFE-explicit-type-button","","<button type=""button"" aria-expanded={expanded} onClick={() => setExpanded((v) => !v)} className=""flex w-full flex-row-reverse items-center justify-between gap-2 rounded-xl py-1 text-right transition hover:bg-white/5"" >"
"src/app/components/lawyer/ExecutionDashboard/components/communicationsTab/CommunicationAwaitingResultCard.tsx",116,1,"button",1,0,"B0-SAFE-explicit-type-button","","<button type=""button"" onClick={() => setExpanded((p) => !p)} className=""flex w-full items-center gap-2 px-3 py-2.5 text-right min-h-[44px] hover:bg-white/[0.03] touch-manipulation transition-colors"" aria-expanded={expanded} >"
"src/app/components/lawyer/ExecutionDashboard/components/communicationsTab/CommunicationAwaitingResultCard.tsx",153,1,"button",1,0,"B0-SAFE-explicit-type-button","","<button type=""button"" disabled={saving} onClick={onStartNoResponseChoose} className=""rounded-lg border border-amber-500/25 bg-amber-500/8 py-2 text-[10px] font-bold text-amber-100 disabled:opacity-40 min-h-[36px]"" >"
"src/app/components/lawyer/ExecutionDashboard/components/communicationsTab/CommunicationAwaitingResultCard.tsx",161,1,"button",1,0,"B0-SAFE-explicit-type-button","","<button type=""button"" disabled={saving} onClick={onToggleResponseForm} className=""rounded-lg border border-emerald-500/25 bg-emerald-500/8 py-2 text-[10px] font-bold text-emerald-100 disabled:opacity-40 min-h-[36px]"" >"
"src/app/components/lawyer/ExecutionDashboard/components/communicationsTab/CommunicationAwaitingResultCard.tsx",169,1,"button",1,0,"B0-SAFE-explicit-type-button","","<button type=""button"" disabled={saving} onClick={onRequestDismissConfirm} className=""rounded-lg border border-white/10 bg-white/[0.03] py-2 text-[10px] font-bold text-slate-400 disabled:opacity-40 min-h-[36px]"" >"
"src/app/components/lawyer/ExecutionDashboard/components/communicationsTab/CommunicationAwaitingResultFlows.tsx",15,1,"button",1,0,"B0-SAFE-explicit-type-button","","<button type=""button"" disabled={disabled} onClick={onBack} className=""flex w-full items-center gap-1.5 px-3 py-2 text-right min-h-[44px] text-[10px] font-bold text-slate-400 hover:bg-white/[0.03] hover:text-slate-200 touch-manipulation t"
"src/app/components/lawyer/ExecutionDashboard/components/communicationsTab/CommunicationAwaitingResultFlows.tsx",81,1,"button",1,0,"B0-SAFE-explicit-type-button","","<button type=""button"" disabled={saving || !String(draft.result || '').trim()} onClick={onSaveResult} className=""w-full rounded-lg bg-emerald-600/70 py-2 text-[10px] font-black text-white disabled:opacity-40"" >"
"src/app/components/lawyer/ExecutionDashboard/components/communicationsTab/CommunicationAwaitingResultFlows.tsx",120,1,"button",1,0,"B0-SAFE-explicit-type-button","","<button type=""button"" disabled={saving} onClick={onDismissFollowup} className=""rounded-lg border border-slate-500/35 bg-slate-500/15 px-3 py-2 text-[10px] font-black text-slate-100 disabled:opacity-40"" >"
"src/app/components/lawyer/ExecutionDashboard/components/communicationsTab/CommunicationAwaitingResultFlows.tsx",128,1,"button",1,0,"B0-SAFE-explicit-type-button","","<button type=""button"" disabled={saving} onClick={onCancelDismissConfirm} className=""rounded-lg px-3 py-2 text-[10px] font-bold text-slate-400"" >"
"src/app/components/lawyer/ExecutionDashboard/components/communicationsTab/CommunicationAwaitingResultFlows.tsx",186,1,"button",1,0,"B0-SAFE-explicit-type-button","","<button type=""button"" disabled={saving} onClick={onPickNoResponseSameContext} className=""rounded-lg border border-amber-500/30 bg-amber-500/10 px-3 py-2 text-[10px] font-bold text-amber-100 disabled:opacity-40"" >"
"src/app/components/lawyer/ExecutionDashboard/components/communicationsTab/CommunicationAwaitingResultFlows.tsx",194,1,"button",1,0,"B0-SAFE-explicit-type-button","","<button type=""button"" disabled={saving} onClick={() => onPickNoResponseEdit(ctx.letterDate, ctx.outcomeBody)} className=""rounded-lg border border-white/12 bg-white/[0.04] px-3 py-2 text-[10px] font-bold text-slate-200 disabled:opacity-40"
"src/app/components/lawyer/ExecutionDashboard/components/communicationsTab/CommunicationAwaitingResultFlows.tsx",220,1,"button",1,0,"B0-SAFE-explicit-type-button","","<button type=""button"" disabled={saving} onClick={onConfirmNoResponseSame} className=""rounded-lg border border-amber-500/35 bg-amber-500/15 px-3 py-2 text-[10px] font-black text-amber-50 disabled:opacity-40"" >"
"src/app/components/lawyer/ExecutionDashboard/components/communicationsTab/CommunicationAwaitingResultFlows.tsx",228,1,"button",1,0,"B0-SAFE-explicit-type-button","","<button type=""button"" disabled={saving} onClick={onCancelNoResponseFlow} className=""rounded-lg px-3 py-2 text-[10px] font-bold text-slate-400"" >"
"src/app/components/lawyer/ExecutionDashboard/components/communicationsTab/CommunicationAwaitingResultFlows.tsx",280,1,"button",1,0,"B0-SAFE-explicit-type-button","","<button type=""button"" disabled={saving} onClick={() => onConfirmNoResponseEdit( ui.noResponseEditDate ?? ctx.letterDate, ui.noResponseEditBody ?? '', ) } className=""rounded-lg border border-amber-500/35 bg-amber-500/15 px-3 py-2 text-[10"
"src/app/components/lawyer/ExecutionDashboard/components/communicationsTab/CommunicationAwaitingResultFlows.tsx",293,1,"button",1,0,"B0-SAFE-explicit-type-button","","<button type=""button"" disabled={saving} onClick={onCancelNoResponseFlow} className=""rounded-lg px-3 py-2 text-[10px] font-bold text-slate-400"" >"
"src/app/components/lawyer/ExecutionDashboard/components/communicationsTab/CommunicationCreateForm.tsx",63,1,"button",1,0,"B0-SAFE-explicit-type-button","","<button type=""button"" onClick={onCreate} disabled={creating} className=""flex min-h-[44px] w-full items-center justify-center gap-2 rounded-xl border border-indigo-500/30 bg-indigo-600/80 py-3 text-[11px] font-bold text-white hover:bg-ind"
"src/app/components/lawyer/ExecutionDashboard/components/communicationsTab/CommunicationLogEntry.tsx",21,1,"button",1,0,"B0-SAFE-explicit-type-button","","<button type=""button"" onClick={() => setExpanded((p) => !p)} className=""flex w-full items-center gap-2 px-3 py-2.5 text-right min-h-[44px] hover:bg-white/[0.03] touch-manipulation transition-colors"" aria-expanded={expanded} >"
"src/app/components/lawyer/ExecutionDashboard/components/CreditorPartyCardCollapsed.tsx",95,1,"button",1,0,"B0-SAFE-explicit-type-button","","<button type=""button"" onClick={(e) => { e.stopPropagation(); onOpenDecisionsAppealsTab(); }} className=""max-w-[10rem] shrink-0 truncate inline-flex items-center rounded-md border border-red-500/20 bg-red-500/10 px-2 py-0.5 text-[10px] fo"
"src/app/components/lawyer/ExecutionDashboard/components/CreditorPartyCardCollapsed.tsx",131,1,"button",1,0,"B0-SAFE-explicit-type-button","","<button type=""button"" onClick={(e) => { e.stopPropagation(); onOpenDecisionsAppealsTab(); }} className=""max-w-[10rem] shrink-0 truncate inline-flex items-center rounded-md border border-red-500/20 bg-red-500/10 px-2 py-0.5 text-[10px] fo"
"src/app/components/lawyer/ExecutionDashboard/components/custodyRemoval/CustodyRemovalWardsModule.tsx",45,1,"button",1,0,"B0-SAFE-explicit-type-button","","<button type=""button"" onClick={() => setModuleExpanded((prev) => !prev)} className=""flex w-full items-center justify-between border-b border-white/[0.06] px-2.5 py-2 min-h-[44px] hover:bg-white/[0.03] touch-manipulation transition-colors"
"src/app/components/lawyer/ExecutionDashboard/components/custodyRemoval/WardDeliveryRow.tsx",82,1,"button",1,0,"B0-SAFE-explicit-type-button","","<button type=""button"" onClick={onToggle} className=""flex w-full items-center gap-2 px-2.5 py-2 text-right min-h-[44px] hover:bg-white/[0.04] active:bg-white/[0.06] touch-manipulation transition-colors"" aria-expanded={isExpanded} >"
"src/app/components/lawyer/ExecutionDashboard/components/custodyRemoval/WardDeliveryRow.tsx",117,1,"button",1,0,"B0-SAFE-explicit-type-button","","<button type=""button"" onClick={onOpenRescheduleCalendar} className={`flex w-full items-center justify-center gap-2 rounded-xl border py-2.5 text-[11px] font-black touch-manipulation transition-colors ${ awaitingReschedule ? 'border-[#E6C6"
"src/app/components/lawyer/ExecutionDashboard/components/custodyRemoval/WardDeliveryRow.tsx",141,1,"button",1,0,"B0-SAFE-explicit-type-button","","<button type=""button"" onClick={() => onSaveAppointment(effectiveDate)} disabled={!effectiveDate} className=""h-10 shrink-0 rounded-lg bg-[#E6C673] px-3 text-[10px] font-black text-[#0A0F1C] touch-manipulation disabled:cursor-not-allowed d"
"src/app/components/lawyer/ExecutionDashboard/components/custodyRemoval/WardDeliveryRow.tsx",153,1,"button",1,0,"B0-SAFE-explicit-type-button","","<button type=""button"" onClick={onEarlyReceipt} className=""w-full rounded-lg border border-sky-500/25 py-2 text-[10px] font-bold text-sky-100 touch-manipulation min-h-[44px]"" >"
"src/app/components/lawyer/ExecutionDashboard/components/custodyRemoval/WardDeliveryRow.tsx",168,1,"button",1,0,"B0-SAFE-explicit-type-button","","<button type=""button"" onClick={onReceived} className=""flex flex-1 items-center justify-center gap-1 rounded-lg border border-emerald-500/35 py-2 text-[10px] font-bold text-emerald-100 touch-manipulation min-h-[44px]"" >"
"src/app/components/lawyer/ExecutionDashboard/components/custodyRemoval/WardDeliveryRow.tsx",176,1,"button",1,0,"B0-SAFE-explicit-type-button","","<button type=""button"" onClick={onNotReceived} className=""flex flex-1 items-center justify-center gap-1 rounded-lg border border-rose-500/30 py-2 text-[10px] font-bold text-rose-100 touch-manipulation min-h-[44px]"" >"
"src/app/components/lawyer/ExecutionDashboard/components/DashboardHeaderExpandedDetails.tsx",50,1,"button",1,0,"B0-SAFE-explicit-type-button","","<button type=""button"" data-exec-interactive=""true"" onPointerDown={() => prefetchExecutionDossierMetaEdit()} onFocus={() => prefetchExecutionDossierMetaEdit()} onClick={(e) => { e.stopPropagation(); prefetchExecutionDossierMetaEdit(); ex"
"src/app/components/lawyer/ExecutionDashboard/components/DashboardHeaderLinkedDossiers.tsx",27,1,"button",1,0,"B0-SAFE-explicit-type-button","","<button type=""button"" onClick={(e) => { e.stopPropagation(); onOpenLinkedDossier?.(d); }} className=""inline-flex items-center gap-1.5 px-2.5 py-1.5 transition hover:bg-blue-950/45"" >"
"src/app/components/lawyer/ExecutionDashboard/components/DashboardHeaderLinkedDossiers.tsx",39,1,"button",1,0,"B0-SAFE-explicit-type-button","","<button type=""button"" onClick={(e) => { e.stopPropagation(); onRemoveLinkedDossier(d.linkedId); }} className=""inline-flex items-center justify-center border-l border-blue-500/20 px-2 transition hover:bg-blue-950/45"" aria-label=""إلغاء ا"
"src/app/components/lawyer/ExecutionDashboard/components/DashboardHeaderSection.tsx",238,1,"button",1,0,"B0-SAFE-explicit-type-button","","<button type=""button"" onClick={(e) => { e.stopPropagation(); onRequestTransferFileNumberChange?.(); }} className=""pointer-events-auto mb-0.5 text-[10px] font-bold leading-none text-amber-200/85 hover:text-amber-100 transition-colors"" >"
"src/app/components/lawyer/ExecutionDashboard/components/DashboardHeaderSection.tsx",256,1,"button",1,0,"B0-SAFE-explicit-type-button","","<button type=""button"" onClick={(e) => { e.stopPropagation(); onCopyLinkToken?.(); }} className=""pointer-events-auto inline-flex shrink-0 items-center gap-0.5 rounded-md border border-amber-500/20 bg-amber-950/30 px-1.5 py-0.5 text-[10px]"
"src/app/components/lawyer/ExecutionDashboard/components/DashboardHeaderStatusBanners.tsx",62,1,"button",1,0,"B0-SAFE-explicit-type-button","","<button type=""button"" onClick={handleResumeExecution} className=""mt-2.5 w-full min-h-[44px] rounded-lg border border-emerald-500/30 bg-transparent py-2 text-[10px] font-bold text-emerald-100 hover:bg-emerald-950/40 touch-manipulation"" >"
"src/app/components/lawyer/ExecutionDashboard/components/DashboardHeaderStatusBanners.tsx",91,1,"button",1,0,"B0-SAFE-explicit-type-button","","<button type=""button"" onClick={handleLiftStayOfExecution} className=""w-full min-h-[44px] rounded-lg border border-emerald-500/28 bg-transparent py-2 text-[10px] font-bold text-emerald-100 hover:bg-emerald-950/35 touch-manipulation"" >"
"src/app/components/lawyer/ExecutionDashboard/components/DashboardHeaderSubFileNumberEditor.tsx",26,1,"button",1,0,"B0-SAFE-explicit-type-button","","<button type=""button"" onClick={(e) => { e.stopPropagation(); setSubFileNumberEditorOpen((v) => !v); }} className={`pointer-events-auto shrink-0 tabular-nums text-[1.0625rem] font-bold leading-none transition-colors sm:text-lg ${ subFileRe"
"src/app/components/lawyer/ExecutionDashboard/components/DashboardHeaderSubFileNumberEditor.tsx",69,1,"button",1,0,"B0-SAFE-explicit-type-button","","<button type=""button"" onClick={(e) => onSave(e)} className=""mt-2 w-full min-h-[44px] rounded-lg border border-emerald-500/35 bg-emerald-950/45 py-1.5 text-[10px] font-bold text-emerald-100 hover:bg-emerald-950/60 touch-manipulation"" >"
"src/app/components/lawyer/ExecutionDashboard/components/debtorCardRow/DebtorCardRowInlineStatusChips.tsx",33,1,"button",1,0,"B0-SAFE-explicit-type-button","","<button type=""button"" onClick={(e) => { e.stopPropagation(); onOpenAppeals(); }} className=""shrink-0 whitespace-nowrap inline-flex items-center rounded-md border border-red-500/20 bg-red-500/10 px-2 py-0.5 text-[10px] font-normal text-re"
"src/app/components/lawyer/ExecutionDashboard/components/debtorCardRow/DebtorCardRowInlineStatusChips.tsx",46,1,"button",1,0,"B0-SAFE-explicit-type-button","","<button type=""button"" onClick={(e) => { e.stopPropagation(); onUnservedMemo(); }} className=""shrink-0 whitespace-nowrap rounded-md border border-amber-500/35 bg-amber-500/10 px-2 py-0.5 text-[10px] font-bold text-amber-100 hover:bg-amber"
"src/app/components/lawyer/ExecutionDashboard/components/DebtorCardRowExpandedDetails.tsx",39,1,"button",1,0,"B0-SAFE-explicit-type-button","","<button type=""button"" onClick={() => openHeirsNotificationCenter()} className=""mb-2 w-full rounded-xl border border-cyan-400/45 bg-cyan-950/35 px-3 py-2 text-[10px] font-black text-cyan-100 hover:bg-cyan-900/40"" >"
"src/app/components/lawyer/ExecutionDashboard/components/DebtorCardRowExpandedDetails.tsx",52,1,"button",1,0,"B0-SAFE-explicit-type-button","","<button type=""button"" disabled={executionToolsTimelineLockedUi} onClick={() => { if ( activeDebtorIsDeceased && safeActiveDebtorHeirsForNotification.length > 0 ) { openHeirsNotificationCenter(); return; } onOpenUnifiedSummonsHub?.({ debto"
"src/app/components/lawyer/ExecutionDashboard/components/DebtorEntityKindSegment.tsx",34,1,"button",1,0,"B0-SAFE-explicit-type-button","","<button key={kind} type=""button"" disabled={ disabled || (lockedEntityKind != null && kind !== lockedEntityKind) } onClick={() => { if ( disabled || active || (lockedEntityKind != null && kind !== lockedEntityKind) ) { return; } onChange(k"
"src/app/components/lawyer/ExecutionDashboard/components/DebtorMemoBadgePortal.tsx",52,1,"button",1,0,"B0-SAFE-explicit-type-button","","<button type=""button"" aria-label=""إغلاق"" onClick={() => setExecutionMemoBadgePopoverOpen( false ) } className={EXEC_MODAL_CLOSE_BTN_CLASS} >"
"src/app/components/lawyer/ExecutionDashboard/components/DebtorMemoBadgePortal.tsx",115,1,"button",1,0,"B0-SAFE-explicit-type-button","","<button type=""button"" onClick={() => { setExecutionMemoBadgePopoverOpen(false); onOpenUnifiedSummonsHub({ debtorKey: null, initialMainTab: 'tabligh', }); }} className=""w-full rounded-xl border border-cyan-500/35 bg-cyan-950/40 py-2.5 tex"
"src/app/components/lawyer/ExecutionDashboard/components/DebtorsSection.tsx",178,1,"button",1,0,"B0-SAFE-explicit-type-button","","<button key={ liabilityGroupTabsMode ? (item as DebtorLiabilityGroup).tabKey : (item as DebtorWorkspaceEntryContract).key } type=""button"" onClick={() => setExecutionDebtorTabIndex(ti)} className={`shrink-0 rounded-lg border px-3 py-2 text"
"src/app/components/lawyer/ExecutionDashboard/components/DebtorSummonsMarkerPortal.tsx",53,1,"button",1,0,"B0-SAFE-explicit-type-button","","<button type=""button"" aria-label=""إغلاق"" onClick={() => setSummonsMarkerPopoverOpen(false) } className={EXEC_MODAL_CLOSE_BTN_CLASS} >"
"src/app/components/lawyer/ExecutionDashboard/components/DebtorSummonsMarkerPortal.tsx",104,1,"button",1,0,"B0-SAFE-explicit-type-button","","<button type=""button"" onClick={ saveSummonsMarkerPurposeEdit } className=""rounded-lg bg-emerald-600/85 py-2 text-[11px] font-bold text-white shadow-md shadow-emerald-950/20"" >"
"src/app/components/lawyer/ExecutionDashboard/components/DebtorSummonsMarkerPortal.tsx",113,1,"button",1,0,"B0-SAFE-explicit-type-button","","<button type=""button"" onClick={() => { setSummonsMarkerPopoverOpen( false ); clearDebtorSummonsMarker(); }} className=""rounded-lg border border-rose-500/45 bg-rose-950/45 py-2 text-[11px] font-bold text-rose-200"" >"
"src/app/components/lawyer/ExecutionDashboard/components/DossierActionFormUi.tsx",212,1,"button",1,0,"B0-SAFE-explicit-type-button","","<button type=""button"" onClick={onCancel} className={`flex-1 rounded-xl border border-white/10 py-2.5 text-[11px] font-bold text-slate-300 transition hover:bg-white/5 ${EXEC_MODAL_TOUCH_TARGET}`} >"
"src/app/components/lawyer/ExecutionDashboard/components/DossierActionFormUi.tsx",219,1,"button",1,0,"B0-SAFE-explicit-type-button","","<button type=""button"" onClick={onConfirm} disabled={disabled || saving} className={`flex flex-1 items-center justify-center gap-1.5 rounded-xl border border-amber-500/30 bg-amber-600/80 py-2.5 text-[11px] font-bold text-white transition h"
"src/app/components/lawyer/ExecutionDashboard/components/DossierActionsModal.tsx",66,1,"button",1,0,"B0-SAFE-explicit-type-button","","<button type=""button"" onClick={onClose} className={EXEC_MODAL_CLOSE_BTN_CLASS} aria-label=""إغلاق"" >"
"src/app/components/lawyer/ExecutionDashboard/components/DossierControlsTab.tsx",207,1,"button",1,0,"B0-SAFE-explicit-type-button","","<button type=""button"" aria-expanded={expanded} onClick={handleHeaderClick} className={`w-full ${DOSSIER_BTN_BASE} ${item.toneHover}`} >"
"src/app/components/lawyer/ExecutionDashboard/components/DossierLifecyclePanel.tsx",121,1,"button",1,0,"B0-SAFE-explicit-type-button","","<button key={s} type=""button"" onClick={() => { if (typeof handleDossierLifecyclePick === 'function') { handleDossierLifecyclePick(s); } }} className={`w-full min-h-[44px] rounded-lg border px-2 py-2 text-right text-[10px] font-bold transi"
"src/app/components/lawyer/ExecutionDashboard/components/DossierLifecyclePanel.tsx",142,1,"button",1,0,"B0-SAFE-explicit-type-button","","<button type=""button"" className=""mb-2 block w-full text-right text-[9px] text-amber-300/95 hover:underline"" onClick={() => { setDossierLifecyclePanelPhase('menu'); setDossierPendingStatus(null); }} >"
"src/app/components/lawyer/ExecutionDashboard/components/DossierLifecyclePanel.tsx",181,1,"button",1,0,"B0-SAFE-explicit-type-button","","<button type=""button"" onClick={confirmDetails} className=""mt-1 rounded-lg bg-amber-800/75 py-2 text-[10px] font-bold text-amber-50 hover:bg-amber-700/85"" >"
"src/app/components/lawyer/ExecutionDashboard/components/DossierMetaEditSection.tsx",118,1,"button",1,0,"B0-SAFE-explicit-type-button","","<button type=""button"" onClick={close} className={EXEC_MODAL_CLOSE_BTN_CLASS} aria-label=""إغلاق"" >"
"src/app/components/lawyer/ExecutionDashboard/components/DossierMetaEditSection.tsx",136,1,"button",1,0,"B0-SAFE-explicit-type-button","","<button type=""button"" onClick={() => { setDossierMetaDraft(liveDraft); saveDossierMetaDraft(liveDraft); }} className={`${EXEC_OVERLAY_PRIMARY_BTN} w-full`} >"
"src/app/components/lawyer/ExecutionDashboard/components/DossierSwitcher.tsx",119,1,"button",1,0,"B0-SAFE-explicit-type-button","","<button type=""button"" onClick={handleParentClick} className={`flex flex-1 min-h-[44px] items-center justify-center gap-1.5 rounded-lg py-1.5 text-[10px] font-bold transition-all touch-manipulation ${!isInaba ? 'bg-amber-500/20 text-amber-"
"src/app/components/lawyer/ExecutionDashboard/components/DossierSwitcher.tsx",128,1,"button",1,0,"B0-SAFE-explicit-type-button","","<button type=""button"" onClick={handleSubClick} className={`flex flex-1 min-h-[44px] items-center justify-center gap-1.5 rounded-lg py-1.5 text-[10px] font-bold transition-all touch-manipulation ${isInaba ? 'bg-indigo-500/20 text-indigo-30"
"src/app/components/lawyer/ExecutionDashboard/components/EncroachmentApprovedDetailsCollapsible.tsx",14,1,"button",1,0,"B0-SAFE-explicit-type-button","","<button type=""button"" onClick={props.onToggle} className=""w-full flex flex-row-reverse items-center justify-between gap-2 px-3 py-2.5 text-right hover:bg-white/[0.03] transition-colors"" >"
"src/app/components/lawyer/ExecutionDashboard/components/encroachmentRemoval/encroachmentDecisionHelpers.tsx",65,1,"button",1,0,"B0-SAFE-explicit-type-button","","<button type=""button"" onClick={() => onOpenDecisions(decisionId, row)} className=""mt-2 w-full rounded-xl border border-amber-500/35 bg-amber-500/10 px-3 py-2 text-[11px] font-extrabold text-amber-200 hover:bg-amber-500/15"" >"
"src/app/components/lawyer/ExecutionDashboard/components/encroachmentRemoval/EncroachmentMachineryRequestCard.tsx",107,1,"button",1,0,"B0-SAFE-explicit-type-button","","<button type=""button"" onClick={() => { if (inProgress) return; setInlineActionGateKey('encroachment_machinery_send'); }} className={PROCEDURE_BUTTON_CLASS} >"
"src/app/components/lawyer/ExecutionDashboard/components/encroachmentRemoval/EncroachmentMachineryRequestCard.tsx",194,1,"button",1,0,"B0-SAFE-explicit-type-button","","<button type=""button"" onClick={() => saveMachineryDetails(String(machineryRow.id))} className=""w-full rounded-xl border border-emerald-500/35 bg-emerald-500/10 px-3 py-2 text-[11px] font-extrabold text-emerald-200 hover:bg-emerald-500/15"
"src/app/components/lawyer/ExecutionDashboard/components/encroachmentRemoval/EncroachmentSurveyorRequestCard.tsx",104,1,"button",1,0,"B0-SAFE-explicit-type-button","","<button type=""button"" onClick={() => { if (inProgress) return; setInlineActionGateKey('encroachment_surveyor_send'); }} className={PROCEDURE_BUTTON_CLASS} >"
"src/app/components/lawyer/ExecutionDashboard/components/encroachmentRemoval/EncroachmentSurveyorRequestCard.tsx",188,1,"button",1,0,"B0-SAFE-explicit-type-button","","<button type=""button"" onClick={() => saveSurveyorDetails(String(surveyorRow.id))} className=""w-full rounded-xl border border-emerald-500/35 bg-emerald-500/10 px-3 py-2 text-[11px] font-extrabold text-emerald-200 hover:bg-emerald-500/15"""
"src/app/components/lawyer/ExecutionDashboard/components/EvictionExpenseFollowupModal.tsx",48,1,"button",1,0,"B0-SAFE-explicit-type-button","","<button type=""button"" onClick={() => closeEvictionExpenseModal()} className={`${EXEC_MODAL_CLOSE_BTN_CLASS} hover:bg-amber-500/20`} >"
"src/app/components/lawyer/ExecutionDashboard/components/EvictionExpenseFollowupModal.tsx",97,1,"button",1,0,"B0-SAFE-explicit-type-button","","<button type=""button"" onClick={(e) => { e.stopPropagation(); void runEvictionExpenseSubmit(e); }} className={`${EXEC_MODAL_TOUCH_TARGET} flex-1 bg-emerald-600 hover:bg-emerald-500 text-white font-bold py-3 rounded-xl transition-all`} >"
"src/app/components/lawyer/ExecutionDashboard/components/EvictionExpenseFollowupModal.tsx",107,1,"button",1,0,"B0-SAFE-explicit-type-button","","<button type=""button"" onClick={() => closeEvictionExpenseModal()} className={`${EXEC_MODAL_TOUCH_TARGET} flex-1 bg-slate-700/60 border border-slate-600/50 text-slate-200 font-semibold py-3 rounded-xl`} >"
"src/app/components/lawyer/ExecutionDashboard/components/EvictionLawyerFeeFollowupModal.tsx",46,1,"button",1,0,"B0-SAFE-explicit-type-button","","<button type=""button"" onClick={() => closeEvictionLawyerFeeModal()} className={`${EXEC_MODAL_CLOSE_BTN_CLASS} hover:bg-emerald-500/20`} >"
"src/app/components/lawyer/ExecutionDashboard/components/EvictionLawyerFeeFollowupModal.tsx",91,1,"button",1,0,"B0-SAFE-explicit-type-button","","<button type=""button"" onClick={(e) => { e.stopPropagation(); void runEvictionLawyerFeeSubmit(e); }} className={`${EXEC_MODAL_TOUCH_TARGET} flex-1 bg-emerald-600 hover:bg-emerald-500 text-white font-bold py-3 rounded-xl transition-all`} >"
"src/app/components/lawyer/ExecutionDashboard/components/EvictionLawyerFeeFollowupModal.tsx",101,1,"button",1,0,"B0-SAFE-explicit-type-button","","<button type=""button"" onClick={() => closeEvictionLawyerFeeModal()} className={`${EXEC_MODAL_TOUCH_TARGET} flex-1 bg-slate-700/60 border border-slate-600/50 text-slate-200 font-semibold py-3 rounded-xl`} >"
"src/app/components/lawyer/ExecutionDashboard/components/evictionProcedureAfterApprove.tsx",135,1,"button",1,0,"B0-SAFE-explicit-type-button","","<button type=""button"" onClick={() => saveEvictionFieldVisitSchedule(decisionId, d)} className=""w-full rounded-xl bg-gradient-to-l from-amber-500 to-yellow-600 py-2.5 text-[11px] font-black text-[#0A0F1C]"" >"
"src/app/components/lawyer/ExecutionDashboard/components/evictionProcedures/EvictionProceduresSectionBody.tsx",46,1,"button",1,0,"B0-SAFE-explicit-type-button","","<button type=""button"" disabled={executionCoerciveButtonDisabled} onClick={() => handleEndGracePeriod()} title=""مهلة"" aria-label=""مهلة"" className={`w-full sm:w-[108px] sm:shrink-0 text-right rounded-2xl px-4 py-3.5 transition-all borde"
"src/app/components/lawyer/ExecutionDashboard/components/evictionProcedures/renderEvictionProcedurePanel.tsx",91,1,"button",1,0,"B0-SAFE-explicit-type-button","","<button type=""button"" onClick={() => openAppeals(decisionId, row)} className=""w-full rounded-xl border border-amber-500/35 bg-amber-500/10 px-3 py-2 text-[11px] font-extrabold text-amber-200 hover:bg-amber-500/15"" >"
"src/app/components/lawyer/ExecutionDashboard/components/EvictionResidentialGraceFollowupModal.tsx",62,1,"button",1,0,"B0-SAFE-explicit-type-button","","<button type=""button"" onClick={() => closeEvictionResidentialGraceModal()} className={`${EXEC_MODAL_CLOSE_BTN_CLASS} hover:bg-sky-500/20`} >"
"src/app/components/lawyer/ExecutionDashboard/components/EvictionResidentialGraceFollowupModal.tsx",116,1,"button",1,0,"B0-SAFE-explicit-type-button","","<button type=""button"" onClick={(e) => { e.preventDefault(); e.stopPropagation(); submitEvictionResidentialGraceFromModal(); }} className={`${EXEC_MODAL_TOUCH_TARGET} flex-1 bg-sky-600 hover:bg-sky-500 text-white font-bold py-3 rounded-xl "
"src/app/components/lawyer/ExecutionDashboard/components/EvictionResidentialGraceFollowupModal.tsx",128,1,"button",1,0,"B0-SAFE-explicit-type-button","","<button type=""button"" onClick={() => closeEvictionResidentialGraceModal()} className={`${EXEC_MODAL_TOUCH_TARGET} ${residentialGraceModalShowPrimarySave ? 'flex-1' : 'w-full'} bg-slate-700/60 border border-slate-600/50 text-slate-200 font"
"src/app/components/lawyer/ExecutionDashboard/components/ExecutionActiveTaskCard.tsx",58,1,"button",1,0,"B0-SAFE-explicit-type-button","","<button type=""button"" onClick={(e) => { e.stopPropagation(); onTogglePin(); }} className={`rounded-lg border p-1.5 transition-colors ${EXEC_MODAL_TOUCH_TARGET} ${ task.pinned ? 'border-amber-400/35 bg-amber-500/15 text-amber-200' : 'borde"
"src/app/components/lawyer/ExecutionDashboard/components/ExecutionActiveTaskCard.tsx",73,1,"button",1,0,"B0-SAFE-explicit-type-button","","<button type=""button"" onClick={(e) => { e.stopPropagation(); onComplete(); }} className={`rounded-lg border border-emerald-400/25 p-1.5 text-emerald-200 hover:bg-emerald-900/40 ${EXEC_MODAL_TOUCH_TARGET}`} title=""إنجاز المهمة"" >"
"src/app/components/lawyer/ExecutionDashboard/components/ExecutionActiveTaskCard.tsx",84,1,"button",1,0,"B0-SAFE-explicit-type-button","","<button type=""button"" onClick={(e) => { e.stopPropagation(); onEdit(); }} className={`rounded-lg border border-amber-400/25 p-1.5 text-amber-100 hover:bg-amber-900/30 ${EXEC_MODAL_TOUCH_TARGET}`} title=""تعديل"" >"
"src/app/components/lawyer/ExecutionDashboard/components/ExecutionActiveTaskCard.tsx",95,1,"button",1,0,"B0-SAFE-explicit-type-button","","<button type=""button"" onClick={(e) => { e.stopPropagation(); onDelete(); }} className={`rounded-lg border border-rose-400/25 p-1.5 text-rose-200 hover:bg-rose-950/40 ${EXEC_MODAL_TOUCH_TARGET}`} title=""حذف"" >"
"src/app/components/lawyer/ExecutionDashboard/components/ExecutionActiveTaskCard.tsx",131,1,"button",1,0,"B0-SAFE-explicit-type-button","","<button type=""button"" onClick={(e) => { e.stopPropagation(); onToggleAllStepsDone(task.steps); }} className=""text-[10px] text-amber-200/90 hover:underline"" >"
"src/app/components/lawyer/ExecutionDashboard/components/ExecutionAppointmentModal.tsx",101,1,"button",1,0,"B0-SAFE-explicit-type-button","","<button type=""button"" onClick={() => { setEditingAppointmentId(String(ev.id)); setAppointmentPurpose(titleOfAppointment(ev)); setAppointmentDateOnly(ymdOfAppointment(ev)); setAppointmentTimeOptional(''); }} className=""flex min-h-[44px] m"
"src/app/components/lawyer/ExecutionDashboard/components/ExecutionAppointmentModal.tsx",115,1,"button",1,0,"B0-SAFE-explicit-type-button","","<button type=""button"" onClick={() => moveTimelineEventToTrash(ev)} className=""flex min-h-[44px] min-w-[44px] touch-manipulation items-center justify-center rounded-lg text-rose-300 transition hover:bg-rose-950/40"" title=""حذف الموعد"" >"
"src/app/components/lawyer/ExecutionDashboard/components/ExecutionAppointmentModal.tsx",221,1,"button",1,0,"B0-SAFE-explicit-type-button","","<button type=""button"" onClick={closeAppointmentModal} className={EXEC_MODAL_CLOSE_BTN_CLASS} aria-label=""إغلاق"" >"
"src/app/components/lawyer/ExecutionDashboard/components/ExecutionAppointmentModal.tsx",255,1,"button",1,0,"B0-SAFE-explicit-type-button","","<button type=""button"" onClick={handleSaveAppointment} className={`${EXEC_OVERLAY_PRIMARY_BTN} mt-3 w-full`} >"
"src/app/components/lawyer/ExecutionDashboard/components/ExecutionCoerciveActionsModalContainer.tsx",56,1,"button",1,0,"B0-SAFE-explicit-type-button","","<button type=""button"" onClick={() => closeCoerciveModal()} className={EXEC_MODAL_CLOSE_BTN_CLASS} >"
"src/app/components/lawyer/ExecutionDashboard/components/ExecutionCoerciveEmployeeSalaryOnlyBranch.tsx",25,1,"button",1,0,"B0-SAFE-explicit-type-button","","<button type=""button"" onClick={() => { if (executionCoerciveButtonDisabled || (daysSinceNoticeCalculated <= 7 && remaining > 0)) return; handleCoerciveAction('salary'); closeCoerciveModal(); }} disabled={executionCoerciveButtonDisabled ||"
"src/app/components/lawyer/ExecutionDashboard/components/ExecutionCoerciveEmployeeSalaryOnlyBranch.tsx",48,1,"button",1,0,"B0-SAFE-explicit-type-button","","<button type=""button"" onClick={() => { if (executionCoerciveButtonDisabled || (daysSinceNoticeCalculated <= 7 && remaining > 0)) return; handleCoerciveAction('property'); closeCoerciveModal(); }} disabled={executionCoerciveButtonDisabled "
"src/app/components/lawyer/ExecutionDashboard/components/ExecutionCoerciveEmployeeSalaryOnlyBranch.tsx",70,1,"button",1,0,"B0-SAFE-explicit-type-button","","<button type=""button"" onClick={() => { if (executionCoerciveButtonDisabled || (daysSinceNoticeCalculated <= 7 && remaining > 0)) return; handleCoerciveAction('vehicle'); closeCoerciveModal(); }} disabled={executionCoerciveButtonDisabled |"
"src/app/components/lawyer/ExecutionDashboard/components/ExecutionCoerciveMonetaryLimitedBranch.tsx",27,1,"button",1,0,"B0-SAFE-explicit-type-button","","<button type=""button"" onClick={() => { if (executionCoerciveButtonDisabled || (daysSinceNoticeCalculated <= 7 && remaining > 0)) return; handleCoerciveAction('salary'); closeCoerciveModal(); }} disabled={executionCoerciveButtonDisabled ||"
"src/app/components/lawyer/ExecutionDashboard/components/ExecutionCoerciveMonetaryLimitedBranch.tsx",50,1,"button",1,0,"B0-SAFE-explicit-type-button","","<button type=""button"" onClick={() => { if (executionCoerciveButtonDisabled || (daysSinceNoticeCalculated <= 7 && remaining > 0)) return; handleCoerciveAction('property'); closeCoerciveModal(); }} disabled={executionCoerciveButtonDisabled "
"src/app/components/lawyer/ExecutionDashboard/components/ExecutionCoerciveMonetaryLimitedBranch.tsx",72,1,"button",1,0,"B0-SAFE-explicit-type-button","","<button type=""button"" onClick={() => { if (executionCoerciveButtonDisabled || (daysSinceNoticeCalculated <= 7 && remaining > 0)) return; handleCoerciveAction('vehicle'); closeCoerciveModal(); }} disabled={executionCoerciveButtonDisabled |"
"src/app/components/lawyer/ExecutionDashboard/components/ExecutionCoerciveStandardBranch.tsx",65,1,"button",1,0,"B0-SAFE-explicit-type-button","","<button type=""button"" disabled={daysSinceNoticeCalculated <= 7 && remaining > 0} onClick={() => { if (daysSinceNoticeCalculated <= 7 && remaining > 0) return; if (!activeDebtorIsEmployee) { showToast('حجز الراتب متاح للمدين الموظف فقط.', "
"src/app/components/lawyer/ExecutionDashboard/components/ExecutionCoerciveStandardBranch.tsx",103,1,"button",1,0,"B0-SAFE-explicit-type-button","","<button type=""button"" disabled={daysSinceNoticeCalculated <= 7 && remaining > 0} onClick={() => { if (daysSinceNoticeCalculated <= 7 && remaining > 0) return; handleCoerciveAction('vehicle'); closeCoerciveModal(); }} className={`w-full bo"
"src/app/components/lawyer/ExecutionDashboard/components/ExecutionCoerciveStandardBranch.tsx",126,1,"button",1,0,"B0-SAFE-explicit-type-button","","<button type=""button"" disabled={daysSinceNoticeCalculated <= 7 && remaining > 0} onClick={() => { if (daysSinceNoticeCalculated <= 7 && remaining > 0) return; handleCoerciveAction('property'); closeCoerciveModal(); }} className={`w-full b"
"src/app/components/lawyer/ExecutionDashboard/components/ExecutionCoerciveStandardBranch.tsx",154,1,"button",1,0,"B0-SAFE-explicit-type-button","","<button type=""button"" disabled={daysSinceNoticeCalculated <= 7 && remaining > 0} onClick={() => { if (daysSinceNoticeCalculated <= 7 && remaining > 0) return; handleCoerciveAction('police_force'); closeCoerciveModal(); }} className={`w-fu"
"src/app/components/lawyer/ExecutionDashboard/components/ExecutionCoerciveStandardBranch.tsx",177,1,"button",1,0,"B0-SAFE-explicit-type-button","","<button type=""button"" disabled={daysSinceNoticeCalculated <= 7 && remaining > 0} onClick={() => { if (daysSinceNoticeCalculated <= 7 && remaining > 0) return; handleCoerciveAction('refusal_record'); closeCoerciveModal(); }} className={`w-"
"src/app/components/lawyer/ExecutionDashboard/components/ExecutionDashboardPhoneBodyDossierChrome.tsx",53,1,"button",1,0,"B0-SAFE-explicit-type-button","","<button type=""button"" onClick={() => setActiveTabId(String(currentFileId || ''))} className={`shrink-0 inline-flex items-center gap-2 rounded-lg px-3 py-1.5 text-[10px] font-bold transition-all ${EXEC_MODAL_TOUCH_TARGET} ${ String(activeT"
"src/app/components/lawyer/ExecutionDashboard/components/ExecutionDashboardPhoneBodyDossierChrome.tsx",79,1,"button",1,0,"B0-SAFE-explicit-type-button","","<button type=""button"" onClick={() => setActiveTabId(String(child.id))} className={`inline-flex items-center gap-2 px-3 py-1.5 text-[10px] font-bold transition-all ${EXEC_MODAL_TOUCH_TARGET} ${ String(activeTabId) === String(child.id) ? 'b"
"src/app/components/lawyer/ExecutionDashboard/components/ExecutionDashboardPhoneBodyDossierChrome.tsx",95,1,"button",1,0,"B0-SAFE-explicit-type-button","","<button type=""button"" onClick={() => { const store = useExecutionDashboardStore.getState(); store.setParentIdForDossier(String(child.id), null); if (String(activeTabId) === String(child.id)) { setActiveTabId(String(currentFileId || '')); "
"src/app/components/lawyer/ExecutionDashboard/components/ExecutionDashboardPhoneBodyHeader.tsx",88,1,"button",1,0,"B0-SAFE-explicit-type-button","","<button type=""button"" onPointerEnter={() => prefetchExecutionDossierActionsOverlay()} onClick={(e) => { e.stopPropagation(); setDossierLifecyclePanelOpen((open) => { const next = !open; if (next) { setDossierLifecyclePanelPhase('menu'); s"
"src/app/components/lawyer/ExecutionDashboard/components/ExecutionDashboardPhoneBodyHeader.tsx",149,1,"button",1,0,"B0-SAFE-explicit-type-button","","<button type=""button"" onPointerEnter={() => { void import('../executionDashboardLazyRegistryOverlays') .then((m) => { m.prefetchExecutionOverlayModals(); }) .catch(() => undefined); }} onClick={() => setShowExecutionTrashModal(true)} data"
"src/app/components/lawyer/ExecutionDashboard/components/ExecutionDashboardPhoneBodyQuaternaryLatePanels.tsx",158,1,"button",1,0,"B0-SAFE-explicit-type-button","","<button type=""button"" onClick={() => { setEvictionGraceHidden(true); if (graceHiddenKey) { try { SecureStoreService.setItemSync(graceHiddenKey, '1'); } catch { /* ignore */ } } }} className=""min-h-[44px] rounded-lg border border-white/10"
"src/app/components/lawyer/ExecutionDashboard/components/ExecutionDashboardPhoneBodyQuaternaryLatePanels.tsx",210,1,"button",1,0,"B0-SAFE-explicit-type-button","","<button type=""button"" onClick={() => { setEvictionGraceHidden(false); if (graceHiddenKey) { try { SecureStoreService.setItemSync(graceHiddenKey, '0'); } catch { /* ignore */ } } }} className=""min-h-[44px] rounded-lg border border-amber-5"
"src/app/components/lawyer/ExecutionDashboard/components/ExecutionDashboardStatusViews.tsx",39,1,"button",1,0,"B0-SAFE-explicit-type-button","","<button type=""button"" onClick={onClose} className=""w-full min-h-[44px] bg-red-600 hover:bg-red-700 text-white font-bold py-3 px-6 rounded-xl transition-all touch-manipulation"" >"
"src/app/components/lawyer/ExecutionDashboard/components/ExecutionDebtorNotificationMemoModalContainer.tsx",70,1,"button",1,0,"B0-SAFE-explicit-type-button","","<button type=""button"" onClick={closeNotificationModal} className={EXEC_MODAL_CLOSE_BTN_CLASS}>"
"src/app/components/lawyer/ExecutionDashboard/components/ExecutionDebtorNotificationMemoModalContainer.tsx",97,1,"button",1,0,"B0-SAFE-explicit-type-button","","<button type=""button"" onClick={() => { const el = document.getElementById('hami-exec-memo-date') as HTMLInputElement | null; if (!el) return; try { const withPicker = el as HTMLInputElement & { showPicker?: () => void }; withPicker.showPi"
"src/app/components/lawyer/ExecutionDashboard/components/ExecutionDecisionsModalContainer.tsx",60,1,"button",1,0,"B0-SAFE-explicit-type-button","","<button type=""button"" onClick={(e) => { e.stopPropagation(); onCloseDecisionsModal(); }} className={EXEC_MODAL_CLOSE_BTN_CLASS} aria-label=""إغلاق"" >"
"src/app/components/lawyer/ExecutionDashboard/components/executionFinancialHub/ExecutionFinancialHubPortalDialog.tsx",46,1,"button",1,0,"B0-SAFE-explicit-type-button","","<button type=""button"" onClick={closeFinancialHub} className={EXEC_MODAL_CLOSE_BTN_CLASS} aria-label=""إغلاق المركز المالي"" >"
"src/app/components/lawyer/ExecutionDashboard/components/ExecutionFollowupInstantFrame.tsx",86,1,"button",1,0,"B0-SAFE-explicit-type-button","","<button type=""button"" data-testid=""execution-followup-modal-close"" data-hami-dialog-close onClick={(e) => { e.stopPropagation(); closeFollowupInstant(); }} className={EXEC_MODAL_CLOSE_BTN_CLASS} aria-label=""إغلاق محضر المتابعة"" >"
"src/app/components/lawyer/ExecutionDashboard/components/ExecutionFollowupModalShell.tsx",114,1,"button",1,0,"B0-SAFE-explicit-type-button","","<button type=""button"" data-testid=""execution-followup-modal-close"" data-hami-dialog-close onClick={(e) => { e.stopPropagation(); forceCloseFollowup(); }} className={EXEC_MODAL_CLOSE_BTN_CLASS} aria-label=""إغلاق محضر المتابعة"" >"
"src/app/components/lawyer/ExecutionDashboard/components/ExecutionFollowupModalShell.tsx",142,1,"button",1,0,"B0-SAFE-explicit-type-button","","<button key={tab.id} type=""button"" role=""tab"" data-followup-tab={tab.id} aria-selected={active} onPointerDown={() => { prefetchExecutionFollowupTab(tab.id); }} onClick={() => { switchFollowupTab(tab.id); }} title={ tab.id === 'personal'"
"src/app/components/lawyer/ExecutionDashboard/components/ExecutionFollowupModalShell.tsx",185,1,"button",1,0,"B0-SAFE-explicit-type-button","","<button key={d.id} type=""button"" onClick={(e) => { e.stopPropagation(); setExecutionDebtorTabIndex(i); }} className={`shrink-0 rounded-xl border px-3 py-2 text-[11px] font-bold ${EXEC_MODAL_TOUCH_TARGET} ${ executionDebtorTabIndex === i ?"
"src/app/components/lawyer/ExecutionDashboard/components/ExecutionFullTimelineModalContainer.tsx",186,1,"button",1,0,"B0-SAFE-explicit-type-button","","<button type=""button"" onClick={closeTimelineModal} className={EXEC_MODAL_CLOSE_BTN_CLASS} aria-label=""إغلاق"" >"
"src/app/components/lawyer/ExecutionDashboard/components/ExecutionHeirsNotificationModalContainer.tsx",88,1,"button",1,0,"B0-SAFE-explicit-type-button","","<button type=""button"" onClick={() => closeHeirsNotificationModal()} className={`${EXEC_MODAL_CLOSE_BTN_CLASS} hover:bg-cyan-500/20`} >"
"src/app/components/lawyer/ExecutionDashboard/components/ExecutionHeirsNotificationModalContainer.tsx",164,1,"button",1,0,"B0-SAFE-explicit-type-button","","<button type=""button"" onClick={() => issueHeirMemoNotice(heir)} className={`${EXEC_MODAL_TOUCH_TARGET} w-full rounded-lg bg-cyan-700/80 py-2 text-[11px] font-bold text-white`} >"
"src/app/components/lawyer/ExecutionDashboard/components/ExecutionHeirsNotificationModalContainer.tsx",179,1,"button",1,0,"B0-SAFE-explicit-type-button","","<button type=""button"" onClick={() => closeHeirMemoManually(heir)} className=""w-full rounded-lg bg-amber-700/80 py-1.5 text-[11px] font-bold text-white"" >"
"src/app/components/lawyer/ExecutionDashboard/components/ExecutionHeirsNotificationModalContainer.tsx",190,1,"button",1,0,"B0-SAFE-explicit-type-button","","<button type=""button"" onClick={() => { if (!summonDatePickerOpen) { setHeirSummonsDatePickerOpenByHeir((prev) => ({ ...prev, [key]: true, })); return; } issueHeirSummons(heir); }} className={`${EXEC_MODAL_TOUCH_TARGET} w-full rounded-lg b"
"src/app/components/lawyer/ExecutionDashboard/components/ExecutionHeirsNotificationModalContainer.tsx",211,1,"button",1,0,"B0-SAFE-explicit-type-button","","<button type=""button"" onClick={() => markHeirSummonsAttended(heir)} className=""flex-1 rounded-lg bg-emerald-700/80 py-1.5 text-[11px] font-bold text-white"" >"
"src/app/components/lawyer/ExecutionDashboard/components/ExecutionHeirsNotificationModalContainer.tsx",218,1,"button",1,0,"B0-SAFE-explicit-type-button","","<button type=""button"" onClick={() => markHeirSummonsPeriodEnded(heir)} className=""flex-1 rounded-lg bg-amber-700/80 py-1.5 text-[11px] font-bold text-white"" >"
"src/app/components/lawyer/ExecutionDashboard/components/ExecutionHeirsQuickViewModal.tsx",54,1,"button",1,0,"B0-SAFE-explicit-type-button","","<button type=""button"" onClick={close} className={EXEC_MODAL_CLOSE_BTN_CLASS} aria-label=""إغلاق عرض الورثة"" >"
"src/app/components/lawyer/ExecutionDashboard/components/ExecutionInlineAccordionStepRow.tsx",91,1,"button",1,0,"B0-SAFE-explicit-type-button","","<button type=""button"" aria-label={open ? 'طي المحتوى' : 'عرض المحتوى'} aria-expanded={open} onClick={() => setOpenById((prev) => ({ ...prev, [s.id]: open ? false : true, })) } className=""min-w-0 flex-1 rounded-lg text-right transition ho"
"src/app/components/lawyer/ExecutionDashboard/components/ExecutionInlineAccordionStepRow.tsx",122,1,"button",1,0,"B0-SAFE-explicit-type-button","","<button type=""button"" aria-label={open ? 'طي التفاصيل' : 'عرض التفاصيل'} aria-expanded={open} onClick={() => setOpenById((prev) => ({ ...prev, [s.id]: !(prev[s.id] ?? false), })) } className=""min-w-0 flex-1 cursor-pointer rounded-lg text"
"src/app/components/lawyer/ExecutionDashboard/components/ExecutionInlineAccordionStepRow.tsx",149,1,"button",1,0,"B0-SAFE-explicit-type-button","","<button type=""button"" aria-label={open ? 'طي التفاصيل' : 'عرض التفاصيل'} aria-expanded={open} onClick={() => setOpenById((prev) => ({ ...prev, [s.id]: !(prev[s.id] ?? false), })) } className=""shrink-0 rounded-md p-0.5 text-gray-500 trans"
"src/app/components/lawyer/ExecutionDashboard/components/ExecutionNotesHistoryPane.tsx",76,1,"button",1,0,"B0-SAFE-explicit-type-button","","<button type=""button"" onClick={() => { const ts = new Date().toISOString(); patchExecutorDecisionRow( p.decisionsStorageExecutionId, hit.decisionId, { breakInventoryFurnitureFinalizedAt: ts, }, ); p.showToast('تم إنهاء الجرد وإغلاق الطلب'"
"src/app/components/lawyer/ExecutionDashboard/components/ExecutionNotesModalHeader.tsx",31,1,"button",1,0,"B0-SAFE-explicit-type-button","","<button type=""button"" onClick={onClose} className={EXEC_MODAL_CLOSE_BTN_CLASS} aria-label=""إغلاق"" >"
"src/app/components/lawyer/ExecutionDashboard/components/ExecutionNotesModalHeader.tsx",47,1,"button",1,0,"B0-SAFE-explicit-type-button","","<button type=""button"" role=""tab"" aria-selected={notesPane === 'compose'} onClick={() => onNotesPaneChange('compose')} className={`${tabBtn} ${notesPane === 'compose' ? EXEC_OVERLAY_SEG_ACTIVE : EXEC_OVERLAY_SEG_IDLE}`} data-testid=""exe"
"src/app/components/lawyer/ExecutionDashboard/components/ExecutionNotesModalHeader.tsx",58,1,"button",1,0,"B0-SAFE-explicit-type-button","","<button type=""button"" role=""tab"" aria-selected={notesPane === 'vault'} onClick={() => onNotesPaneChange('vault')} className={`${tabBtn} ${notesPane === 'vault' ? EXEC_OVERLAY_SEG_ACTIVE : EXEC_OVERLAY_SEG_IDLE}`} data-testid=""execution"
"src/app/components/lawyer/ExecutionDashboard/components/ExecutionOverlayInstantFrame.tsx",81,1,"button",1,0,"B0-SAFE-explicit-type-button","","<button type=""button"" data-testid={closeTestId} data-hami-dialog-close onClick={(e) => { e.stopPropagation(); onClose(); }} className={EXEC_MODAL_CLOSE_BTN_CLASS} aria-label={closeAriaLabel} >"
"src/app/components/lawyer/ExecutionDashboard/components/ExecutionPauseResumeOverlay.tsx",58,1,"button",1,0,"B0-SAFE-explicit-type-button","","<button type=""button"" onClick={() => setShowPauseModal(false)} className={EXEC_MODAL_CLOSE_BTN_CLASS} aria-label=""إغلاق"" >"
"src/app/components/lawyer/ExecutionDashboard/components/ExecutionPauseResumeOverlay.tsx",106,1,"button",1,0,"B0-SAFE-explicit-type-button","","<button type=""button"" onClick={() => { setIsPaused(true); setTimelineEvents((prev) => { const pauseEvent = { id: `pause_${Date.now()}`, type: 'system', title: '⏸️ إيقاف التنفيذ', description: `تم إيقاف التنفيذ قانونياً${ pauseReason ? `: "
"src/app/components/lawyer/ExecutionDashboard/components/ExecutionPauseResumeOverlay.tsx",170,1,"button",1,0,"B0-SAFE-explicit-type-button","","<button type=""button"" onClick={() => { setIsPaused(false); setPauseReason(''); setTimelineEvents((prev) => { const resumeEvent = { id: `resume_${Date.now()}`, type: 'system', title: '▶️ استئناف التنفيذ', description: 'تم استئناف التنفيذ و"
"src/app/components/lawyer/ExecutionDashboard/components/ExecutionPaymentModalContainer.tsx",68,1,"button",1,0,"B0-SAFE-explicit-type-button","","<button type=""button"" onClick={closePaymentModal} className={EXEC_MODAL_CLOSE_BTN_CLASS} >"
"src/app/components/lawyer/ExecutionDashboard/components/ExecutionPaymentModalContainer.tsx",104,1,"button",1,0,"B0-SAFE-explicit-type-button","","<button type=""button"" onClick={handlePayment} className={`${EXEC_MODAL_TOUCH_TARGET} w-full bg-emerald-600 hover:bg-emerald-500 text-white font-bold py-3 rounded-lg transition-colors mt-4`} >"
"src/app/components/lawyer/ExecutionDashboard/components/ExecutionPinnedNotesTray.tsx",66,1,"button",1,0,"B0-SAFE-explicit-type-button","","<button type=""button"" onClick={() => onToggleNotePin(n.id)} className={ isDock ? 'rounded-lg border border-amber-400/30 bg-amber-500/10 p-1 text-amber-200' : 'flex min-h-[44px] min-w-[44px] items-center justify-center rounded-lg border bo"
"src/app/components/lawyer/ExecutionDashboard/components/ExecutionPinnedNotesTray.tsx",79,1,"button",1,0,"B0-SAFE-explicit-type-button","","<button type=""button"" onClick={() => onTrashNote(n.id)} className={ isDock ? 'rounded-lg border border-rose-500/25 p-1 text-rose-300 hover:bg-rose-950/40' : 'flex min-h-[44px] min-w-[44px] items-center justify-center rounded-lg border bor"
"src/app/components/lawyer/ExecutionDashboard/components/ExecutionPinnedNotesTray.tsx",101,1,"button",1,0,"B0-SAFE-explicit-type-button","","<button type=""button"" onClick={(e) => { e.stopPropagation(); setOpen((v) => !v); }} className=""pointer-events-auto absolute left-1.5 top-1.5 flex h-7 min-w-7 items-center justify-center gap-0.5 rounded-full border border-orange-400/40 bg"
"src/app/components/lawyer/ExecutionDashboard/components/ExecutionPinnedNotesTray.tsx",125,1,"button",1,0,"B0-SAFE-explicit-type-button","","<button type=""button"" onClick={() => setOpen((v) => !v)} className=""flex min-h-[44px] w-full items-center justify-between gap-2 rounded-xl border border-white/[0.08] px-3 py-2 text-[11px] font-bold text-slate-200 transition-colors hover:"
"src/app/components/lawyer/ExecutionDashboard/components/ExecutionSolidaryAndEvictionFollowupModalsContainer.tsx",82,1,"button",1,0,"B0-SAFE-explicit-type-button","","<button type=""button"" onClick={closeSolidaryCoerciveTargetModal} className={`${EXEC_MODAL_CLOSE_BTN_CLASS} hover:bg-amber-500/20`} aria-label=""إغلاق"" >"
"src/app/components/lawyer/ExecutionDashboard/components/ExecutionSolidaryAndEvictionFollowupModalsContainer.tsx",102,1,"button",1,0,"B0-SAFE-explicit-type-button","","<button type=""button"" className=""w-full rounded-xl border border-slate-600/50 bg-slate-900/60 p-3 text-right text-sm font-semibold text-white transition-colors hover:border-amber-500/40 hover:bg-slate-800/80"" onClick={() => { const act "
"src/app/components/lawyer/ExecutionDashboard/components/ExecutionTaskComposerForm.tsx",66,1,"button",1,0,"B0-SAFE-explicit-type-button","","<button type=""button"" onClick={onAddStep} className={`${ntm.btnChip} gap-1 px-2 py-1 text-[10px] ${EXEC_MODAL_TOUCH_TARGET}`} >"
"src/app/components/lawyer/ExecutionDashboard/components/ExecutionTaskComposerForm.tsx",90,1,"button",1,0,"B0-SAFE-explicit-type-button","","<button type=""button"" onClick={() => onRemoveStep(step.id)} className={`shrink-0 rounded-lg border border-rose-500/25 p-1.5 text-rose-300 hover:bg-rose-950/40 ${EXEC_MODAL_TOUCH_TARGET}`} >"
"src/app/components/lawyer/ExecutionDashboard/components/ExecutionTaskComposerForm.tsx",117,1,"button",1,0,"B0-SAFE-explicit-type-button","","<button type=""button"" onClick={onSubmit} disabled={!title.trim()} className={ntm.btnPrimary} >"
"src/app/components/lawyer/ExecutionDashboard/components/ExecutionTaskComposerForm.tsx",125,1,"button",1,0,"B0-SAFE-explicit-type-button","","<button type=""button"" onClick={onCancel} className={ntm.btnGhost}>"
"src/app/components/lawyer/ExecutionDashboard/components/ExecutionTasksSection.tsx",137,1,"button",1,0,"B0-SAFE-explicit-type-button","","<button type=""button"" onClick={() => { setShowDoneTasksPanel(!showDoneTasksPanel); if (!showDoneTasksPanel) resetForm(); }} className={showDoneTasksPanel ? ntm.btnChip : ntm.btnChipMuted} >"
"src/app/components/lawyer/ExecutionDashboard/components/ExecutionTasksSection.tsx",147,1,"button",1,0,"B0-SAFE-explicit-type-button","","<button type=""button"" onClick={() => { setShowDoneTasksPanel(false); resetForm(); setShowForm(true); }} className={`${ntm.btnChip} flex items-center gap-1.5`} >"
"src/app/components/lawyer/ExecutionDashboard/components/ExecutionTimelineFilterBar.tsx",83,1,"button",1,0,"B0-SAFE-explicit-type-button","","<button key={label} type=""button"" role=""tab"" aria-selected={active} title={label} ref={(el) => bindChipRef(label, el)} onClick={() => setActiveTimelineFilter(label)} className={`snap-start inline-flex min-h-[44px] shrink-0 touch-manipul"
"src/app/components/lawyer/ExecutionDashboard/components/ExecutionTimelineFilterBar.tsx",124,1,"button",1,0,"B0-SAFE-explicit-type-button","","<button type=""button"" onClick={() => setShowOnlyActiveFileTimeline((v) => !v)} className={`inline-flex min-h-[44px] w-full touch-manipulation items-center justify-center rounded-xl border px-3 text-[10px] font-semibold transition-colors $"
"src/app/components/lawyer/ExecutionDashboard/components/ExecutionToast.tsx",109,1,"button",1,0,"B0-SAFE-explicit-type-button","","<button type=""button"" onClick={onClose} className=""text-gray-400 hover:text-white shrink-0 transition-colors"" aria-label=""إغلاق الإشعار"" >"
"src/app/components/lawyer/ExecutionDashboard/components/ExecutionTransferFileNumberModal.tsx",57,1,"button",1,0,"B0-SAFE-explicit-type-button","","<button type=""button"" onClick={onClose} className={EXEC_MODAL_CLOSE_BTN_CLASS} aria-label=""إغلاق"" >"
"src/app/components/lawyer/ExecutionDashboard/components/ExecutionTransferFileNumberModal.tsx",85,1,"button",1,0,"B0-SAFE-explicit-type-button","","<button type=""button"" onClick={onClose} className={`rounded-xl border border-white/10 bg-white/5 px-4 py-2 text-[11px] font-bold text-slate-200 hover:bg-white/10 transition-colors ${EXEC_MODAL_TOUCH_TARGET}`} >"
"src/app/components/lawyer/ExecutionDashboard/components/ExecutionTransferFileNumberModal.tsx",92,1,"button",1,0,"B0-SAFE-explicit-type-button","","<button type=""button"" onClick={handleConfirm} className={`rounded-xl border border-amber-500/25 bg-amber-950/35 px-4 py-2 text-[11px] font-bold text-amber-200 hover:bg-amber-950/55 hover:border-amber-500/45 transition-colors ${EXEC_MODAL_"
"src/app/components/lawyer/ExecutionDashboard/components/ExecutionTrashModal.tsx",102,1,"button",1,0,"B0-SAFE-explicit-type-button","","<button type=""button"" onClick={onClose} className={EXEC_MODAL_CLOSE_BTN_CLASS} aria-label=""إغلاق"" >"
"src/app/components/lawyer/ExecutionDashboard/components/ExecutionTrashModal.tsx",114,1,"button",1,0,"B0-SAFE-explicit-type-button","","<button type=""button"" onClick={onClose} className=""w-9 shrink-0 opacity-0"" aria-hidden=""true"" >"
"src/app/components/lawyer/ExecutionDashboard/components/ExecutionTrashModal.tsx",204,1,"button",1,0,"B0-SAFE-explicit-type-button","","<button type=""button"" onClick={onRestore} className={`${EXEC_MODAL_TOUCH_TARGET} inline-flex items-center gap-1.5 rounded-lg border border-emerald-500/25 bg-emerald-950/10 px-2.5 py-1 text-[10px] font-bold text-emerald-200 hover:bg-emeral"
"src/app/components/lawyer/ExecutionDashboard/components/ExecutionTrashModal.tsx",212,1,"button",1,0,"B0-SAFE-explicit-type-button","","<button type=""button"" onClick={onPermanentDelete} className={`${EXEC_MODAL_TOUCH_TARGET} rounded-lg border border-rose-500/25 bg-rose-950/10 px-2.5 py-1 text-[10px] font-bold text-rose-200 hover:bg-rose-950/20`} >"
"src/app/components/lawyer/ExecutionDashboard/components/ExecutorDecisionFollowupMirrorViews.tsx",94,1,"button",1,0,"B0-SAFE-explicit-type-button","","<button type=""button"" onClick={() => openDecisions('previous')} className={`w-full rounded-xl border border-slate-500/30 bg-slate-800/40 py-2 text-[10px] font-bold text-slate-200 hover:bg-slate-800/60 ${className}`} >"
"src/app/components/lawyer/ExecutionDashboard/components/ExecutorDecisionFollowupMirrorViews.tsx",110,1,"button",1,0,"B0-SAFE-explicit-type-button","","<button type=""button"" onClick={() => openDecisions('previous')} className=""mt-2 w-full rounded-xl border border-slate-500/30 bg-slate-800/40 py-2 text-[10px] font-bold text-slate-200 hover:bg-slate-800/60"" >"
"src/app/components/lawyer/ExecutionDashboard/components/ExecutorDecisionFollowupMirrorViews.tsx",164,1,"button",1,0,"B0-SAFE-explicit-type-button","","<button type=""button"" onClick={() => openDecisions('previous')} className={`w-full rounded-xl border border-emerald-500/35 bg-emerald-500/10 py-2 text-[10px] font-bold text-emerald-100 hover:bg-emerald-500/15 ${className}`} >"
"src/app/components/lawyer/ExecutionDashboard/components/ExecutorDecisionFollowupMirrorViews.tsx",182,1,"button",1,0,"B0-SAFE-explicit-type-button","","<button type=""button"" onClick={() => openDecisions('previous')} className=""mt-2 w-full rounded-xl border border-emerald-500/35 bg-emerald-500/10 py-2 text-[10px] font-bold text-emerald-100 hover:bg-emerald-500/15"" >"
"src/app/components/lawyer/ExecutionDashboard/components/ExecutorDecisionFollowupMirrorViews.tsx",203,1,"button",1,0,"B0-SAFE-explicit-type-button","","<button type=""button"" onClick={() => openDecisions('previous')} className={`w-full rounded-xl border border-rose-400/35 bg-rose-500/10 py-2 text-[10px] font-bold text-rose-100 hover:bg-rose-500/15 ${className}`} >"
"src/app/components/lawyer/ExecutionDashboard/components/ExecutorDecisionFollowupMirrorViews.tsx",223,1,"button",1,0,"B0-SAFE-explicit-type-button","","<button type=""button"" onClick={() => openDecisions('previous')} className=""mt-2 w-full rounded-xl border border-rose-400/35 bg-rose-500/10 py-2 text-[10px] font-bold text-rose-100 hover:bg-rose-500/15"" >"
"src/app/components/lawyer/ExecutionDashboard/components/ExecutorDecisionFollowupMirrorViews.tsx",243,1,"button",1,0,"B0-SAFE-explicit-type-button","","<button type=""button"" onClick={() => openDecisions('previous')} className=""mt-2 w-full rounded-xl border border-emerald-500/35 bg-emerald-500/10 py-2 text-[10px] font-bold text-emerald-100 hover:bg-emerald-500/15"" >"
"src/app/components/lawyer/ExecutionDashboard/components/FinancialLedgerSection.tsx",155,1,"button",1,0,"B0-SAFE-explicit-type-button","","<button type=""button"" onClick={onClose} className={`rounded-lg p-1.5 text-slate-400 transition hover:bg-white/10 hover:text-white ${EXEC_MODAL_TOUCH_TARGET}`} aria-label=""إغلاق"" >"
"src/app/components/lawyer/ExecutionDashboard/components/FinancialTab.tsx",17,1,"button",1,0,"B0-SAFE-explicit-type-button","","<button type=""button"" onClick={openFinancialHubLedger} onPointerEnter={prefetchFinancialHubSurface} onFocus={prefetchFinancialHubSurface} className=""w-full min-h-[44px] touch-manipulation rounded-xl border border-[#E6C673]/35 bg-[#05060D"
"src/app/components/lawyer/ExecutionDashboard/components/FollowupFlowBackButton.tsx",25,1,"button",1,0,"B0-SAFE-explicit-type-button","","<button type=""button"" aria-label={label} title={label} disabled={disabled} onClick={(e) => { e.preventDefault(); e.stopPropagation(); if (disabled) return; onClick(); }} className={`${BASE} size-7 ${variant === 'overlay' ? 'absolute right"
"src/app/components/lawyer/ExecutionDashboard/components/FollowupProcedureCard.tsx",81,1,"button",1,0,"B0-SAFE-explicit-type-button","","<button type=""button"" disabled={disabled && !hasActiveRequest && !workflowComplete} aria-expanded={inProgress ? panelOpen : undefined} onClick={handleHeaderClick} className={`${HEADER_BTN} rounded-none border-0 ${toneClass} ${ disabled &&"
"src/app/components/lawyer/ExecutionDashboard/components/GuarantorCardExpandButton.tsx",11,1,"button",1,0,"B0-SAFE-explicit-type-button","","<button type=""button"" aria-expanded={expanded} onClick={onToggle} className={`rounded-lg border border-white/10 bg-white/5 p-2 text-slate-200 hover:bg-white/10 ${EXEC_MODAL_TOUCH_TARGET}`} >"
"src/app/components/lawyer/ExecutionDashboard/components/GuarantorFollowupStandaloneCard.tsx",186,1,"button",1,0,"B0-SAFE-explicit-type-button","","<button type=""button"" onClick={() => { onOpenUnifiedSummonsHub?.({ debtorKey: null, initialMainTab: 'guarantor', }) ?? (() => { setSummonsContextDebtorKey?.(null); setSummonsHubInitialMainTab?.('guarantor'); setShowUnifiedSummonsModal?.(t"
"src/app/components/lawyer/ExecutionDashboard/components/GuarantorOverflowMenu.tsx",35,1,"button",1,0,"B0-SAFE-explicit-type-button","","<button ref={anchorRef} type=""button"" aria-expanded={open} aria-label={ariaLabel} onClick={(e) => { e.stopPropagation(); setOpen((v) => !v); }} className={`rounded-lg border border-white/10 bg-white/5 p-2 text-slate-200 hover:bg-white/10 "
"src/app/components/lawyer/ExecutionDashboard/components/GuarantorOverflowMenu.tsx",56,1,"button",1,0,"B0-SAFE-explicit-type-button","","<button key={item.id} type=""button"" className={`w-full px-3 py-2.5 text-right text-[12px] font-bold hover:bg-white/5 ${EXEC_MODAL_TOUCH_TARGET} ${ item.tone === 'amber' ? 'text-amber-100' : item.tone === 'rose' ? 'text-rose-100' : 'text-w"
"src/app/components/lawyer/ExecutionDashboard/components/GuarantorOverflowMenu.tsx",106,1,"button",1,0,"B0-SAFE-explicit-type-button","","<button type=""button"" className={`rounded-xl bg-slate-800 py-2.5 text-[11px] font-bold text-white hover:bg-slate-700 ${EXEC_MODAL_TOUCH_TARGET}`} onClick={onCancel} >"
"src/app/components/lawyer/ExecutionDashboard/components/GuarantorOverflowMenu.tsx",113,1,"button",1,0,"B0-SAFE-explicit-type-button","","<button type=""button"" className={`rounded-xl border border-rose-500/35 bg-rose-950/35 py-2.5 text-[11px] font-black text-rose-100 hover:bg-rose-950/50 ${EXEC_MODAL_TOUCH_TARGET}`} onClick={onConfirm} >"
"src/app/components/lawyer/ExecutionDashboard/components/GuarantorWorkspaceWrapper.tsx",100,1,"button",1,0,"B0-SAFE-explicit-type-button","","<button type=""button"" onClick={() => onOpenAppeals(decisionId)} className=""w-full rounded-xl border border-amber-500/35 bg-amber-500/10 px-3 py-2 text-[11px] font-extrabold text-amber-200 hover:bg-amber-500/15"" >"
"src/app/components/lawyer/ExecutionDashboard/components/GuarantorWorkspaceWrapper.tsx",212,1,"button",1,0,"B0-SAFE-explicit-type-button","","<button type=""button"" disabled={!canSave} onClick={() => { persistGuarantorFollowupDetails(String(name || ''), String(workplace || ''), { salaryIqd: parseIqd(salary), deductionIqd: parseIqd(deduction), }); const ts = new Date().toISOStrin"
"src/app/components/lawyer/ExecutionDashboard/components/GuarantorWorkspaceWrapper.tsx",228,1,"button",1,0,"B0-SAFE-explicit-type-button","","<button type=""button"" onClick={() => onOpenDecisions(decisionId)} className=""w-full rounded-xl border border-white/10 bg-white/5 py-2.5 text-[11px] font-bold text-slate-200 hover:bg-white/10"" >"
"src/app/components/lawyer/ExecutionDashboard/components/GuarantorWorkspaceWrapper.tsx",242,1,"button",1,0,"B0-SAFE-explicit-type-button","","<button type=""button"" aria-expanded={expanded} onClick={() => setExpanded((v) => !v)} className=""flex w-full items-center justify-center gap-2 rounded-xl border border-white/10 bg-black/10 py-2 text-[11px] font-bold text-slate-200 transi"
"src/app/components/lawyer/ExecutionDashboard/components/HeirsQuickViewTrigger.tsx",12,1,"button",1,0,"B0-SAFE-explicit-type-button","","<button type=""button"" className={ className ?? 'pointer-events-auto shrink-0 text-amber-500 text-xl font-bold cursor-pointer hover:underline bg-transparent border-0 p-0' } onPointerDown={(e) => e.stopPropagation()} onMouseDown={(e) => e.s"
"src/app/components/lawyer/ExecutionDashboard/components/HiddenBreakInventoryRequestOptions.tsx",168,1,"button",1,0,"B0-SAFE-explicit-type-button","","<button type=""button"" onClick={finalizeBreakInventory} className=""w-full rounded-xl border border-emerald-500/35 bg-emerald-500/10 px-3 py-2 text-[11px] font-extrabold text-emerald-200 hover:bg-emerald-500/15"" >"
"src/app/components/lawyer/ExecutionDashboard/components/hiddenFollowup/shared/hiddenFollowupChrome.tsx",50,1,"button",1,0,"B0-SAFE-explicit-type-button","","<button type=""button"" onClick={onClick} className={CATALOG_BUTTON_CLASS}>"
"src/app/components/lawyer/ExecutionDashboard/components/hiddenFollowup/shared/hiddenFollowupChrome.tsx",81,1,"button",1,0,"B0-SAFE-explicit-type-button","","<button type=""button"" onClick={onClick} className={BACK_BUTTON_CLASS}>"
"src/app/components/lawyer/ExecutionDashboard/components/hiddenFollowup/shared/hiddenFollowupChrome.tsx",98,1,"button",1,0,"B0-SAFE-explicit-type-button","","<button type=""button"" disabled={disabled} onClick={onClick} className={SUBMIT_BUTTON_CLASS}>"
"src/app/components/lawyer/ExecutionDashboard/components/hiddenFollowup/shared/hiddenFollowupChrome.tsx",113,1,"button",1,0,"B0-SAFE-explicit-type-button","","<button type=""button"" onClick={onClick} className={DECISIONS_FOLLOWUP_BUTTON_CLASS}>"
"src/app/components/lawyer/ExecutionDashboard/components/HiddenGuarantorRequestDetailPanel.tsx",64,1,"button",1,0,"B0-SAFE-explicit-type-button","","<button type=""button"" onClick={() => { setGuarantorExistingWarningOpen(false); handleGuarantorRequestFromFollowup(); }} className=""rounded-xl border border-amber-400/55 bg-amber-950/40 py-2.5 text-[11px] font-extrabold text-amber-100"" >"
"src/app/components/lawyer/ExecutionDashboard/components/HiddenGuarantorRequestDetailPanel.tsx",74,1,"button",1,0,"B0-SAFE-explicit-type-button","","<button type=""button"" onClick={() => setGuarantorExistingWarningOpen(false)} className=""rounded-xl border border-white/10 bg-white/5 py-2.5 text-[11px] font-bold text-slate-200"" >"
"src/app/components/lawyer/ExecutionDashboard/components/LawReferencePanel.tsx",77,1,"button",0,0,"B0-SAFE-explicit-type-button","","<button type=""button"" onPointerDown={(e) => { e.preventDefault(); handleClose(); }} className={EXEC_MODAL_CLOSE_BTN_CLASS} aria-label=""إغلاق"" data-testid=""execution-law-reference-close"" >"
"src/app/components/lawyer/ExecutionDashboard/components/LinkedDossierTimelineModal.tsx",94,1,"button",1,0,"B0-SAFE-explicit-type-button","","<button type=""button"" onClick={onClose} className={EXEC_MODAL_CLOSE_BTN_CLASS} aria-label=""إغلاق"" >"
"src/app/components/lawyer/ExecutionDashboard/components/LinkedDossierTimelineModal.tsx",122,1,"button",1,0,"B0-SAFE-explicit-type-button","","<button type=""button"" className={`rounded-lg border border-slate-600/40 bg-slate-900/40 px-2 py-1 text-[10px] font-semibold text-slate-200 hover:bg-slate-900/60 ${EXEC_MODAL_TOUCH_TARGET}`} onClick={() => { navigator.clipboard.writeText(d"
"src/app/components/lawyer/ExecutionDashboard/components/maritalFurniture/MaritalFurnitureDeliveryRowActions.tsx",55,1,"button",1,0,"B0-SAFE-explicit-type-button","","<button type=""button"" data-testid=""marital-furniture-confirm-outcome"" onClick={onConfirmPending} className={`${MARITAL_FURNITURE_DELIVERY_BTN} flex-1 border-emerald-500/40 bg-emerald-500/15 text-emerald-100 hover:bg-emerald-500/25`} >"
"src/app/components/lawyer/ExecutionDashboard/components/maritalFurniture/MaritalFurnitureDeliveryRowActions.tsx",63,1,"button",1,0,"B0-SAFE-explicit-type-button","","<button type=""button"" data-testid=""marital-furniture-cancel-outcome"" onClick={onCancelPending} className={`${MARITAL_FURNITURE_DELIVERY_BTN} flex-1 border-white/12 bg-white/5 text-slate-300 hover:bg-white/10`} >"
"src/app/components/lawyer/ExecutionDashboard/components/maritalFurniture/MaritalFurnitureDeliveryRowActions.tsx",84,1,"button",1,0,"B0-SAFE-explicit-type-button","","<button type=""button"" disabled={busy} data-testid={`marital-furniture-external-${row.id}`} onClick={() => onRequestOutcome(row.id, 'external_delivered')} className={`${MARITAL_FURNITURE_DELIVERY_BTN} border-sky-500/35 bg-sky-500/10 text-s"
"src/app/components/lawyer/ExecutionDashboard/components/maritalFurniture/MaritalFurnitureDeliveryRowActions.tsx",99,1,"button",1,0,"B0-SAFE-explicit-type-button","","<button type=""button"" disabled={busy} data-testid={`marital-furniture-deliver-${row.id}`} onClick={() => onRequestOutcome(row.id, 'delivered')} className={`${MARITAL_FURNITURE_DELIVERY_BTN} border-emerald-500/35 bg-emerald-500/10 text-eme"
"src/app/components/lawyer/ExecutionDashboard/components/maritalFurniture/MaritalFurnitureDeliveryRowActions.tsx",108,1,"button",1,0,"B0-SAFE-explicit-type-button","","<button type=""button"" disabled={busy} data-testid={`marital-furniture-fail-${row.id}`} onClick={() => onRequestOutcome(row.id, 'failed')} className={`${MARITAL_FURNITURE_DELIVERY_BTN} border-rose-500/35 bg-rose-500/10 text-rose-200 hover:"
"src/app/components/lawyer/ExecutionDashboard/components/maritalFurniture/MaritalFurnitureLauncherCard.tsx",23,1,"button",1,0,"B0-SAFE-explicit-type-button","","<button type=""button"" data-testid=""marital-furniture-launcher"" onClick={onOpen} className=""mx-3 mt-2 w-[calc(100%-1.5rem)] rounded-xl border border-[#E6C673]/20 bg-[#0B1120]/75 px-3 py-2.5 text-right ring-1 ring-white/[0.03] transition"
"src/app/components/lawyer/ExecutionDashboard/components/maritalFurniture/MaritalFurnitureSchedulePanel.tsx",45,1,"button",1,0,"B0-SAFE-explicit-type-button","","<button type=""button"" data-testid=""marital-furniture-save-schedule"" disabled={savingSchedule || !(scheduleYmdDraft || scheduleYmd).trim()} onClick={handleSaveSchedule} className=""inline-flex flex-1 min-h-[44px] items-center justify-cen"
"src/app/components/lawyer/ExecutionDashboard/components/maritalFurniture/MaritalFurnitureSchedulePanel.tsx",55,1,"button",1,0,"B0-SAFE-explicit-type-button","","<button type=""button"" onClick={() => { setEditingSchedule(false); setScheduleYmdDraft(''); }} className=""inline-flex min-h-[44px] items-center justify-center rounded-xl border border-white/12 bg-white/5 px-3 py-2 text-xs font-bold text-s"
"src/app/components/lawyer/ExecutionDashboard/components/maritalFurniture/MaritalFurnitureSchedulePanel.tsx",74,1,"button",1,0,"B0-SAFE-explicit-type-button","","<button type=""button"" onClick={() => { setScheduleYmdDraft(scheduleYmd); setEditingSchedule(true); }} className=""shrink-0 inline-flex min-h-[44px] items-center gap-1 rounded-lg border border-sky-500/30 bg-sky-500/10 px-2.5 py-1.5 text-[1"
"src/app/components/lawyer/ExecutionDashboard/components/maritalFurniture/MaritalFurnitureSchedulePanel.tsx",91,1,"button",1,0,"B0-SAFE-explicit-type-button","","<button type=""button"" onClick={unlockEarlyDelivery} className=""w-full text-[10px] font-bold text-amber-300/90 underline underline-offset-2 text-right touch-manipulation min-h-[44px]"" >"
"src/app/components/lawyer/ExecutionDashboard/components/maritalFurniture/MaritalFurnitureWorkspaceBody.tsx",108,1,"button",1,0,"B0-SAFE-explicit-type-button","","<button type=""button"" onClick={startEdit} className=""mt-4 inline-flex min-h-[44px] items-center rounded-xl border border-[#E6C673]/35 bg-[#E6C673]/10 px-4 py-2 text-xs font-bold text-[#E6C673] hover:bg-[#E6C673]/20 touch-manipulation"" >"
"src/app/components/lawyer/ExecutionDashboard/components/maritalFurniture/MaritalFurnitureWorkspaceSheet.tsx",40,1,"button",1,0,"B0-SAFE-explicit-type-button","","<button type=""button"" data-testid=""marital-furniture-close"" onClick={onClose} className=""inline-flex min-h-[44px] min-w-[44px] items-center justify-center rounded-xl border border-white/10 bg-white/5 text-slate-300 hover:bg-white/10 to"
"src/app/components/lawyer/ExecutionDashboard/components/OtherPartyEffectiveRequestsPanel.tsx",78,1,"button",1,0,"B0-SAFE-explicit-type-button","","<button type=""button"" aria-expanded={expanded} onClick={() => setExpanded((v) => !v)} className=""flex w-full flex-row-reverse items-center justify-between gap-2 border-b border-white/5 px-3 py-2 text-right transition hover:bg-white/[0.03"
"src/app/components/lawyer/ExecutionDashboard/components/OtherPartyManualRequestBlock.tsx",188,1,"button",1,0,"B0-SAFE-explicit-type-button","","<button type=""button"" disabled={submitting} onClick={() => void handleCreditorSubmit()} className={`${BTN_PRIMARY} border-sky-400/25 bg-sky-500/10 text-sky-100 hover:bg-sky-500/16`} >"
"src/app/components/lawyer/ExecutionDashboard/components/OtherPartyManualRequestBlock.tsx",198,1,"button",1,0,"B0-SAFE-explicit-type-button","","<button type=""button"" disabled={submitting} onClick={() => void handleCreditorSubmit()} className={`${BTN_PRIMARY} border-amber-400/25 bg-amber-500/10 text-amber-50 hover:bg-amber-500/16`} >"
"src/app/components/lawyer/ExecutionDashboard/components/OtherPartyManualRequestBlock.tsx",220,1,"button",1,0,"B0-SAFE-explicit-type-button","","<button type=""button"" disabled={Boolean(resolving)} onClick={(e) => { e.stopPropagation(); applyOutcome('approved'); }} className={`${BTN_ROW} bg-emerald-500/10 text-emerald-100 hover:bg-emerald-500/16 disabled:pointer-events-none disable"
"src/app/components/lawyer/ExecutionDashboard/components/OtherPartyManualRequestBlock.tsx",232,1,"button",1,0,"B0-SAFE-explicit-type-button","","<button type=""button"" disabled={Boolean(resolving)} onClick={(e) => { e.stopPropagation(); applyOutcome('rejected'); }} className={`${BTN_ROW} bg-rose-500/8 text-rose-100 hover:bg-rose-500/14 disabled:pointer-events-none disabled:opacity-"
"src/app/components/lawyer/ExecutionDashboard/components/OtherPartyManualRequestBlock.tsx",245,1,"button",1,0,"B0-SAFE-explicit-type-button","","<button type=""button"" onClick={() => creditorTrackHandlers.onOpenDecision!(displayState.decisionId!) } className=""shrink-0 min-h-[44px] rounded-md border border-white/10 px-2 py-1.5 text-[8px] font-bold text-slate-400 hover:text-slate-20"
"src/app/components/lawyer/ExecutionDashboard/components/OtherPartyManualRequestBlock.tsx",265,1,"button",1,0,"B0-SAFE-explicit-type-button","","<button type=""button"" onClick={handleOpenAppealsAndDismiss} className={`${BTN_ROW} border border-[#E6C673]/30 bg-[#E6C673]/10 text-[#F5E6A8] hover:bg-[#E6C673]/16`} >"
"src/app/components/lawyer/ExecutionDashboard/components/PartyEditModal.tsx",58,1,"button",1,0,"B0-SAFE-explicit-type-button","","<button type=""button"" onClick={close} className={EXEC_MODAL_CLOSE_BTN_CLASS} aria-label=""إغلاق"" >"
"src/app/components/lawyer/ExecutionDashboard/components/PartyEditModal.tsx",109,1,"button",1,0,"B0-SAFE-explicit-type-button","","<button type=""button"" onClick={savePartyEditDraft} className={`${EXEC_MODAL_EDIT_PRIMARY_BTN_CLASS} bg-emerald-800/80 text-white hover:bg-emerald-700/90`} >"
"src/app/components/lawyer/ExecutionDashboard/components/PartyEditModalHeirsEditor.tsx",43,1,"button",1,0,"B0-SAFE-explicit-type-button","","<button type=""button"" onClick={() => togglePartyEditHeirClient(heirIdx)} className={`rounded-lg border px-2 py-1 text-[9px] font-extrabold transition ${EXEC_MODAL_TOUCH_TARGET} ${ heir.isClient ? 'border-[#E6C673]/55 bg-[#E6C673]/15 text-"
"src/app/components/lawyer/ExecutionDashboard/components/PartyEditModalHeirsEditor.tsx",64,1,"button",1,0,"B0-SAFE-explicit-type-button","","<button type=""button"" onClick={() => setPartyEditHeirDeleteConfirmIdx(heirIdx)} className={`rounded-lg p-1.5 text-rose-400 transition hover:bg-rose-950/40 hover:text-rose-300 ${EXEC_MODAL_TOUCH_TARGET}`} title=""حذف الوريث"" aria-label="""
"src/app/components/lawyer/ExecutionDashboard/components/PartyEditModalHeirsEditor.tsx",85,1,"button",1,0,"B0-SAFE-explicit-type-button","","<button type=""button"" className={`rounded-lg bg-rose-700/85 px-3 py-1.5 text-[10px] font-bold text-white hover:bg-rose-600/90 ${EXEC_MODAL_TOUCH_TARGET}`} onClick={() => removeHeirFromPartyEditDraftAtIndex(heirIdx) } >"
"src/app/components/lawyer/ExecutionDashboard/components/PartyEditModalHeirsEditor.tsx",94,1,"button",1,0,"B0-SAFE-explicit-type-button","","<button type=""button"" className={`rounded-lg border border-slate-500/60 px-3 py-1.5 text-[10px] font-bold text-slate-200 hover:bg-slate-800/80 ${EXEC_MODAL_TOUCH_TARGET}`} onClick={() => setPartyEditHeirDeleteConfirmIdx(null)} >"
"src/app/components/lawyer/ExecutionDashboard/components/PermanentDeleteConfirmDialog.tsx",33,1,"button",1,0,"B0-SAFE-explicit-type-button","","<button type=""button"" onClick={() => setPermanentDeleteTimelineId(null)} className=""rounded-lg border border-slate-600 px-3 py-2 text-xs font-bold text-slate-300 hover:bg-slate-800"" >"
"src/app/components/lawyer/ExecutionDashboard/components/PermanentDeleteConfirmDialog.tsx",40,1,"button",1,0,"B0-SAFE-explicit-type-button","","<button type=""button"" onClick={() => { if (permanentDeleteTimelineId) { permanentlyDeleteTimelineEvent(permanentDeleteTimelineId); } }} className=""rounded-lg bg-rose-700 px-3 py-2 text-xs font-bold text-white hover:bg-rose-600"" >"
"src/app/components/lawyer/ExecutionDashboard/components/PersonalTab.tsx",140,1,"button",1,0,"B0-SAFE-explicit-type-button","","<button type=""button"" onClick={onConfirmUnlock} className={`mt-3 w-full rounded-xl border border-amber-400/55 bg-gradient-to-r from-amber-900/40 to-amber-800/30 py-2.5 text-[11px] font-extrabold text-amber-100 hover:from-amber-800/50 hove"
"src/app/components/lawyer/ExecutionDashboard/components/RequestLifecycleBadge.tsx",26,1,"button",1,0,"B0-SAFE-explicit-type-button","","<button type=""button"" aria-expanded={expanded} aria-label=""سجل دورة حياة الطلب"" title=""سجل دورة حياة الطلب"" onClick={(e) => { e.stopPropagation(); onToggle(); }} className={`inline-flex shrink-0 flex-row-reverse items-center gap-1 rou"
"src/app/components/lawyer/ExecutionDashboard/components/RequestsTab.tsx",91,1,"button",1,0,"B0-SAFE-explicit-type-button","","<button type=""button"" onClick={() => setShowHiddenPersonalRequests((v) => !v)} onPointerDown={() => prefetchHiddenFollowupRequestOptions()} onPointerEnter={() => prefetchHiddenFollowupRequestOptions()} className={`inline-flex shrink-0 ite"
"src/app/components/lawyer/ExecutionDashboard/components/RequestsTab.tsx",157,1,"button",1,0,"B0-SAFE-explicit-type-button","","<button type=""button"" onClick={(e) => { e.stopPropagation(); void runSpecialFollowupSubmit(); }} disabled={ !specialRequestDate.trim() || !specialRequestContent.trim() || !specialRequestManualTitle.trim() } className=""w-full min-h-[44px]"
"src/app/components/lawyer/ExecutionDashboard/components/SeizureApprovedPlanBadge.tsx",28,1,"button",1,0,"B0-SAFE-explicit-type-button","","<button type=""button"" data-testid={`seizure-approved-plan-badge-${subtype}`} title=""فتح خطة المتابعة في المهام"" aria-label=""فتح خطة المتابعة في المهام"" onClick={(e) => { e.stopPropagation(); openSeizureApprovedPlanInTasks({ executionI"
"src/app/components/lawyer/ExecutionDashboard/components/SeizureExecutorDecisionShortcut.tsx",43,1,"button",1,0,"B0-SAFE-explicit-type-button","","<button type=""button"" data-testid=""seizure-executor-decision-shortcut"" data-decision-id={id} title=""فتح بطاقة قرار المنفذ العدل"" aria-label=""فتح بطاقة قرار المنفذ العدل"" onClick={(e) => { e.stopPropagation(); e.preventDefault(); onO"
"src/app/components/lawyer/ExecutionDashboard/components/SeizureRequestBlock.tsx",23,1,"button",1,0,"B0-SAFE-explicit-type-button","","<button type=""button"" onClick={onClick} disabled={disabled} className=""min-h-[44px] min-w-0 flex-1 border-0 bg-transparent px-2.5 py-2 text-[12px] font-bold text-slate-100 text-right transition-colors touch-manipulation disabled:opacity-"
"src/app/components/lawyer/ExecutionDashboard/components/SeizureRequestsTabGuarantorBlock.tsx",137,1,"button",1,0,"B0-SAFE-explicit-type-button","","<button type=""button"" onClick={() => { setGuarantorExistingWarningOpen(false); setInlineActionGateKey('guarantor_request'); }} className=""rounded-xl border border-amber-400/55 bg-amber-950/40 py-2.5 text-[11px] font-extrabold text-amber-"
"src/app/components/lawyer/ExecutionDashboard/components/SeizureRequestsTabGuarantorBlock.tsx",147,1,"button",1,0,"B0-SAFE-explicit-type-button","","<button type=""button"" onClick={() => setGuarantorExistingWarningOpen(false)} className=""rounded-xl border border-white/10 bg-white/5 py-2.5 text-[11px] font-bold text-slate-200 hover:bg-white/10"" >"
"src/app/components/lawyer/ExecutionDashboard/components/SeizureRequestsTabGuarantorSeizureActions.tsx",68,1,"button",1,0,"B0-SAFE-explicit-type-button","","<button type=""button"" disabled={disabled} onClick={() => { if (disabled) return; setInlineActionGateKey(gateKey); }} className={`flex w-full min-h-[44px] flex-row-reverse items-center gap-2 px-3 py-2 text-right text-[11px] font-bold text-"
"src/app/components/lawyer/ExecutionDashboard/components/SeizureRequestsTabReady.tsx",188,1,"button",1,0,"B0-SAFE-explicit-type-button","","<button type=""button"" disabled={executionCoerciveButtonDisabled || coerciveUiLocked || isHistoricalMode} onClick={() => persistExecutionMerge({ seizure_matrix_soft_opt_in: true })} className=""mt-4 inline-flex min-h-[44px] w-full items-ce"
"src/app/components/lawyer/ExecutionDashboard/components/SeizureRequestSubjectModal.tsx",77,1,"button",1,0,"B0-SAFE-explicit-type-button","","<button type=""button"" onClick={onClose} className={EXEC_MODAL_CLOSE_BTN_CLASS} aria-label=""إغلاق"" >"
"src/app/components/lawyer/ExecutionDashboard/components/SeizureRequestSubjectModal.tsx",98,1,"button",1,0,"B0-SAFE-explicit-type-button","","<button type=""button"" onClick={onSubmit} className={`w-full touch-manipulation min-h-[44px] rounded-2xl px-4 py-3 text-[12px] font-black ${styles.submit}`} >"
"src/app/components/lawyer/ExecutionDashboard/components/specificDeliveryConversion/renderSpecificDeliveryConversionPanel.tsx",81,1,"button",1,0,"B0-SAFE-explicit-type-button","","<button type=""button"" onClick={() => openAppeals(decisionId)} className=""w-full rounded-xl border border-amber-500/35 bg-amber-500/10 px-3 py-2 text-[11px] font-extrabold text-amber-200 hover:bg-amber-500/15"" >"
"src/app/components/lawyer/ExecutionDashboard/components/specificDeliveryConversion/renderSpecificDeliveryConversionPanel.tsx",109,1,"button",1,0,"B0-SAFE-explicit-type-button","","<button type=""button"" onClick={confirmDestructionAfterApproval} className=""w-full rounded-xl border border-emerald-500/35 bg-emerald-500/10 px-3 py-2 text-[11px] font-extrabold text-emerald-200 hover:bg-emerald-500/15"" >"
"src/app/components/lawyer/ExecutionDashboard/components/specificDeliveryConversion/SpecificDeliveryItemChip.tsx",20,1,"button",1,0,"B0-SAFE-explicit-type-button","","<button type=""button"" dir=""rtl"" role=""radio"" aria-checked={selected} onClick={onSelect} className={`inline-flex min-h-[44px] min-w-0 flex-1 basis-[calc(50%-0.25rem)] items-center justify-center gap-2 rounded-2xl border px-3 py-2.5 tex"
"src/app/components/lawyer/ExecutionDashboard/components/SpecificDeliveryMovableValuationExpertPanel.tsx",180,1,"button",1,0,"B0-SAFE-explicit-type-button","","<button type=""button"" onClick={saveExpertReport} className=""w-full rounded-xl border border-emerald-500/35 bg-emerald-500/10 px-3 py-2 text-[11px] font-extrabold text-emerald-200 hover:bg-emerald-500/15"" >"
"src/app/components/lawyer/ExecutionDashboard/components/SpecificDeliveryMovableValuationExpertPanel.tsx",215,1,"button",1,0,"B0-SAFE-explicit-type-button","","<button type=""button"" onClick={() => setPartyDecisionLane('approve')} className={laneBtnCls( 'approve', 'border-emerald-500/35 bg-emerald-500/10 text-emerald-200 hover:bg-emerald-500/15' )} >"
"src/app/components/lawyer/ExecutionDashboard/components/SpecificDeliveryMovableValuationExpertPanel.tsx",225,1,"button",1,0,"B0-SAFE-explicit-type-button","","<button type=""button"" onClick={() => setPartyDecisionLane('objection')} className={laneBtnCls( 'objection', 'border-rose-400/25 bg-rose-500/10 text-rose-100 hover:bg-rose-500/15' )} >"
"src/app/components/lawyer/ExecutionDashboard/components/SpecificDeliveryMovableValuationExpertPanel.tsx",243,1,"button",1,0,"B0-SAFE-explicit-type-button","","<button type=""button"" onClick={() => submitExpertObjection('report')} className=""w-full rounded-xl border border-rose-400/25 bg-rose-500/10 px-3 py-2 text-[11px] font-extrabold text-rose-100 hover:bg-rose-500/15"" >"
"src/app/components/lawyer/ExecutionDashboard/components/SpecificDeliveryMovableValuationExpertPanel.tsx",250,1,"button",1,0,"B0-SAFE-explicit-type-button","","<button type=""button"" onClick={() => submitExpertObjection('experts')} className=""w-full rounded-xl border border-amber-400/25 bg-amber-500/10 px-3 py-2 text-[11px] font-extrabold text-amber-100 hover:bg-amber-500/15"" >"
"src/app/components/lawyer/ExecutionDashboard/components/SpecificDeliveryMovableValuationExpertPanel.tsx",258,1,"button",1,0,"B0-SAFE-explicit-type-button","","<button type=""button"" onClick={() => setPartyDecisionLane('choose')} className=""w-full rounded-xl border border-white/10 bg-black/20 px-3 py-2 text-[10px] text-slate-400 hover:bg-black/30"" >"
"src/app/components/lawyer/ExecutionDashboard/components/SpecificDeliveryMovableValuationExpertPanel.tsx",268,1,"button",1,0,"B0-SAFE-explicit-type-button","","<button type=""button"" onClick={() => void financializeAfterReportApproval()} className=""w-full rounded-xl border border-emerald-500/35 bg-emerald-500/10 px-3 py-2 text-[11px] font-extrabold text-emerald-200 hover:bg-emerald-500/15"" >"
"src/app/components/lawyer/ExecutionDashboard/components/SpecificDeliveryMovableValuationExpertPanel.tsx",275,1,"button",1,0,"B0-SAFE-explicit-type-button","","<button type=""button"" onClick={() => setPartyDecisionLane('choose')} className=""w-full rounded-xl border border-white/10 bg-black/20 px-3 py-2 text-[10px] text-slate-400 hover:bg-black/30"" >"
"src/app/components/lawyer/ExecutionDashboard/components/SpecificDeliveryNatureSetupCard.tsx",87,1,"button",1,0,"B0-SAFE-explicit-type-button","","<button type=""button"" onClick={() => saveNature('movable')} className=""rounded-xl border border-sky-500/35 bg-sky-500/10 py-2.5 text-[11px] font-bold text-sky-100 hover:bg-sky-500/15"" >"
"src/app/components/lawyer/ExecutionDashboard/components/SpecificDeliveryNatureSetupCard.tsx",94,1,"button",1,0,"B0-SAFE-explicit-type-button","","<button type=""button"" onClick={() => saveNature('immovable')} className=""rounded-xl border border-violet-500/35 bg-violet-500/10 py-2.5 text-[11px] font-bold text-violet-100 hover:bg-violet-500/15"" >"
"src/app/components/lawyer/ExecutionDashboard/components/SpecificDeliveryPropertyExpertRequestCard.tsx",220,1,"button",1,0,"B0-SAFE-explicit-type-button","","<button type=""button"" onClick={() => openAppeals(decisionId)} className=""w-full rounded-xl border border-amber-500/35 bg-amber-500/10 px-3 py-2 text-[11px] font-extrabold text-amber-200 hover:bg-amber-500/15"" >"
"src/app/components/lawyer/ExecutionDashboard/components/SpecificDeliveryPropertyExpertRequestCard.tsx",267,1,"button",1,0,"B0-SAFE-explicit-type-button","","<button type=""button"" onClick={saveDetailsAfterApproval} className=""w-full rounded-xl border border-emerald-500/35 bg-emerald-500/10 px-3 py-2 text-[11px] font-extrabold text-emerald-200 hover:bg-emerald-500/15"" >"
"src/app/components/lawyer/ExecutionDashboard/components/TaskStepDisplayRow.tsx",56,1,"button",1,0,"B0-SAFE-explicit-type-button","","<button type=""button"" onClick={wrapClick(onMarkDone)} className={`shrink-0 rounded p-1 ${ step.status === 'done' ? 'bg-emerald-500/20 text-emerald-300' : 'text-slate-500 hover:text-emerald-300' }`} title=""إنجاز الخطوة"" >"
"src/app/components/lawyer/ExecutionDashboard/components/TaskStepDisplayRow.tsx",70,1,"button",1,0,"B0-SAFE-explicit-type-button","","<button type=""button"" onClick={wrapClick(onMarkFailed)} className={`shrink-0 rounded p-1 ${ step.status === 'failed' ? 'bg-rose-500/20 text-rose-300' : 'text-slate-500 hover:text-rose-300' }`} title=""تعذّر الخطوة"" >"
"src/app/components/lawyer/ExecutionDashboard/components/TimelineEditModal.tsx",152,1,"button",1,0,"B0-SAFE-explicit-type-button","","<button type=""button"" onClick={onClose} className={EXEC_MODAL_CLOSE_BTN_CLASS} aria-label=""إغلاق"" >"
"src/app/components/lawyer/ExecutionDashboard/components/TimelineEditModal.tsx",164,1,"button",1,0,"B0-SAFE-explicit-type-button","","<button type=""button"" onClick={onClose} className=""w-9 shrink-0 opacity-0"" aria-hidden=""true"" >"
"src/app/components/lawyer/ExecutionDashboard/components/TimelineEditModal.tsx",183,1,"button",1,0,"B0-SAFE-explicit-type-button","","<button key={option.value} type=""button"" onClick={() => setEventType(option.value)} className={`flex items-center justify-center gap-2 rounded-xl border p-3 text-xs font-medium transition-all ${ eventType === option.value ? 'border-blue-5"
"src/app/components/lawyer/ExecutionDashboard/components/TimelineEditModal.tsx",247,1,"button",1,0,"B0-SAFE-explicit-type-button","","<button type=""button"" onClick={handleSave} className={`w-full rounded-xl bg-blue-600 py-3.5 text-sm font-bold text-white transition-colors hover:bg-blue-700 ${EXEC_MODAL_TOUCH_TARGET}`} >"
"src/app/components/lawyer/ExecutionDashboard/components/TimelineEditModal.tsx",255,1,"button",1,0,"B0-SAFE-explicit-type-button","","<button type=""button"" onClick={handleDelete} className={`w-full rounded-xl border border-rose-500/25 bg-rose-950/10 py-3 text-sm font-bold text-rose-200 transition-all hover:bg-rose-950/20 ${EXEC_MODAL_TOUCH_TARGET}`} >"
"src/app/components/lawyer/ExecutionDashboard/components/TimelineSection.tsx",201,1,"button",1,0,"B0-SAFE-explicit-type-button","","<button type=""button"" onClick={() => setActiveAppointmentsVisibleCount((v) => v + TIMELINE_PAGE_SIZE) } className={`mt-2 rounded-lg border border-slate-600/45 bg-slate-800/40 px-3 py-1.5 text-[11px] font-bold text-slate-200 hover:border-["
"src/app/components/lawyer/ExecutionDashboard/components/TimelineSection.tsx",224,1,"button",1,0,"B0-SAFE-explicit-type-button","","<button type=""button"" onClick={() => setEndedAppointmentsVisibleCount((v) => v + TIMELINE_PAGE_SIZE) } className={`mt-2 rounded-lg border border-slate-600/45 bg-slate-800/40 px-3 py-1.5 text-[11px] font-bold text-slate-200 hover:border-[#"
"src/app/components/lawyer/ExecutionDashboard/components/TimelineSection.tsx",248,1,"button",1,0,"B0-SAFE-explicit-type-button","","<button type=""button"" onClick={() => setTimelineVisibleCount((v) => v + TIMELINE_PAGE_SIZE)} className={`mt-2 rounded-lg border border-slate-600/45 bg-slate-800/40 px-3 py-1.5 text-[11px] font-bold text-slate-200 hover:border-[#E6C673]/35"
"src/app/components/lawyer/ExecutionDashboard/components/TimelineSection.tsx",259,1,"button",1,0,"B0-SAFE-explicit-type-button","","<button type=""button"" onClick={openFullTimeline} className=""w-full rounded-lg border border-white/10 bg-white/[0.03] px-2.5 py-2 transition-colors hover:bg-white/[0.05]"" >"
"src/app/components/lawyer/ExecutionDashboard/components/TimelineSection.tsx",275,1,"button",1,0,"B0-SAFE-explicit-type-button","","<button type=""button"" onClick={() => startTransition(() => setTimelineAccordionExpanded((prev) => !prev))} className=""flex min-h-[44px] w-full items-center justify-between rounded-t-lg px-3 py-2 transition-colors hover:bg-white/[0.04] to"
"src/app/components/lawyer/ExecutionDashboard/components/visitationSchedule/VisitationLauncherCard.tsx",30,1,"button",1,0,"B0-SAFE-explicit-type-button","","<button type=""button"" data-testid=""visitation-schedule-launcher"" onClick={() => onOpen(ready ? 'appointment' : 'setup')} className=""mx-3 mt-2 w-[calc(100%-1.5rem)] rounded-xl border border-[#E6C673]/20 bg-[#0B1120]/75 px-3 py-2.5 text-"
"src/app/components/lawyer/ExecutionDashboard/components/visitationSchedule/VisitationWorkspaceBody.tsx",126,1,"button",1,0,"B0-SAFE-explicit-type-button","","<button type=""button"" data-testid=""visitation-document-success"" onClick={handleDocumentSuccess} className=""group flex flex-row-reverse items-center gap-3 rounded-xl border border-emerald-500/35 bg-gradient-to-b from-emerald-500/14 to-e"
"src/app/components/lawyer/ExecutionDashboard/components/visitationSchedule/VisitationWorkspaceBody.tsx",144,1,"button",1,0,"B0-SAFE-explicit-type-button","","<button type=""button"" data-testid=""visitation-document-absence"" onClick={handleDocumentAbsence} className=""group flex flex-row-reverse items-center gap-3 rounded-xl border border-rose-500/30 bg-gradient-to-b from-rose-600/12 to-rose-95"
"src/app/components/lawyer/ExecutionDashboard/components/visitationSchedule/VisitationWorkspaceBody.tsx",173,1,"button",1,0,"B0-SAFE-explicit-type-button","","<button type=""button"" data-testid=""visitation-toggle-following"" onClick={() => setShowFollowing((v) => !v)} className=""w-full flex flex-col items-center gap-1 py-2 text-[#E6C673]/80 hover:text-[#E6C673] transition-colors touch-manipula"
"src/app/components/lawyer/ExecutionDashboard/components/visitationSchedule/VisitationWorkspaceSheet.tsx",54,1,"button",1,0,"B0-SAFE-explicit-type-button","","<button type=""button"" data-testid=""visitation-schedule-close"" onClick={onClose} className=""inline-flex min-h-[44px] min-w-[44px] items-center justify-center rounded-xl border border-white/10 bg-white/5 text-slate-300 hover:bg-white/10 "
"src/app/components/lawyer/ExecutionDashboard/components/visitationSchedule/VisitationWorkspaceSheet.tsx",72,1,"button",1,0,"B0-SAFE-explicit-type-button","","<button key={tab.id} type=""button"" data-testid={`visitation-tab-${tab.id}`} onClick={() => onTabChange(tab.id)} className={`inline-flex min-h-[44px] flex-1 items-center justify-center gap-1.5 rounded-xl border px-2 text-[11px] font-bold t"
"src/app/components/lawyer/ExecutionDashboard/executionDashboardLazyShellUi.tsx",146,1,"button",1,0,"B0-SAFE-explicit-type-button","","<button type=""button"" onClick={onToggle} className={buttonClass}>"
"src/app/components/lawyer/FinancialOperationsCenter/components/DebtorAgentFinancialHubPanel.tsx",78,1,"button",1,0,"B0-SAFE-explicit-type-button","","<button type=""button"" disabled={disabled} onClick={onToggle} aria-expanded={expanded} className={`flex w-full flex-row-reverse items-center justify-between gap-2 px-3 py-2.5 text-right transition-colors disabled:cursor-not-allowed disable"
"src/app/components/lawyer/FinancialOperationsCenter/components/DebtorAgentFinancialHubPanel.tsx",250,1,"button",1,0,"B0-SAFE-explicit-type-button","","<button type=""button"" disabled={!canApplyRepayment} onClick={() => { if (applyDebtRepayment()) setRepaymentExpanded(false); }} className=""shrink-0 rounded-lg border border-emerald-500/35 bg-emerald-600/20 px-3 py-1.5 text-[10px] font-bol"
"src/app/components/lawyer/FinancialOperationsCenter/components/DebtorAgentFinancialHubPanel.tsx",304,1,"button",1,0,"B0-SAFE-explicit-type-button","","<button type=""button"" onClick={markPendingSettlementPaid} className=""flex w-full flex-row-reverse items-center justify-center gap-1.5 rounded-lg border border-emerald-500/30 bg-emerald-500/10 py-2 text-[10px] font-bold text-emerald-100 h"
"src/app/components/lawyer/FinancialOperationsCenter/components/DebtorAgentFinancialHubPanel.tsx",314,1,"button",1,0,"B0-SAFE-explicit-type-button","","<button type=""button"" onClick={(e) => { e.stopPropagation(); revertSettlementPlan(); setSettlementExpanded(false); setSettlementInput(''); setSettlementDueDateInput(''); }} className=""w-full text-center text-[8px] font-medium text-slate-"
"src/app/components/lawyer/FinancialOperationsCenter/components/DebtorAgentFinancialHubPanel.tsx",344,1,"button",1,0,"B0-SAFE-explicit-type-button","","<button type=""button"" onClick={async () => { const ok = await registerSettlementPlan(); if (ok) setSettlementExpanded(true); }} className=""w-full rounded-lg border border-violet-500/30 bg-violet-600/15 py-2 text-[10px] font-bold text-vio"
"src/app/components/lawyer/FinancialOperationsCenter/components/DebtTotalsEditModal.tsx",58,1,"button",1,0,"B0-SAFE-explicit-type-button","","<button type=""button"" onClick={onClose} className={FOC_MODAL_CLOSE_BTN} aria-label=""إغلاق"" >"
"src/app/components/lawyer/FinancialOperationsCenter/components/DebtTotalsEditModal.tsx",119,1,"button",1,0,"B0-SAFE-explicit-type-button","","<button type=""button"" onClick={onClose} className={`rounded-lg border border-white/10 py-2 text-[11px] font-bold text-slate-400 hover:bg-white/[0.04] ${FOC_MODAL_ACTION_BTN}`} >"
"src/app/components/lawyer/FinancialOperationsCenter/components/DebtTotalsEditModal.tsx",126,1,"button",1,0,"B0-SAFE-explicit-type-button","","<button type=""button"" onClick={onSave} disabled={ disabled || Boolean(lockReason) || !Number.isFinite(totalParsed) || totalParsed <= 0 || !Number.isFinite(remainingParsed) || remainingParsed < 0 || invalidRemaining } className={`rounded-l"
"src/app/components/lawyer/FinancialOperationsCenter/components/FocAlimonyDetailOverlay.tsx",40,1,"button",1,0,"B0-SAFE-explicit-type-button","","<button type=""button"" onClick={onClose} className=""rounded-full p-1.5 text-slate-400 transition hover:bg-white/10"" aria-label=""إغلاق"" >"
"src/app/components/lawyer/FinancialOperationsCenter/components/FocCreditorExpandedBody.tsx",328,1,"button",1,0,"B0-SAFE-explicit-type-button","","<button type=""button"" {...ghuramaaPrepare} onClick={onOpenGhuramaaModal} className=""w-full rounded-xl bg-gradient-to-l from-amber-500 to-amber-700 py-3.5 px-4 text-[#0A0F1C] font-black text-xs shadow-md shadow-amber-900/25 flex items-cen"
"src/app/components/lawyer/FinancialOperationsCenter/components/FocDisburseModal.tsx",47,1,"button",1,0,"B0-SAFE-explicit-type-button","","<button type=""button"" onClick={onClose} className={FOC_MODAL_CLOSE_BTN} aria-label=""إغلاق"" >"
"src/app/components/lawyer/FinancialOperationsCenter/components/FocDisburseModal.tsx",81,1,"button",1,0,"B0-SAFE-explicit-type-button","","<button type=""button"" onClick={onClose} className={`flex-1 rounded-xl border border-white/10 bg-white/[0.03] py-2.5 text-xs font-bold text-slate-200 ${FOC_MODAL_ACTION_BTN}`} >"
"src/app/components/lawyer/FinancialOperationsCenter/components/FocDisburseModal.tsx",88,1,"button",1,0,"B0-SAFE-explicit-type-button","","<button type=""button"" {...focPrepareOverlay(() => { void import('../focOverlaySurfacesLazy').then((m) => m.prefetchFocGhuramaaModal(), ); })} onClick={() => { onClose(); onOpenGhuramaaModal(); }} className={`flex-1 rounded-xl bg-amber-600"
"src/app/components/lawyer/FinancialOperationsCenter/components/FocDisburseModal.tsx",119,1,"button",1,0,"B0-SAFE-explicit-type-button","","<button type=""button"" onClick={onClose} className={`flex-1 rounded-xl border border-white/10 bg-white/[0.03] py-2.5 text-xs font-bold text-slate-200 ${FOC_MODAL_ACTION_BTN}`} >"
"src/app/components/lawyer/FinancialOperationsCenter/components/FocDisburseModal.tsx",126,1,"button",1,0,"B0-SAFE-explicit-type-button","","<button type=""button"" onClick={onApplyDisbursement} disabled={!canApplyDisburseAmount} className={`flex-1 rounded-xl bg-emerald-600/75 py-2.5 text-xs font-black text-white disabled:opacity-40 disabled:cursor-not-allowed ${FOC_MODAL_ACTION"
"src/app/components/lawyer/FinancialOperationsCenter/components/FocEvictionLedgerBody.tsx",71,1,"button",1,0,"B0-SAFE-explicit-type-button","","<button type=""button"" onClick={() => evictionReenableCourtOrderedFees.onEnable()} className=""mb-2 w-full rounded-xl border border-[#E6C673]/35 bg-[#E6C673]/10 py-3 px-4 text-[#F5E6A8] font-bold text-xs shadow-sm"" >"
"src/app/components/lawyer/FinancialOperationsCenter/components/FocEvictionLedgerBody.tsx",141,1,"button",1,0,"B0-SAFE-explicit-type-button","","<button type=""button"" onClick={submitCollectionRequest} className=""w-full rounded-lg bg-gradient-to-l from-[#E6C673] to-amber-600 py-3.5 px-4 text-[#0A0F1C] font-black text-xs shadow-md shadow-amber-900/20 disabled:opacity-35 flex items-"
"src/app/components/lawyer/FinancialOperationsCenter/components/FocEvictionLedgerBody.tsx",153,1,"button",1,0,"B0-SAFE-explicit-type-button","","<button type=""button"" onClick={retractCollectionRequest} className={LINK_RETRACT_COLLECTION} >"
"src/app/components/lawyer/FinancialOperationsCenter/components/FocEvictionLedgerBody.tsx",191,1,"button",1,0,"B0-SAFE-explicit-type-button","","<button type=""button"" onClick={undoLastPayment} className=""mb-2 w-full rounded-lg border border-rose-500/20 bg-rose-950/30 px-3 py-2 text-[11px] font-bold text-rose-200"" >"
"src/app/components/lawyer/FinancialOperationsCenter/components/FocExpenseSheet.tsx",46,1,"button",1,0,"B0-SAFE-explicit-type-button","","<button type=""button"" onClick={onClose} className={FOC_MODAL_CLOSE_BTN} aria-label=""إغلاق"" >"
"src/app/components/lawyer/FinancialOperationsCenter/components/FocExpenseSheet.tsx",72,1,"button",1,0,"B0-SAFE-explicit-type-button","","<button type=""button"" onClick={onAddExpense} disabled={!canAddExpense} className={`w-full rounded-xl bg-sky-600/75 py-2.5 text-white text-xs font-bold disabled:opacity-40 disabled:cursor-not-allowed ${FOC_MODAL_ACTION_BTN}`} >"
"src/app/components/lawyer/FinancialOperationsCenter/components/FocFeesSheet.tsx",56,1,"button",1,0,"B0-SAFE-explicit-type-button","","<button type=""button"" onClick={onClose} className={FOC_MODAL_CLOSE_BTN} aria-label=""إغلاق"" >"
"src/app/components/lawyer/FinancialOperationsCenter/components/FocFeesSheet.tsx",82,1,"button",1,0,"B0-SAFE-explicit-type-button","","<button type=""button"" onClick={onAddLawyerFee} disabled={!canAddLawyerFee} className={`w-full rounded-xl bg-emerald-600/75 py-2.5 text-white text-xs font-bold disabled:opacity-40 disabled:cursor-not-allowed ${FOC_MODAL_ACTION_BTN}`} >"
"src/app/components/lawyer/FinancialOperationsCenter/components/FocFeesSheet.tsx",92,1,"button",1,0,"B0-SAFE-explicit-type-button","","<button type=""button"" title={evictionFinanceStrip.lawyerFeeRequestTitle} disabled={evictionFinanceStrip.lawyerFeeRequestDisabled} onClick={() => { if (!evictionFinanceStrip.lawyerFeeRequestDisabled) { evictionFinanceStrip.onRequestLawyerF"
"src/app/components/lawyer/FinancialOperationsCenter/components/FocFundsCardHeader.tsx",95,1,"button",1,0,"B0-SAFE-explicit-type-button","","<button type=""button"" onClick={onShowLedger} className=""flex shrink-0 items-center border-s border-white/10 px-2 text-[#E6C673] transition hover:bg-[#E6C673]/15 sm:px-2.5"" title=""السجل المالي العام — أرشيف البنود والمبالغ"" aria-label="
"src/app/components/lawyer/FinancialOperationsCenter/components/FocFundsCardHeader.tsx",105,1,"button",1,0,"B0-SAFE-explicit-type-button","","<button type=""button"" onClick={onToggle} onKeyDown={onKeyToggle} aria-expanded={false} aria-label=""توسيع إدارة الأموال والمصاريف"" className=""flex h-full min-h-[3.25rem] shrink-0 items-center border-s border-white/10 px-2 sm:px-2.5 text"
"src/app/components/lawyer/FinancialOperationsCenter/components/FocFundsCardHeader.tsx",160,1,"button",1,0,"B0-SAFE-explicit-type-button","","<button type=""button"" onClick={onShowLedger} className=""flex shrink-0 items-center self-stretch border-s border-white/10 px-2.5 text-[#E6C673] transition hover:bg-[#E6C673]/15 sm:px-3"" title=""السجل المالي العام"" aria-label=""فتح السجل"
"src/app/components/lawyer/FinancialOperationsCenter/components/FocFundsCardHeader.tsx",170,1,"button",1,0,"B0-SAFE-explicit-type-button","","<button type=""button"" onClick={onToggle} onKeyDown={onKeyToggle} aria-expanded aria-label=""طي إدارة الأموال والمصاريف"" className=""flex shrink-0 items-center self-stretch border-s border-white/10 px-2.5 sm:px-3 text-[#E6C673]/85 transit"
"src/app/components/lawyer/FinancialOperationsCenter/components/FocFundsCardHeader.tsx",208,1,"button",1,0,"B0-SAFE-explicit-type-button","","<button type=""button"" onClick={(e) => { e.preventDefault(); e.stopPropagation(); onShowLedger(); }} className=""inline-flex min-h-[32px] items-center gap-1.5 rounded-lg border border-[#E6C673]/35 bg-[#E6C673]/12 px-2.5 py-1 text-[10px] fo"
"src/app/components/lawyer/FinancialOperationsCenter/components/FocFundsCardHeader.tsx",224,1,"button",1,0,"B0-SAFE-explicit-type-button","","<button type=""button"" {...focPrepareOverlay(prefetchFocAlimonyDetailOverlay)} onClick={onOpenAlimonyDetail} className=""inline-flex items-center justify-center rounded-md border border-white/10 bg-white/[0.03] p-1.5 text-[#E6C673]/90 tran"
"src/app/components/lawyer/FinancialOperationsCenter/components/FocGarnishModal.tsx",98,1,"button",1,0,"B0-SAFE-explicit-type-button","","<button type=""button"" onClick={onClose} className={`px-4 py-2.5 rounded-xl bg-white/5 border border-white/10 text-slate-300 text-sm font-semibold hover:bg-white/10 transition ${FOC_MODAL_ACTION_BTN}`} >"
"src/app/components/lawyer/FinancialOperationsCenter/components/FocGarnishModal.tsx",105,1,"button",1,0,"B0-SAFE-explicit-type-button","","<button type=""button"" onClick={onConfirm} disabled={!canConfirmGarnishment} className={`px-4 py-2.5 rounded-xl bg-gradient-to-l from-indigo-600 via-violet-600 to-purple-800 text-white text-sm font-bold shadow-lg shadow-violet-950/40 hover"
"src/app/components/lawyer/FinancialOperationsCenter/components/FocGhuramaaModal.tsx",60,1,"button",1,0,"B0-SAFE-explicit-type-button","","<button type=""button"" onClick={onClose} className={FOC_MODAL_CLOSE_BTN} aria-label=""إغلاق"" >"
"src/app/components/lawyer/FinancialOperationsCenter/components/FocGhuramaaModal.tsx",99,1,"button",1,0,"B0-SAFE-explicit-type-button","","<button type=""button"" onClick={onEqualSplit} disabled={eligible.length === 0 || available <= 0} className={`rounded-xl border border-amber-400/30 bg-amber-500/10 px-3 py-2 text-[10px] font-black text-amber-100 disabled:opacity-40 disabled"
"src/app/components/lawyer/FinancialOperationsCenter/components/FocGhuramaaModal.tsx",158,1,"button",1,0,"B0-SAFE-explicit-type-button","","<button type=""button"" onClick={onClose} className={`flex-1 rounded-xl border border-white/10 bg-white/[0.03] py-2.5 text-xs font-bold text-slate-200 ${FOC_MODAL_ACTION_BTN}`} >"
"src/app/components/lawyer/FinancialOperationsCenter/components/FocGhuramaaModal.tsx",165,1,"button",1,0,"B0-SAFE-explicit-type-button","","<button type=""button"" onClick={onConfirm} disabled={!canConfirm} className={`flex-1 rounded-xl bg-amber-600/80 py-2.5 text-xs font-black text-white disabled:opacity-40 disabled:cursor-not-allowed ${FOC_MODAL_ACTION_BTN}`} >"
"src/app/components/lawyer/FinancialOperationsCenter/components/LedgerExpenseEditCluster.tsx",30,1,"button",1,0,"B0-SAFE-explicit-type-button","","<button type=""button"" {...focPrepareOverlay(prefetchFocExpenseSheet)} onClick={onExpenses} className={ compact ? 'inline-flex items-center justify-center px-2 py-1 rounded text-[9px] font-semibold text-slate-300 hover:bg-white/[0.06] tran"
"src/app/components/lawyer/FinancialOperationsCenter/components/LedgerExpenseEditCluster.tsx",53,1,"button",1,0,"B0-SAFE-explicit-type-button","","<button type=""button"" {...focPrepareOverlay(prefetchFocFeesSheet)} onClick={onEditFees} className=""inline-flex items-center justify-center gap-1 min-w-[3.8rem] py-1.5 px-2 rounded-md text-emerald-200/95 hover:bg-white/10 transition"" >"
"src/app/components/lawyer/FinancialOperationsCenter/components/ReactiveSettlementEntry.tsx",32,1,"button",1,0,"B0-SAFE-explicit-type-button","","<button type=""button"" onClick={onActivate} className={[ 'inline-flex items-center justify-center rounded-lg border border-[#E6C673]/30 bg-[#E6C673]/[0.08] px-2.5 py-1.5 text-[10px] font-semibold text-[#E6C673] transition hover:bg-[#E6C673"
"src/app/components/lawyer/FinancialOperationsCenter/components/ReactiveSettlementEntry.tsx",48,1,"button",1,0,"B0-SAFE-explicit-type-button","","<button type=""button"" onClick={onActivate} className={[ 'w-full min-h-[40px] rounded-lg border border-[#E6C673]/40 bg-[#E6C673]/14 py-2.5 px-3 text-[11px] font-bold text-[#F0D78A] transition hover:bg-[#E6C673]/20 touch-manipulation', clas"
"src/app/components/lawyer/FinancialOperationsCenter/components/ReactiveSettlementEntry.tsx",62,1,"button",1,0,"B0-SAFE-explicit-type-button","","<button type=""button"" onClick={onActivate} className={[ 'w-full min-h-[40px] rounded-lg border border-white/12 bg-white/[0.04] py-2.5 px-3 text-[11px] font-semibold text-slate-200 transition hover:bg-white/[0.07] touch-manipulation', clas"
"src/app/components/lawyer/FinancialOperationsCenter/components/SettlementBuriedKebab.tsx",23,1,"button",1,0,"B0-SAFE-explicit-type-button","","<button type=""button"" aria-label=""خيارات الوعاء"" aria-expanded={open} onClick={() => setOpen((v) => !v)} className=""inline-flex h-8 w-8 items-center justify-center rounded-full border border-white/10 bg-white/[0.04] text-slate-400 tran"
"src/app/components/lawyer/FinancialOperationsCenter/components/SettlementBuriedKebab.tsx",34,1,"button",1,0,"B0-SAFE-explicit-type-button","","<button type=""button"" onClick={() => { setOpen(false); onActivate(); }} className=""flex w-full flex-row-reverse items-center gap-2 px-3 py-2 text-right text-[11px] font-semibold text-slate-300 transition hover:bg-white/[0.06] hover:text-"
"src/app/components/lawyer/FinancialOperationsCenter/components/SettlementGuarantorBadge.tsx",32,1,"button",1,0,"B0-SAFE-explicit-type-button","","<button type=""button"" data-testid=""foc-amount-guarantor-request"" onClick={() => { setNameDraft(String(guarantorName || '').trim()); setDeductionDraft( guarantorDeductionIqd != null && Number.isFinite(guarantorDeductionIqd) ? formatNumbe"
"src/app/components/lawyer/FinancialOperationsCenter/components/SettlementGuarantorBadge.tsx",74,1,"button",1,0,"B0-SAFE-explicit-type-button","","<button type=""button"" className=""w-full min-h-[44px] rounded-lg border border-cyan-400/40 bg-cyan-950/50 py-2.5 text-[10px] font-extrabold text-cyan-100 hover:bg-cyan-900/55"" onClick={() => { const n = nameDraft.trim(); if (!n) return; "
"src/app/components/lawyer/FinancialOperationsCenter/components/SettlementRepaymentStrip.tsx",39,1,"button",1,0,"B0-SAFE-explicit-type-button","","<button type=""button"" disabled={disabled} onClick={() => setExpanded((v) => !v)} aria-expanded={expanded} className=""flex w-full items-center justify-between gap-2 px-3 py-2 text-right transition-colors hover:bg-emerald-500/[0.05] disabl"
"src/app/components/lawyer/FinancialOperationsCenter/components/SettlementRepaymentStripPanel.tsx",54,1,"button",1,0,"B0-SAFE-explicit-type-button","","<button type=""button"" onClick={onCollapse} className=""flex-1 rounded-xl border border-white/10 bg-white/[0.03] py-2.5 text-[10px] font-bold text-slate-400 transition hover:bg-white/[0.06] hover:text-slate-200"" >"
"src/app/components/lawyer/FinancialOperationsCenter/components/SettlementRepaymentStripPanel.tsx",61,1,"button",1,0,"B0-SAFE-explicit-type-button","","<button type=""button"" onClick={() => { if (onApply()) onCollapse(); }} disabled={disabled || !canApplyRepayment} className=""flex-[1.4] rounded-xl bg-gradient-to-l from-emerald-500 to-emerald-700 py-2.5 text-[11px] font-black text-white s"
"src/app/components/lawyer/FinancialOperationsCenter/components/SettlementScheduleCard.tsx",73,1,"button",1,0,"B0-SAFE-explicit-type-button","","<button type=""button"" onClick={handleReview} disabled={!canApply || !settlementDueDateInput} className={`${BTN_SETTLEMENT_APPLY} w-full min-h-[40px] rounded-lg py-2 text-[11px] disabled:opacity-40 disabled:cursor-not-allowed`} >"
"src/app/components/lawyer/FinancialOperationsCenter/components/SettlementScheduleCard.tsx",105,1,"button",1,0,"B0-SAFE-explicit-type-button","","<button type=""button"" onClick={() => setConfirmOpen(false)} className=""rounded-lg border border-white/12 py-2 text-[10px] font-bold text-slate-300 hover:bg-white/5"" >"
"src/app/components/lawyer/FinancialOperationsCenter/components/SettlementScheduleCard.tsx",112,1,"button",1,0,"B0-SAFE-explicit-type-button","","<button type=""button"" onClick={handleConfirm} className={`${BTN_SETTLEMENT_APPLY} rounded-lg py-2 text-[10px]`} >"
"src/app/components/lawyer/FinancialOperationsCenter/components/StandardFinancialLedger.tsx",236,1,"button",1,0,"B0-SAFE-explicit-type-button","","<button type=""button"" {...focPrepareOverlay(prefetchFocDebtTotalsEditModal)} onClick={onOpenDebtEdit} className={ flatChrome ? 'inline-flex items-center gap-1 rounded-md border border-[#E6C673]/28 bg-[#E6C673]/[0.08] px-2 py-1 text-[9px] "
"src/app/components/lawyer/FinancialOperationsCenter/components/StandardFinancialLedger.tsx",371,1,"button",1,0,"B0-SAFE-explicit-type-button","","<button type=""button"" {...focPrepareOverlay(prefetchFocDisburseModal)} onClick={onOpenDisburse} className=""w-full rounded-lg bg-gradient-to-l from-[#E6C673] to-amber-600 py-3.5 px-4 text-[#0A0F1C] font-black text-xs shadow-md shadow-ambe"
"src/app/components/lawyer/FinancialOperationsCenter/components/StandardFinancialLedger.tsx",385,1,"button",1,0,"B0-SAFE-explicit-type-button","","<button type=""button"" onClick={onPayment} className=""flex-1 rounded-lg bg-gradient-to-l from-emerald-500 to-emerald-700 py-3.5 px-4 text-white font-extrabold text-xs shadow-md shadow-emerald-950/30 disabled:opacity-30 disabled:cursor-not"
"src/app/components/lawyer/FinancialOperationsCenter/components/StandardFinancialLedger.tsx",393,1,"button",1,0,"B0-SAFE-explicit-type-button","","<button type=""button"" onClick={retractCollectionRequest} className=""flex-1 rounded-lg bg-gradient-to-l from-rose-500/80 to-rose-800/80 py-3.5 px-4 text-rose-100 font-extrabold text-xs shadow-md shadow-rose-950/20 disabled:opacity-30 disa"
"src/app/components/lawyer/FinancialOperationsCenter/components/StandardFinancialLedger.tsx",431,1,"button",1,0,"B0-SAFE-explicit-type-button","","<button type=""button"" {...focPrepareOverlay(prefetchFocGarnishModal)} onClick={() => setShowGarnishModal(true)} className=""w-full rounded-lg border border-violet-500/30 bg-violet-950/50 backdrop-blur-sm py-3.5 px-4 text-violet-100/95 tex"
"src/app/components/lawyer/FinancialOperationsCenter/components/StandardFinancialLedger.tsx",441,1,"button",1,0,"B0-SAFE-explicit-type-button","","<button type=""button"" onClick={openFullPaymentConfirm} disabled={remainingUnified <= 0 || store.completed} className=""flex-1 rounded-lg border border-emerald-500/30 bg-emerald-950/55 backdrop-blur-sm py-3.5 px-4 text-emerald-50/95 text-["
"src/app/components/lawyer/FinancialOperationsCenter/components/StandardFinancialLedger.tsx",471,1,"button",1,0,"B0-SAFE-explicit-type-button","","<button type=""button"" onClick={confirmFullPayment} className=""w-full rounded-lg bg-gradient-to-l from-emerald-500 to-emerald-700 py-3 px-4 text-white text-xs font-black shadow-md shadow-emerald-950/30"" >"
"src/app/components/lawyer/FinancialOperationsCenter/components/StandardFinancialLedger.tsx",479,1,"button",1,0,"B0-SAFE-explicit-type-button","","<button type=""button"" onClick={cancelFullPaymentConfirm} className=""w-full text-center text-[11px] text-slate-400 hover:text-slate-200 py-1"" >"
"src/app/components/lawyer/FinancialOperationsCenter/components/StandardFinancialLedger.tsx",492,1,"button",1,0,"B0-SAFE-explicit-type-button","","<button type=""button"" onClick={undoLastPayment} className=""w-full text-center text-[11px] font-medium text-[#A0AEC0] hover:text-[#CBD5E0] transition-colors duration-200 py-2.5 underline-offset-4 hover:underline"" >"
"src/app/components/lawyer/FinancialOperationsCenter/components/StandardFinancialLedger.tsx",502,1,"button",1,0,"B0-SAFE-explicit-type-button","","<button type=""button"" onClick={retractCollectionRequest} className=""w-full text-center text-[11px] font-medium text-[#A0AEC0] hover:text-[#CBD5E0] transition-colors duration-200 py-2.5 underline-offset-4 hover:underline"" >"
"src/app/components/lawyer/FinancialOperationsCenter/components/UnifiedLedgerSettlementPanel.tsx",126,1,"button",1,0,"B0-SAFE-explicit-type-button","","<button type=""button"" onClick={handleCollapseToggle} className=""shrink-0 inline-flex min-h-[32px] min-w-[32px] items-center justify-center rounded-md border border-white/10 text-slate-400 transition hover:bg-white/[0.05] hover:text-slate"
"src/app/components/lawyer/FinancialOperationsCenter/components/UnifiedLedgerSettlementPanel.tsx",185,1,"button",1,0,"B0-SAFE-explicit-type-button","","<button type=""button"" onClick={markPendingSettlementPaid} className=""w-full min-h-[40px] rounded-lg border border-emerald-500/25 bg-emerald-500/10 px-3 py-2 text-[11px] font-bold text-emerald-100 transition hover:bg-emerald-500/16"" >"
"src/app/components/lawyer/FinancialOperationsCenter/components/UnifiedLedgerSettlementPanel.tsx",192,1,"button",1,0,"B0-SAFE-explicit-type-button","","<button type=""button"" onClick={() => { setSettlementBreachOpen(true); onNotify( 'لم يتم التسديد ضمن الموعد — يمكنك إلغاء التسوية أو متابعة الإجراءات الجبرية.', 'warning' ); }} className=""w-full min-h-[40px] rounded-lg border border-rose-"
"src/app/components/lawyer/FinancialOperationsCenter/components/UnifiedLedgerSettlementPanel.tsx",217,1,"button",1,0,"B0-SAFE-explicit-type-button","","<button type=""button"" onClick={() => { cancelPendingSettlement(); setSettlementBreachOpen(false); }} className=""w-full min-h-[40px] rounded-lg border border-rose-400/35 bg-rose-500/18 px-3 py-2 text-[11px] font-bold text-rose-50 transiti"
"src/app/components/lawyer/FinancialOperationsCenter/components/UnifiedLedgerSettlementPanel.tsx",227,1,"button",1,0,"B0-SAFE-explicit-type-button","","<button type=""button"" onClick={() => setSettlementBreachOpen(false)} className=""w-full py-1 text-center text-[10px] text-slate-400 hover:text-slate-200"" >"
"src/app/components/lawyer/Form_Urgent_Actions/ClientSideMarker.tsx",11,1,"button",1,0,"B0-SAFE-explicit-type-button","","<button type=""button"" onClick={() => onToggle(!active)} aria-pressed={active} aria-label={active ? 'إزالة علامة الموكل' : 'تعيين موكل من هذا الجانب'} className={[ 'inline-flex items-center gap-1.5 rounded-lg border px-3 min-h-[44px]', 'te"
"src/app/components/lawyer/Form_Urgent_Actions/ProcedureCategoryActionPicker.tsx",126,1,"button",1,0,"B0-SAFE-explicit-type-button","","<button key={option} type=""button"" role=""option"" aria-selected={selected} onClick={() => { onChange(option); setOpen(false); }} className={`w-full text-right px-3 py-2.5 min-h-[44px] rounded-lg border text-sm font-semibold touch-manipul"
"src/app/components/lawyer/Form_Urgent_Actions/ProcedureCategoryActionPicker.tsx",150,1,"button",1,0,"B0-SAFE-explicit-type-button","","<button type=""button"" role=""option"" aria-selected={value === OTHER_VALUE} onClick={() => { onChange(OTHER_VALUE); setOpen(false); }} className={`w-full text-right px-3 py-2.5 min-h-[44px] rounded-lg border text-sm font-semibold touch-ma"
"src/app/components/lawyer/Form_Urgent_Actions/ProcedureCategoryActionPicker.tsx",176,1,"button",1,0,"B0-SAFE-explicit-type-button","","<button ref={triggerRef} type=""button"" onClick={() => setOpen((o) => !o)} className={`${URGENT_DOSSIER_INPUT} flex items-center justify-between gap-3 text-right cursor-pointer touch-manipulation ${ open ? 'border-white/25' : '' }`} aria-h"
"src/app/components/lawyer/Form_Urgent_Actions/UrgentActionsFormHeader.tsx",16,1,"button",1,0,"B0-SAFE-explicit-type-button","","<button type=""button"" onClick={safeClose} className=""min-h-[44px] px-3 rounded-lg bg-white/5 hover:bg-white/10 text-white inline-flex items-center gap-1.5 touch-manipulation"" aria-label=""إلغاء / رجوع"" >"
"src/app/components/lawyer/Form_Urgent_Actions/UrgentActionsFormSubmitBar.tsx",7,1,"submit",0,0,"B1-SAFE-explicit-type-submit","inside_form=false","<button type=""submit"" className=""min-h-[44px] min-w-[9rem] px-5 rounded-lg font-bold text-[#0A0F1C] bg-[#E6C673] hover:bg-[#d4b85f] touch-manipulation focus-visible:outline-none focus-visible:ring-2 focus-visible:ring-[#E6C673]/50"" >"
"src/app/components/lawyer/Form_Urgent_Actions/UrgentActionsParty1Section.tsx",53,1,"button",1,0,"B0-SAFE-explicit-type-button","","<button type=""button"" onClick={() => removeParty1(index)} className=""min-h-[44px] min-w-[44px] h-11 w-11 rounded-lg bg-white/5 text-white/50 hover:bg-red-500/15 hover:text-red-200 flex items-center justify-center shrink-0 touch-manipulat"
"src/app/components/lawyer/Form_Urgent_Actions/UrgentActionsParty1Section.tsx",132,1,"button",1,0,"B0-SAFE-explicit-type-button","","<button type=""button"" onClick={addParty1} className=""mt-4 w-full flex items-center justify-center gap-2 py-2.5 px-4 rounded-lg transition-all text-sm font-bold bg-white/5 text-white/70 hover:bg-white/10 hover:text-[#E6C673]"" >"
"src/app/components/lawyer/Form_Urgent_Actions/UrgentActionsParty2Section.tsx",60,1,"button",1,0,"B0-SAFE-explicit-type-button","","<button type=""button"" onClick={() => removeParty2(index)} className=""min-h-[44px] min-w-[44px] h-11 w-11 rounded-lg bg-white/5 text-white/50 hover:bg-red-500/15 hover:text-red-200 flex items-center justify-center shrink-0 touch-manipulat"
"src/app/components/lawyer/Form_Urgent_Actions/UrgentActionsParty2Section.tsx",139,1,"button",1,0,"B0-SAFE-explicit-type-button","","<button type=""button"" onClick={addParty2} className=""mt-4 w-full flex items-center justify-center gap-2 py-2.5 px-4 rounded-lg transition-all text-sm font-bold bg-white/5 text-white/70 hover:bg-white/10 hover:text-[#E6C673]"" >"
"src/app/components/lawyer/GlobalSearchOverlay/components/RecentSearchesPanel.tsx",17,1,"button",1,0,"B0-SAFE-explicit-type-button","","<button type=""button"" onClick={onClear} className=""text-[10px] text-white/35 active:text-white/70 flex items-center gap-1 min-h-[44px] min-w-[44px] px-2 touch-manipulation"" aria-label=""مسح عمليات البحث الأخيرة"" data-testid=""global-se"
"src/app/components/lawyer/GlobalSearchOverlay/components/RecentSearchesPanel.tsx",30,1,"button",1,0,"B0-SAFE-explicit-type-button","","<button key={s} type=""button"" role=""listitem"" onClick={() => onSelect(s)} className=""hami-gs-recent-chip"" data-testid={`global-search-recent-${s}`} >"
"src/app/components/lawyer/GlobalSearchOverlay/components/ResultRow.tsx",48,1,"button",1,0,"B0-SAFE-explicit-type-button","","<button type=""button"" role=""option"" id={globalSearchOptionId(resultIndex)} onClick={() => onPick(entry)} onMouseEnter={() => onActivate(resultIndex)} data-search-result-index={resultIndex} data-testid={`global-search-result-${resultInde"
"src/app/components/lawyer/GlobalSearchOverlay/components/SearchHeader.tsx",62,1,"button",1,0,"B0-SAFE-explicit-type-button","","<button type=""button"" onClick={onClose} className={`${GS_CLOSE_BTN_CLASS} focus-visible:ring-2 focus-visible:ring-[#E6C673]/45`} aria-label=""إغلاق البحث"" data-testid=""global-search-close"" >"
"src/app/components/lawyer/GlobalSearchOverlay/components/SearchHeader.tsx",75,1,"button",1,0,"B0-SAFE-explicit-type-button","","<button type=""button"" onClick={focusInput} aria-label={scopeActive ? `تصنيف البحث: ${scopeLabel}` : 'تصنيف البحث'} data-testid=""global-search-scope-trigger"" className={`${GS_SCOPE_ICON_WRAP_CLASS} touch-manipulation outline-none focus-v"
"src/app/components/lawyer/GlobalSearchOverlay/components/SearchHeader.tsx",118,1,"button",1,0,"B0-SAFE-explicit-type-button","","<button type=""button"" onClick={() => onQueryChange('')} className=""min-w-[44px] min-h-[44px] w-11 h-11 rounded-xl flex items-center justify-center text-white/45 active:text-white touch-manipulation outline-none focus-visible:ring-2 focus"
"src/app/components/lawyer/GlobalSearchOverlay/components/SearchHeader.tsx",128,1,"button",1,0,"B0-SAFE-explicit-type-button","","<button type=""button"" onClick={() => onScopeChange('all')} className=""min-h-[44px] min-w-[44px] w-11 h-11 rounded-xl flex items-center justify-center text-white/50 touch-manipulation outline-none focus-visible:ring-2 focus-visible:ring-["
"src/app/components/lawyer/GlobalSearchOverlay/components/SearchScopeChipList.tsx",34,1,"button",1,0,"B0-SAFE-explicit-type-button","","<button key={chip.id} type=""button"" role=""option"" aria-selected={selected} data-testid={`global-search-scope-${chip.id}`} onClick={() => { onScopeChange(chip.id); onAfterSelect?.(); }} className={scopeChipClass(selected)} >"
"src/app/components/lawyer/GlobalSearchOverlay/GlobalSearchErrorBoundary.tsx",24,1,"button",1,0,"B0-SAFE-explicit-type-button","","<button type=""button"" onClick={onClose} className=""min-h-[44px] min-w-[44px] px-6 rounded-xl bg-[#E6C673]/12 text-[#E6C673] border border-[#E6C673]/25 active:bg-[#E6C673]/20 text-sm font-bold touch-manipulation"" >"
"src/app/components/lawyer/GlobalSearchOverlay/GlobalSearchInstantSheetChrome.tsx",47,1,"button",1,0,"B0-SAFE-explicit-type-button","","<button type=""button"" onClick={onClose} className={`${GS_CLOSE_BTN_CLASS} focus-visible:ring-2 focus-visible:ring-[#E6C673]/45`} aria-label=""إغلاق البحث"" data-testid=""global-search-close"" >"
"src/app/components/lawyer/GlobalSearchOverlay/GlobalSearchInstantSheetChrome.tsx",96,1,"button",0,0,"B0-SAFE-explicit-type-button","","<button key={chip.id} type=""button"" tabIndex={-1} role=""option"" aria-selected={selected} data-testid={`global-search-scope-${chip.id}`} className={`hami-gs-scope-chip outline-none ${ selected ? 'hami-gs-scope-chip--active' : '' }`} >"
"src/app/components/lawyer/GlobalSearchOverlay/GlobalSearchOverlayLayerFrame.tsx",77,1,"button",1,0,"B0-SAFE-explicit-type-button","","<button type=""button"" aria-label=""إغلاق البحث"" tabIndex={hidden ? -1 : 0} className={GLOBAL_SEARCH_BACKDROP_CLASS} style={{ pointerEvents: hidden ? 'none' : 'auto' }} onClick={() => { if (armBackdropClose) requestClose(onClose); else on"
"src/app/components/lawyer/HamiSettings/account/AccountDocumentOpenButton.tsx",14,1,"button",1,0,"B0-SAFE-explicit-type-button","","<button type=""button"" onPointerDown={(event) => { if (event.button !== 0) return; prefetchAccountLegalDocuments(); }} onClick={onOpen} data-testid={testId} aria-label={label} className=""text-[#E6C673] text-xs font-bold min-h-[44px] min-w"
"src/app/components/lawyer/HamiSettings/account/AccountLegalDocumentHeader.tsx",15,1,"button",1,0,"B0-SAFE-explicit-type-button","","<button type=""button"" onPointerDown={(event) => { if (event.button !== 0) return; event.preventDefault(); event.stopPropagation(); onClose(); }} onClick={(event) => { event.preventDefault(); event.stopPropagation(); }} data-testid=""accou"
"src/app/components/lawyer/HamiSettings/account/AccountLegalDocumentHeader.tsx",39,1,"button",1,0,"B0-SAFE-explicit-type-button","","<button type=""button"" onPointerDown={(event) => { if (event.button !== 0) return; event.preventDefault(); event.stopPropagation(); onClose(); }} onClick={(event) => { event.preventDefault(); event.stopPropagation(); }} aria-label=""إغلاق "
"src/app/components/lawyer/HamiSettings/account/AccountSessionRows.tsx",34,1,"button",1,0,"B0-SAFE-explicit-type-button","","<button type=""button"" onClick={() => openSupportLink(buildHamiSupportMailtoUrl(), 'تم فتح البريد') } data-testid=""settings-account-support-email"" aria-label={`مراسلة الدعم عبر ${HAMI_SUPPORT_EMAIL}`} className=""text-[#E6C673] text-xs f"
"src/app/components/lawyer/HamiSettings/account/AccountSessionRows.tsx",91,1,"button",1,0,"B0-SAFE-explicit-type-button","","<button type=""button"" disabled={logoutPending || deletePhase !== 'idle'} onClick={() => void requestLogout()} data-testid=""settings-account-logout"" aria-label=""تسجيل الخروج"" aria-busy={logoutPending || undefined} className=""text-rose"
"src/app/components/lawyer/HamiSettings/account/AccountSessionRows.tsx",110,1,"button",1,0,"B0-SAFE-explicit-type-button","","<button type=""button"" onClick={requestLogin} data-testid=""settings-account-login"" aria-label=""تسجيل الدخول"" className=""text-[#E6C673] text-xs font-bold min-h-[44px] min-w-[44px] inline-flex items-center justify-center"" >"
"src/app/components/lawyer/HamiSettings/account/AccountSessionRows.tsx",133,1,"button",1,0,"B0-SAFE-explicit-type-button","","<button type=""button"" onClick={cancelDeleteCountdown} data-testid=""settings-account-delete-countdown-cancel"" className=""text-white/50 text-xs hover:text-white min-h-[44px] min-w-[44px] px-2 touch-manipulation"" >"
"src/app/components/lawyer/HamiSettings/account/AccountSessionRows.tsx",143,1,"button",1,0,"B0-SAFE-explicit-type-button","","<button type=""button"" disabled={deletePhase !== 'idle' || logoutPending} onClick={() => void requestDeleteAccount()} data-testid=""settings-account-delete"" aria-label=""مسح الحساب"" aria-busy={deletePhase === 'wiping' || undefined} class"
"src/app/components/lawyer/HamiSettings/appearance/AppearanceBlockCustomizeSheet.tsx",72,1,"button",1,0,"B0-SAFE-explicit-type-button","","<button type=""button"" onPointerDown={(event) => { if (event.button !== 0) return; event.preventDefault(); event.stopPropagation(); onClose(); }} onClick={(event) => { event.preventDefault(); event.stopPropagation(); }} data-testid=""appea"
"src/app/components/lawyer/HamiSettings/appearance/AppearanceBlockCustomizeSheet.tsx",93,1,"button",1,0,"B0-SAFE-explicit-type-button","","<button type=""button"" onPointerDown={(event) => { if (event.button !== 0) return; event.preventDefault(); event.stopPropagation(); onClose(); }} onClick={(event) => { event.preventDefault(); event.stopPropagation(); }} aria-label=""إغلاق "
"src/app/components/lawyer/HamiSettings/appearance/AppearanceBlockStyleControls.tsx",131,1,"button",1,0,"B0-SAFE-explicit-type-button","","<button type=""button"" onClick={customize.resetBlock} className=""flex w-full items-center justify-center gap-2 min-h-[44px] rounded-xl border border-white/10 text-[11px] font-bold text-white/65 hover:bg-white/[0.04] touch-manipulation"" >"
"src/app/components/lawyer/HamiSettings/appearance/AppearanceChapterHeader.tsx",22,1,"button",1,0,"B0-SAFE-explicit-type-button","","<button type=""button"" id={`appearance-chapter-${id}-trigger`} data-testid={meta.testId} aria-expanded={open} aria-controls={`appearance-chapter-${id}-panel`} aria-label={`${meta.label}، ${meta.hint}`} onPointerDown={() => { if (id === 'wa"
"src/app/components/lawyer/HamiSettings/appearance/AppearancePressButton.tsx",19,0,"",1,0,"B3-NEEDS-FIX-NO-TYPE-IMPLICIT-SUBMIT-RISK","outside-form (recommend add type="button")","<button {...rest} type={type} onPointerDown={(event) => { onPointerDown?.(event); if (event.defaultPrevented) return; if (event.button !== 0) return; event.stopPropagation(); commitRef.current = true; onPress(); }} onPointerCancel={(event) "
"src/app/components/lawyer/HamiSettings/appearance/AppearanceThemeAndSurfaceCard.tsx",20,1,"button",1,0,"B0-SAFE-explicit-type-button","","<button type=""button"" data-testid=""appearance-block-customize-toggle"" aria-haspopup=""dialog"" aria-expanded={vm.blockCustomize.panelOpen} onPointerDown={(event) => { if (event.button !== 0) return; event.stopPropagation(); prefetchAppe"
"src/app/components/lawyer/HamiSettings/appearance/AppearanceThemeSwatch.tsx",31,1,"button",1,0,"B0-SAFE-explicit-type-button","","<button type=""button"" onPointerDown={(event) => { if (event.button !== 0) return; event.stopPropagation(); pointerCommitRef.current = true; setPendingKey(themeKey); onSelect(themeKey); }} onClick={(event) => { event.preventDefault(); even"
"src/app/components/lawyer/HamiSettings/appearance/AppearanceWallpaperCard.tsx",56,1,"button",1,0,"B0-SAFE-explicit-type-button","","<button type=""button"" disabled={busy || vm.editorBusy} onClick={onRemove} className=""relative z-[2] text-[12px] font-medium text-rose-400/90 shrink-0 min-h-[44px] min-w-[44px] px-1 inline-flex items-center justify-center touch-manipulati"
"src/app/components/lawyer/HamiSettings/appearance/WallpaperEditorPanel.tsx",106,1,"button",1,0,"B0-SAFE-explicit-type-button","","<button type=""button"" disabled={busy} onClick={onCancel} data-testid=""settings-wallpaper-editor-cancel"" className=""flex-1 min-h-[44px] rounded-xl border border-white/10 text-[11px] font-bold text-white/70 touch-manipulation disabled:op"
"src/app/components/lawyer/HamiSettings/appearance/WallpaperEditorPanel.tsx",115,1,"button",1,0,"B0-SAFE-explicit-type-button","","<button type=""button"" disabled={busy || !ready} onClick={() => onApply(transformRef.current)} data-testid=""settings-wallpaper-editor-apply"" aria-busy={busy || undefined} className=""flex-1 min-h-[44px] rounded-xl border border-[#E6C673]"
"src/app/components/lawyer/HamiSettings/AsyncSettingToggle.tsx",81,1,"button",1,0,"B0-SAFE-explicit-type-button","","<button type=""button"" role=""switch"" aria-checked={checked} aria-busy={pending || undefined} aria-disabled={busy || undefined} aria-label={label} aria-labelledby={ariaLabelledBy} disabled={pending || Boolean(disabled)} data-testid={testI"
"src/app/components/lawyer/HamiSettings/components/SettingsCollapseToggle.tsx",17,1,"button",1,0,"B0-SAFE-explicit-type-button","","<button type=""button"" onClick={onToggle} aria-expanded={expanded} aria-label={expanded ? `طي ${label}` : `عرض كل ${label}`} className=""shrink-0 flex items-center gap-1 px-2 min-h-[44px] min-w-[44px] text-[12px] font-medium text-white/45 "
"src/app/components/lawyer/HamiSettings/data/BusinessBackupExportPanel.tsx",115,1,"button",1,0,"B0-SAFE-explicit-type-button","","<button type=""button"" onClick={() => void backup.refreshBackupPreview()} className=""flex-1 px-3 py-2 rounded-xl bg-white/5 border border-white/10 text-xs text-white/70 hover:text-white min-h-[44px] min-w-[44px]"" >"
"src/app/components/lawyer/HamiSettings/data/BusinessBackupExportPanel.tsx",122,1,"button",1,0,"B0-SAFE-explicit-type-button","","<button type=""button"" onClick={() => void backup.exportBusinessBackup()} className=""flex-1 px-3 py-2 rounded-xl bg-[#E6C673] text-[#0B1021] text-xs font-bold min-h-[44px] min-w-[44px]"" >"
"src/app/components/lawyer/HamiSettings/data/BusinessBackupImportPreview.tsx",72,1,"button",1,0,"B0-SAFE-explicit-type-button","","<button type=""button"" onClick={onCancel} className=""flex-1 px-3 py-2 rounded-xl bg-white/5 border border-white/10 text-xs text-white/70 hover:text-white min-h-[44px] min-w-[44px]"" >"
"src/app/components/lawyer/HamiSettings/data/BusinessBackupImportPreview.tsx",79,1,"button",1,0,"B0-SAFE-explicit-type-button","","<button type=""button"" onClick={onConfirm} className=""flex-1 px-3 py-2 rounded-xl bg-[#E6C673] text-[#0B1021] text-xs font-bold min-h-[44px] min-w-[44px]"" >"
"src/app/components/lawyer/HamiSettings/data/BusinessBackupSection.tsx",78,1,"button",1,0,"B0-SAFE-explicit-type-button","","<button type=""button"" onPointerDown={(event) => { if (event.button !== 0) return; prefetchBusinessBackupEngine(); }} onClick={backup.toggleBackupPanel} data-testid=""settings-backup-setup"" className=""text-[#E6C673] text-xs font-bold min"
"src/app/components/lawyer/HamiSettings/data/BusinessBackupSection.tsx",90,1,"button",1,0,"B0-SAFE-explicit-type-button","","<button type=""button"" onClick={openImportPicker} data-testid=""settings-backup-import"" className=""text-white/60 text-xs hover:text-white min-h-[44px] min-w-[44px] px-2 touch-manipulation inline-flex items-center"" >"
"src/app/components/lawyer/HamiSettings/data/DataDangerZone.tsx",60,1,"button",1,0,"B0-SAFE-explicit-type-button","","<button type=""button"" onClick={wipe.cancelCountdown} data-testid=""settings-wipe-countdown-cancel"" className=""text-white/50 text-xs hover:text-white min-h-[44px] min-w-[44px] px-2 touch-manipulation"" >"
"src/app/components/lawyer/HamiSettings/data/DataDangerZone.tsx",70,1,"button",1,0,"B0-SAFE-explicit-type-button","","<button type=""button"" disabled={dangerBusy} onClick={() => void wipe.requestFullWipe()} data-testid=""settings-wipe-start"" aria-busy={wipe.wipePhase === 'wiping' || undefined} className=""text-rose-400 text-xs font-bold disabled:opacity-"
"src/app/components/lawyer/HamiSettings/data/DataDangerZone.tsx",88,1,"button",1,0,"B0-SAFE-explicit-type-button","","<button type=""button"" disabled={dangerBusy} onClick={() => void confirmReset()} data-testid=""settings-reset-start"" className=""text-rose-400 text-xs font-bold disabled:opacity-40 min-h-[44px] min-w-[44px] inline-flex items-center justif"
"src/app/components/lawyer/HamiSettings/data/DataSyncCard.tsx",39,1,"button",1,0,"B0-SAFE-explicit-type-button","","<button type=""button"" data-testid=""settings-cloud-sync-now"" aria-busy={syncNowPending || undefined} disabled={syncNowPending} onClick={onSyncNowClick} className=""text-[#E6C673] text-xs font-bold min-h-[44px] min-w-[44px] px-2 touch-man"
"src/app/components/lawyer/HamiSettings/data/ExecutionIndexQuarantineRow.tsx",61,1,"button",1,0,"B0-SAFE-explicit-type-button","","<button type=""button"" disabled={busy} onClick={() => void onClaim()} data-testid=""settings-claim-quarantined-execution-index"" className=""text-amber-400 text-xs font-bold min-h-[44px] min-w-[44px] inline-flex items-center justify-center"
"src/app/components/lawyer/HamiSettings/settings-ui/Segmented.tsx",67,1,"button",1,0,"B0-SAFE-explicit-type-button","","<button key={opt.value} ref={(node) => { buttonRefs.current[index] = node; }} type=""button"" role=""radio"" data-testid={opt.testId} aria-checked={selected} tabIndex={selected ? 0 : -1} onKeyDown={(event) => onOptionKeyDown(event, index)} "
"src/app/components/lawyer/HamiSettings/settings-ui/Toggle.tsx",41,1,"button",1,0,"B0-SAFE-explicit-type-button","","<button type=""button"" role=""switch"" aria-checked={displayed} aria-label={label} aria-labelledby={ariaLabelledBy} disabled={disabled} data-testid={testId} onPointerDown={(event) => { if (event.button !== 0) return; event.stopPropagation("
"src/app/components/lawyer/HamiSettings/SettingsErrorBoundary.tsx",34,1,"button",1,0,"B0-SAFE-explicit-type-button","","<button type=""button"" onClick={onClose} data-testid=""settings-error-close"" className=""min-h-[44px] min-w-[44px] px-6 rounded-xl bg-[#E6C673]/12 text-[#E6C673] border border-[#E6C673]/25 active:bg-[#E6C673]/20 text-sm font-bold"" >"
"src/app/components/lawyer/HamiSettings/SettingsShellHeader.tsx",68,1,"button",1,0,"B0-SAFE-explicit-type-button","","<button type=""button"" data-testid=""settings-shell-close"" className=""hami-settings-close flex h-11 w-11 min-h-[44px] min-w-[44px] items-center justify-center touch-manipulation"" style={{ WebkitTapHighlightColor: 'transparent', touchAct"
"src/app/components/lawyer/HamiSettings/SettingsShellHeader.tsx",98,1,"button",1,0,"B0-SAFE-explicit-type-button","","<button key={item.id} id={`settings-tab-${item.id}`} type=""button"" role=""tab"" aria-selected={active} aria-controls=""settings-section-panel"" tabIndex={active ? 0 : -1} onPointerEnter={() => { prefetchSettingsSection(item.id); }} onFocu"
"src/app/components/lawyer/LawyerDashboardParts/components/HeaderToolbarIcon.tsx",62,1,"button",1,0,"B0-SAFE-explicit-type-button","","<button type=""button"" onClick={() => { if (activateOnPointerDown && armedRef.current) { clearArm(); return; } onClick(); }} onPointerEnter={onPointerEnter} onPointerDown={(event) => { if (event.button !== 0) return; onPointerDown?.(event)"
"src/app/components/lawyer/LawyerDashboardParts/components/HeaderToolbarReveal.tsx",18,1,"button",1,0,"B0-SAFE-explicit-type-button","","<button type=""button"" className=""hami-header-tools-reveal"" data-testid=""header-tools-reveal"" aria-expanded={open} aria-controls=""header-toolbar-tools"" aria-label={label} title={label} onClick={onToggle} style={{ WebkitTapHighlightCo"
"src/app/components/lawyer/LawyerHomeHubCard/components/HomeHubAlertRow.tsx",54,1,"button",0,0,"B0-SAFE-explicit-type-button","","<button type=""button"" dir=""rtl"" aria-label={`${alert.title}${alert.timeLabel ? ` — ${alert.timeLabel}` : ''}`} className={`hami-hub-alert-row__open ${HUB_CONTENT_BUTTON_A11Y}`} {...openPress} >"
"src/app/components/lawyer/LawyerHomeHubCard/components/HomeHubAlertRow.tsx",86,1,"button",0,0,"B0-SAFE-explicit-type-button","","<button type=""button"" className={`hami-hub-alert-row__action ${pinned ? 'hami-hub-alert-row__action--pinned' : ''} ${HUB_CONTENT_BUTTON_A11Y}`} title={pinned ? 'إلغاء التثبيت' : 'تثبيت في البطاقة العامة'} aria-label={ pinned ? `إلغاء تثبي"
"src/app/components/lawyer/LawyerHomeHubCard/components/HomeHubAlertRow.tsx",101,1,"button",0,0,"B0-SAFE-explicit-type-button","","<button type=""button"" className={`hami-hub-alert-row__action ${HUB_CONTENT_BUTTON_A11Y}`} title=""تجاهل"" aria-label={`تجاهل ${alert.title}`} {...dismissPress} >"
"src/app/components/lawyer/LawyerHomeHubCard/components/HomeHubMoreOverlayShell.tsx",89,1,"button",1,0,"B0-SAFE-explicit-type-button","","<button type=""button"" className=""hami-hub-radar-overlay__backdrop"" aria-label={backdropAriaLabel} tabIndex={-1} onClick={requestBack} />"
"src/app/components/lawyer/LawyerHomeHubCard/components/HomeHubMoreOverlayShell.tsx",123,1,"button",1,0,"B0-SAFE-explicit-type-button","","<button ref={closeRef} type=""button"" data-testid={closeTestId} className={`hami-hub-radar-overlay__close ${HUB_CONTENT_BUTTON_A11Y}`} aria-label=""إغلاق"" onClick={requestBack} >"
"src/app/components/lawyer/LawyerHomeHubCard/components/HomeHubPinRow.tsx",49,1,"button",0,0,"B0-SAFE-explicit-type-button","","<button type=""button"" aria-label={navigateLabel} className={`flex-1 min-w-0 text-right min-h-[44px] rounded-lg touch-manipulation ${HUB_CONTENT_BUTTON_A11Y}`} {...openPress} >"
"src/app/components/lawyer/LawyerHomeHubCard/components/HomeHubPinRow.tsx",62,1,"button",0,0,"B0-SAFE-explicit-type-button","","<button type=""button"" className={`min-w-[44px] min-h-[44px] flex items-center justify-center border shrink-0 touch-manipulation ${visual.button} ${visual.accent} ${HUB_CONTENT_BUTTON_A11Y}`} title={unpinLabel} aria-label={unpinLabel} {..."
"src/app/components/lawyer/LawyerHomeHubCard/components/HomeHubRadarRow.tsx",36,1,"button",0,0,"B0-SAFE-explicit-type-button","","<button type=""button"" dir=""rtl"" data-testid={`home-hub-radar-item-${ev.id}`} aria-label={resolveHomeHubRadarItemAriaLabel(ev)} className={`hami-hub-radar__open ${HUB_CONTENT_BUTTON_A11Y}`} {...openPress} >"
"src/app/components/lawyer/LawyerHomeHubCard/components/HomeHubRadarRow.tsx",78,1,"button",0,0,"B0-SAFE-explicit-type-button","","<button type=""button"" data-testid={`home-hub-radar-dismiss-${ev.id}`} title={dismissLabel} aria-label={dismissLabel} className={`hami-hub-radar__dismiss ${HUB_CONTENT_BUTTON_A11Y}`} {...dismissPress} >"
"src/app/components/lawyer/LawyerHomeHubCard/components/HomeHubTabMoreTrigger.tsx",36,1,"button",0,0,"B0-SAFE-explicit-type-button","","<button type=""button"" className={`hami-hub-tab-more-trigger${isDock ? ' hami-hub-tab-more-trigger--dock' : ''} ${HUB_CONTENT_BUTTON_A11Y}`} data-testid={testId} aria-haspopup=""dialog"" aria-expanded={expanded} aria-controls={controlsId} "
"src/app/components/lawyer/LawyerHomeHubCard/components/HubPanelTabs.tsx",96,1,"button",1,0,"B0-SAFE-explicit-type-button","","<button key={panel} type=""button"" role=""tab"" id={`home-hub-tab-${panel}`} ref={(node) => { tabRefs.current[panel] = node; }} aria-controls={`home-hub-panel-${panel}`} aria-selected={active} aria-label={resolveHomeHubTabAriaLabel(panel, "
"src/app/components/lawyer/LawyerNewCase/components/CaseBasicsForm.tsx",245,1,"button",1,0,"B0-SAFE-explicit-type-button","","<button type=""button"" data-testid=""lawyer-new-case-save-type"" onClick={() => { saveType(caseDetails.type); commitType(); }} className=""shrink-0 min-h-[44px] min-w-[44px] px-3 rounded-xl border border-white/[0.08] bg-white/[0.03] text-["
"src/app/components/lawyer/LawyerNewCase/components/CaseBasicsForm.tsx",337,1,"button",1,0,"B0-SAFE-explicit-type-button","","<button key={id} type=""button"" role=""checkbox"" aria-checked={active} onClick={() => toggleValueMode(id)} className={`flex items-center gap-2 w-full rounded-lg border px-2.5 py-1.5 text-[10px] font-medium text-right transition-all durati"
"src/app/components/lawyer/LawyerNewCase/components/CaseFieldSelect.tsx",96,1,"button",1,0,"B0-SAFE-explicit-type-button","","<button key={option} type=""button"" role=""option"" aria-selected={value === option} data-testid={`case-field-option-${option}`} onClick={() => { onChange(option); setOpen(false); }} className={`w-full min-h-[44px] px-3 py-2.5 text-right t"
"src/app/components/lawyer/LawyerNewCase/components/CaseFieldSelect.tsx",120,1,"button",1,0,"B0-SAFE-explicit-type-button","","<button ref={setRefs} type=""button"" aria-label={ariaLabel} aria-haspopup=""listbox"" aria-expanded={open} disabled={disabled} onClick={() => { if (!disabled) setOpen((current) => !current); }} className={`${ncFieldClass(hasError)} flex w-"
"src/app/components/lawyer/LawyerNewCase/components/CaseHeader.tsx",26,1,"button",1,0,"B0-SAFE-explicit-type-button","","<button type=""button"" onClick={onClose} aria-label=""إغلاق"" className=""inline-flex min-h-[44px] min-w-[44px] items-center justify-center rounded-full text-white/55 hover:text-white hover:bg-white/[0.06] transition-colors touch-manipulat"
"src/app/components/lawyer/LawyerNewCase/components/IncidentalSpawnPartyPickers.tsx",22,1,"button",1,0,"B0-SAFE-explicit-type-button","","<button key={party.id} type=""button"" onClick={() => onSelect(party.id)} className={`w-full text-right rounded-xl border px-3 py-2.5 transition-colors ${ active ? 'border-[#E6C673]/40 bg-[#E6C673]/12 text-[#F4E9CD]' : 'border-white/[0.08] "
"src/app/components/lawyer/LawyerNewCase/components/JurisdictionGlassPanel.tsx",18,1,"button",1,0,"B0-SAFE-explicit-type-button","","<button key={item.id} type=""button"" role=""listitem"" onClick={() => onSelect(item.id)} onPointerEnter={() => onItemPointerEnter?.(item.id)} onFocus={() => onItemPointerEnter?.(item.id)} data-testid={`new-case-jurisdiction-${item.id}`} cl"
"src/app/components/lawyer/LawyerNewCase/components/PartiesSection.tsx",48,1,"button",1,0,"B0-SAFE-explicit-type-button","","<button type=""button"" onClick={() => onAdd(side)} className=""mt-4 w-full py-2.5 rounded-xl border border-dashed border-white/[0.12] bg-white/[0.02] flex items-center justify-center gap-2 text-white/40 text-xs hover:border-[#E6C673]/35 ho"
"src/app/components/lawyer/LawyerNewCase/components/PartyCard.tsx",28,1,"button",1,0,"B0-SAFE-explicit-type-button","","<button type=""button"" onClick={() => onUpdate('isClient', !isClient)} title=""تحديد كموكل"" aria-pressed={isClient} data-testid=""lawyer-new-case-mark-client"" className={`inline-flex shrink-0 items-center justify-center rounded-md border"
"src/app/components/lawyer/LawyerNewCase/components/PartyCard.tsx",46,1,"button",1,0,"B0-SAFE-explicit-type-button","","<button type=""button"" onClick={onRemove} className=""min-h-[44px] min-w-[44px] flex items-center justify-center rounded bg-red-500/10 text-red-400 hover:bg-red-500 hover:text-white transition-all shrink-0 touch-manipulation"" title=""حذف "
"src/app/components/lawyer/LawyerNewCase/components/SaveButton.tsx",20,1,"button",1,0,"B0-SAFE-explicit-type-button","","<button type=""button"" data-testid=""lawyer-new-case-save"" onClick={onSave} disabled={isAnalyzing || hasCriminalError} className={ isPersonal ? PERSONAL_STATUS_SAVE_BTN : 'w-full h-12 rounded-xl border border-[#E6C673]/35 bg-[#E6C673]/15 "
"src/app/components/lawyer/LawyerNewCase/components/ThirdPartiesSection.tsx",58,1,"button",1,0,"B0-SAFE-explicit-type-button","","<button type=""button"" onClick={() => onUpdate(tp.id, 'isClient', !tp.isClient)} title=""تحديد كموكل"" className={clientPillClass(tp, tp.isClient)} >"
"src/app/components/lawyer/LawyerNewCase/components/ThirdPartiesSection.tsx",67,1,"button",1,0,"B0-SAFE-explicit-type-button","","<button type=""button"" onClick={() => onRemove(tp.id)} className=""min-h-[44px] min-w-[44px] h-11 w-11 flex items-center justify-center rounded-lg bg-red-500/10 text-red-400 hover:bg-red-500 hover:text-white transition-all shrink-0 touch-m"
"src/app/components/lawyer/LawyerNewCase/components/ThirdPartiesSection.tsx",103,1,"button",1,0,"B0-SAFE-explicit-type-button","","<button type=""button"" data-testid=""lawyer-new-case-add-third-party"" onClick={onAdd} className=""w-full min-h-[44px] py-2.5 rounded-xl border border-dashed border-white/[0.12] bg-white/[0.02] flex items-center justify-center gap-2 text-w"
"src/app/components/lawyer/LawyerNewCase/components/ThirdPartyModal.tsx",92,1,"button",1,0,"B0-SAFE-explicit-type-button","","<button type=""button"" onClick={onClose} aria-label=""إغلاق"" className=""flex min-h-[44px] min-w-[44px] h-11 w-11 items-center justify-center rounded-2xl border border-white/[0.08] bg-white/[0.04] text-white/45 transition-colors hover:bor"
"src/app/components/lawyer/LawyerNewCase/components/ThirdPartyModal.tsx",111,1,"button",1,0,"B0-SAFE-explicit-type-button","","<button key={opt.id} type=""button"" disabled={disabled} data-testid={`lawyer-new-case-third-party-mode-${opt.id}`} onClick={() => setEntryMode(opt.id)} className={`${chipBase} ${active ? chipActive : chipIdle} ${ disabled ? 'opacity-40 cur"
"src/app/components/lawyer/LawyerNewCase/components/ThirdPartyModal.tsx",139,1,"button",1,0,"B0-SAFE-explicit-type-button","","<button key={side} type=""button"" onClick={() => setAffiliatedSide(side)} className={`${chipBase} ${ affiliatedSide === side ? chipActive : chipIdle }`} >"
"src/app/components/lawyer/LawyerNewCase/components/ThirdPartyModal.tsx",173,1,"button",1,0,"B0-SAFE-explicit-type-button","","<button type=""button"" onClick={onClose} className=""min-h-[44px] px-5 py-2.5 rounded-2xl border border-white/[0.08] bg-white/[0.03] text-sm font-bold text-white/55 transition-colors hover:text-white/80 hover:bg-white/[0.05]"" >"
"src/app/components/lawyer/LawyerNewCase/components/ThirdPartyModal.tsx",180,1,"button",1,0,"B0-SAFE-explicit-type-button","","<button type=""button"" data-testid=""lawyer-new-case-third-party-confirm"" onClick={handleSave} disabled={!name.trim()} className=""min-h-[44px] px-6 py-2.5 rounded-2xl bg-[#E6C673] text-[#0B1021] text-sm font-extrabold hover:bg-[#d4b45f] "
"src/app/components/lawyer/Modal_Payment_Calculator.tsx",78,1,"button",1,0,"B0-SAFE-explicit-type-button","","<button type=""button"" onClick={onClose} className=""p-2 hover:bg-emerald-500/20 rounded-lg transition-all"">"
"src/app/components/lawyer/Modal_Payment_Calculator.tsx",145,1,"button",1,0,"B0-SAFE-explicit-type-button","","<button type=""button"" onClick={handleSubmit} disabled={!amount || parseFloat(amount) <= 0} className=""w-full bg-gradient-to-r from-emerald-600 to-emerald-500 hover:from-emerald-500 hover:to-emerald-400 disabled:from-gray-700 disabled:to-"
"src/app/components/lawyer/Modal_Quick_Log.tsx",101,1,"button",1,0,"B0-SAFE-explicit-type-button","","<button type=""button"" onClick={onClose} className=""w-9 h-9 rounded-lg border border-white/10 bg-white/5 hover:bg-white/10 flex items-center justify-center text-white shrink-0 touch-manipulation"" aria-label=""إغلاق"" >"
"src/app/components/lawyer/Modal_Quick_Log.tsx",141,1,"button",1,0,"B0-SAFE-explicit-type-button","","<button key={option.value} type=""button"" onClick={() => setResult(option.value as GrievanceResult)} className={`min-h-[40px] px-2 py-2 rounded-lg border text-xs font-bold transition-colors touch-manipulation ${ result === option.value ? '"
"src/app/components/lawyer/Modal_Quick_Log.tsx",172,1,"button",1,0,"B0-SAFE-explicit-type-button","","<button type=""button"" onClick={onClose} className=""px-4 py-2 rounded-xl text-white/60 hover:text-white hover:bg-white/5 transition-colors font-bold text-sm touch-manipulation"" >"
"src/app/components/lawyer/Modal_Quick_Log.tsx",179,1,"button",1,0,"B0-SAFE-explicit-type-button","","<button type=""button"" onClick={handleSubmit} disabled={!actionDate || !actionDateValid || (config.needsResult && !result)} className={`${URGENT_DOSSIER_BTN_PRIMARY} min-h-[40px] py-2 text-xs disabled:opacity-50 disabled:cursor-not-allowed"
"src/app/components/lawyer/Modal_Seized_Assets_Manager.tsx",141,1,"button",1,0,"B0-SAFE-explicit-type-button","","<button type=""button"" onClick={onClose} className=""w-full py-3 px-6 rounded-xl bg-slate-700 hover:bg-slate-600 text-white font-bold transition-colors"" >"
"src/app/components/lawyer/Modal_Settlement_Calculator.tsx",110,1,"button",1,0,"B0-SAFE-explicit-type-button","","<button type=""button"" onClick={onClose} className=""p-2 hover:bg-blue-500/20 rounded-lg transition-all"">"
"src/app/components/lawyer/Modal_Settlement_Calculator.tsx",210,1,"button",1,0,"B0-SAFE-explicit-type-button","","<button type=""button"" onClick={handleSubmit} disabled={!downPayment || !monthlyInstallment || parseFloat(downPayment) <= 0 || parseFloat(monthlyInstallment) <= 0} className=""w-full bg-gradient-to-r from-blue-600 to-blue-500 hover:from-bl"
"src/app/components/lawyer/Modal_Unified_Summons_Hub/components/ConfirmAttendanceModal.tsx",31,1,"button",1,0,"B0-SAFE-explicit-type-button","","<button type=""button"" onClick={onCancel} className=""shrink-0 rounded-xl border border-white/10 bg-white/5 p-2 text-slate-200 hover:bg-white/10"" aria-label=""إغلاق"" >"
"src/app/components/lawyer/Modal_Unified_Summons_Hub/components/ConfirmAttendanceModal.tsx",41,1,"button",1,0,"B0-SAFE-explicit-type-button","","<button type=""button"" onClick={onConfirm} className=""w-full rounded-xl border border-amber-500/45 bg-amber-950/35 py-3 text-[12px] font-black text-amber-100 hover:bg-amber-950/45"" >"
"src/app/components/lawyer/Modal_Unified_Summons_Hub/components/ConfirmAttendanceModal.tsx",48,1,"button",1,0,"B0-SAFE-explicit-type-button","","<button type=""button"" onClick={onCancel} className=""w-full rounded-xl border border-white/10 bg-white/5 py-3 text-[12px] font-bold text-slate-200 hover:bg-white/10"" >"
"src/app/components/lawyer/Modal_Unified_Summons_Hub/SummonsHubGuarantorPanel.tsx",83,1,"button",1,0,"B0-SAFE-explicit-type-button","","<button type=""button"" onClick={() => { guarantorNotificationFeature.onAttend(); onClose(); }} className=""w-full rounded-xl border border-emerald-500/25 bg-emerald-500/10 py-2.5 text-[12px] font-bold text-emerald-50 hover:bg-emerald-500/1"
"src/app/components/lawyer/Modal_Unified_Summons_Hub/SummonsHubGuarantorPanel.tsx",93,1,"button",1,0,"B0-SAFE-explicit-type-button","","<button type=""button"" onClick={() => { guarantorNotificationFeature.onTerminate(); onClose(); }} className=""w-full rounded-xl border border-rose-500/25 bg-rose-500/10 py-2.5 text-[12px] font-bold text-rose-50 hover:bg-rose-500/15"" >"
"src/app/components/lawyer/Modal_Unified_Summons_Hub/SummonsHubGuarantorPanel.tsx",105,1,"button",1,0,"B0-SAFE-explicit-type-button","","<button type=""button"" onClick={submitGuarantorNotice} className=""w-full rounded-xl border border-amber-500/25 bg-amber-500/10 py-2.5 text-[12px] font-bold text-amber-50 hover:bg-amber-500/15"" >"
"src/app/components/lawyer/Modal_Unified_Summons_Hub/SummonsHubHeader.tsx",23,1,"button",1,0,"B0-SAFE-explicit-type-button","","<button type=""button"" onClick={onClose} className={EXEC_MODAL_CLOSE_BTN_CLASS}>"
"src/app/components/lawyer/Modal_Unified_Summons_Hub/SummonsHubNashrPanel.tsx",129,1,"button",1,0,"B0-SAFE-explicit-type-button","","<button type=""button"" onClick={() => { publicationNoticeFeature.onDebtorAttended(); setHubMainTab('nashr'); setNashrFormError(''); }} className=""w-full bg-gradient-to-r from-emerald-600 to-emerald-500 hover:from-emerald-500 hover:to-emer"
"src/app/components/lawyer/Modal_Unified_Summons_Hub/SummonsHubNashrPanel.tsx",140,1,"button",1,0,"B0-SAFE-explicit-type-button","","<button type=""button"" onClick={() => { publicationNoticeFeature.onTerminate(); setNashrClearedOptimistic(true); setHubMainTab('nashr'); setNashrFormError(''); }} className=""w-full border border-slate-500/50 text-slate-300 font-semibold p"
"src/app/components/lawyer/Modal_Unified_Summons_Hub/SummonsHubNashrPanel.tsx",204,1,"button",1,0,"B0-SAFE-explicit-type-button","","<button type=""button"" onClick={() => { setNashrFormError(''); const d = String(nashrDate ?? '').trim(); if (!d) { setNashrFormError('أدخل تاريخ النشر في الجريدة'); return; } const vr = validateDate(d); if (!vr.ok) { setDateError(vr.error "
"src/app/components/lawyer/Modal_Unified_Summons_Hub/SummonsHubTablighPanel.tsx",121,1,"button",1,0,"B0-SAFE-explicit-type-button","","<button type=""button"" onClick={() => setMemoDateEditing(true)} className=""inline-flex h-9 w-9 shrink-0 items-center justify-center rounded-xl border border-white/10 bg-white/[0.04] text-slate-200 hover:bg-white/[0.06]"" aria-label=""تعدي"
"src/app/components/lawyer/Modal_Unified_Summons_Hub/SummonsHubTablighPanel.tsx",158,1,"button",1,0,"B0-SAFE-explicit-type-button","","<button type=""button"" onClick={() => markExecutionSummonsArchived('attended')} className=""w-full rounded-xl border border-emerald-500/30 bg-gradient-to-r from-emerald-900/45 to-emerald-800/40 py-3 text-[12px] font-black text-emerald-50 h"
"src/app/components/lawyer/Modal_Unified_Summons_Hub/SummonsHubTablighPanel.tsx",167,1,"button",1,0,"B0-SAFE-explicit-type-button","","<button type=""button"" onClick={() => markExecutionSummonsArchived('expired')} className=""w-full rounded-xl border border-amber-500/35 bg-gradient-to-r from-amber-950/55 to-orange-950/40 py-3 text-[12px] font-black text-amber-50 hover:fro"
"src/app/components/lawyer/Modal_Unified_Summons_Hub/SummonsHubTablighPanel.tsx",190,1,"button",1,0,"B0-SAFE-explicit-type-button","","<button type=""button"" onClick={() => { setMemoDateEditing(false); setMemoError(''); }} className=""w-full rounded-xl border border-white/10 bg-white/[0.03] py-2.5 text-[11px] font-bold text-slate-300 hover:bg-white/[0.06]"" >"
"src/app/components/lawyer/Modal_Unified_Summons_Hub/SummonsHubTablighPanel.tsx",229,1,"button",1,0,"B0-SAFE-explicit-type-button","","<button type=""button"" onClick={() => { setHubMainTab('nashr'); setDateError(''); setNashrFormError(''); }} className={HUB_GOLD_ACTION_CLASS} >"
"src/app/components/lawyer/Modal_Unified_Summons_Hub/SummonsHubTablighPanel.tsx",242,1,"button",1,0,"B0-SAFE-explicit-type-button","","<button type=""button"" onClick={() => setConfirmAttendanceWithoutNoticeOpen(true)} disabled={!onRegisterDebtorVoluntaryAttendance && !evictionDebtorExecutionStrip?.onRegisterAttendance} className=""w-full rounded-xl border border-emerald-5"
"src/app/components/lawyer/Modal_Unified_Summons_Hub/SummonsHubTablighPanel.tsx",277,1,"button",1,0,"B0-SAFE-explicit-type-button","","<button type=""button"" onClick={() => { onRegisterDebtorVoluntaryAttendance?.(); setTablighTaskOptimistic(null); onClose(); }} className=""w-full rounded-xl border border-emerald-500/25 bg-emerald-900/20 py-3 text-[12px] font-black text-em"
"src/app/components/lawyer/Modal_Unified_Summons_Hub/SummonsHubTablighPanel.tsx",288,1,"button",1,0,"B0-SAFE-explicit-type-button","","<button type=""button"" onClick={() => { onTerminateTablighTask?.(); setTablighTaskOptimistic(null); setTablighClearedOptimistic(true); }} className=""w-full rounded-xl border border-amber-500/25 bg-amber-900/15 py-3 text-[12px] font-black "
"src/app/components/lawyer/Modal_Unified_Summons_Hub/SummonsHubTablighPanel.tsx",322,1,"button",1,0,"B0-SAFE-explicit-type-button","","<button type=""button"" onClick={() => { const ymd = String(debtorDate || '').trim(); if (!ymd) { setDateError('أدخل تاريخ التبليغ'); return; } const vr = validateDate(ymd); if (!vr.ok) { setDateError(vr.error || 'تأكد من تاريخ التبليغ'); r"
"src/app/components/lawyer/Modal_Unified_Summons_Hub/SummonsHubTaklifPanel.tsx",104,1,"button",1,0,"B0-SAFE-explicit-type-button","","<button type=""button"" onClick={() => setTaklifDurationDays((d) => Math.min(30, Math.max(1, d + 1))) } className=""w-10 h-10 rounded-lg bg-slate-700 text-white font-bold text-lg hover:bg-slate-600"" >"
"src/app/components/lawyer/Modal_Unified_Summons_Hub/SummonsHubTaklifPanel.tsx",116,1,"button",1,0,"B0-SAFE-explicit-type-button","","<button type=""button"" onClick={() => setTaklifDurationDays((d) => Math.max(1, d - 1)) } className=""w-10 h-10 rounded-lg bg-slate-700 text-white font-bold text-lg hover:bg-slate-600"" >"
"src/app/components/lawyer/Modal_Unified_Summons_Hub/SummonsHubTaklifPanel.tsx",143,1,"button",1,0,"B0-SAFE-explicit-type-button","","<button type=""button"" onClick={handleTaklifConfirm} className=""w-full bg-gradient-to-r from-amber-700 to-amber-600 hover:from-amber-600 hover:to-amber-500 text-white font-bold py-3 rounded-xl"" >"
"src/app/components/lawyer/Modal_Unified_Summons_Hub/SummonsHubTaklifPanel.tsx",182,1,"button",1,0,"B0-SAFE-explicit-type-button","","<button type=""button"" onClick={() => { employeeAssignmentFeature.onAttend(); onClose(); }} className=""w-full bg-gradient-to-r from-emerald-600 to-emerald-500 text-white font-bold py-3 rounded-xl flex items-center justify-center gap-2"" >"
"src/app/components/lawyer/Modal_Unified_Summons_Hub/SummonsHubTaklifPanel.tsx",194,1,"button",1,0,"B0-SAFE-explicit-type-button","","<button type=""button"" onClick={() => employeeAssignmentFeature.onDeclareAbsent()} className=""w-full bg-gradient-to-r from-rose-700 to-rose-600 text-white font-bold py-3 rounded-xl"" >"
"src/app/components/lawyer/Modal_Unified_Summons_Hub/SummonsHubTaklifPanel.tsx",202,1,"button",1,0,"B0-SAFE-explicit-type-button","","<button type=""button"" onClick={() => { employeeAssignmentFeature.onTerminate(); onClose(); }} className=""w-full border border-slate-500/50 text-slate-300 font-semibold py-2.5 rounded-xl text-sm"" >"
"src/app/components/lawyer/Modal_Unified_Summons_Hub/SummonsHubTaklifPanel.tsx",252,1,"button",1,0,"B0-SAFE-explicit-type-button","","<button type=""button"" onClick={() => { employeeAssignmentFeature.onTerminate(); onClose(); }} className=""w-full border border-slate-500/50 text-slate-300 font-semibold py-2.5 rounded-xl text-sm"" >"
"src/app/components/lawyer/NeuralAlertsCard/HorizonFilterTabs.tsx",105,1,"button",1,0,"B0-SAFE-explicit-type-button","","<button key={key} type=""button"" role=""tab"" id={`${idPrefix}-${key}`} ref={(node) => { tabRefs.current[key] = node; }} aria-selected={isActive} aria-controls={feedId} tabIndex={isActive ? 0 : -1} onClick={() => onChange(key)} onKeyDown={"
"src/app/components/lawyer/NotificationPanel/components/CaseShareCard.tsx",81,1,"button",1,0,"B0-SAFE-explicit-type-button","","<button type=""button"" data-testid=""case-share-accept-btn"" disabled={busyId === share.id} onClick={() => void onRespond(share, 'accept')} className=""flex-1 py-2.5 rounded-xl bg-emerald-500/15 text-emerald-300 text-xs font-bold flex item"
"src/app/components/lawyer/NotificationPanel/components/CaseShareCard.tsx",90,1,"button",1,0,"B0-SAFE-explicit-type-button","","<button type=""button"" data-testid=""case-share-decline-btn"" disabled={busyId === share.id} onClick={() => void onRespond(share, 'decline')} className=""flex-1 py-2.5 rounded-xl bg-red-500/10 text-red-300 text-xs font-bold flex items-cent"
"src/app/components/lawyer/NotificationPanel/components/CaseShareCard.tsx",104,1,"button",1,0,"B0-SAFE-explicit-type-button","","<button type=""button"" onClick={() => onOpen(share)} className=""w-full min-h-[44px] py-2.5 rounded-xl bg-[#E6C673]/12 text-[#E6C673] text-xs font-bold touch-manipulation"" >"
"src/app/components/lawyer/NotificationPanel/components/CaseShareCard.tsx",116,1,"button",1,0,"B0-SAFE-explicit-type-button","","<button type=""button"" onClick={() => onOpen(share)} className=""w-full min-h-[44px] py-2 rounded-xl bg-white/5 text-white/45 text-xs font-bold touch-manipulation"" >"
"src/app/components/lawyer/NotificationPanel/components/IncomingNotificationPopups.tsx",46,1,"button",1,0,"B0-SAFE-explicit-type-button","","<button type=""button"" data-testid=""incoming-notification-popup-dismiss"" onClick={(e) => { e.stopPropagation(); onDismiss(item.id); }} className=""shrink-0 min-w-[44px] min-h-[44px] w-11 h-11 rounded-lg flex items-center justify-center t"
"src/app/components/lawyer/NotificationPanel/components/NotificationAlertChannelBlock.tsx",22,1,"button",1,0,"B0-SAFE-explicit-type-button","","<button type=""button"" disabled={disabled} aria-pressed={checked} onClick={() => onChange(!checked)} className={`flex min-h-[44px] flex-col items-center justify-center gap-0.5 rounded-xl border px-2 py-2 text-[9px] font-semibold leading-ti"
"src/app/components/lawyer/NotificationPanel/components/NotificationAlertControls.tsx",86,1,"button",1,0,"B0-SAFE-explicit-type-button","","<button type=""button"" data-testid=""notification-request-permission"" onClick={requestOsPermission} className=""mb-2 w-full min-h-[44px] rounded-xl border border-white/[0.08] bg-white/[0.04] px-3 py-2.5 text-xs font-semibold text-white/88"
"src/app/components/lawyer/NotificationPanel/components/NotificationAlertOnceMuteFields.tsx",31,1,"button",1,0,"B0-SAFE-explicit-type-button","","<button type=""button"" data-testid=""notification-mute-off"" onClick={onClearMute} className=""w-full min-h-[44px] rounded-xl border border-white/15 bg-white/[0.06] px-3 py-2 text-xs font-semibold text-white touch-manipulation"" >"
"src/app/components/lawyer/NotificationPanel/components/NotificationAlertOnceMuteFields.tsx",70,1,"button",1,0,"B0-SAFE-explicit-type-button","","<button type=""button"" data-testid=""notification-mute-apply"" onClick={onApplyMute} className=""w-full min-h-[44px] rounded-xl border border-white/[0.1] bg-white/[0.04] px-3 py-2 text-xs font-semibold text-white/90 touch-manipulation"" >"
"src/app/components/lawyer/NotificationPanel/components/NotificationCard.tsx",88,1,"button",1,0,"B0-SAFE-explicit-type-button","","<button type=""button"" onPointerDown={stopScanBubble} onPointerUp={stopScanBubble} onClick={(event) => { event.stopPropagation(); onScan(event); }} className=""flex min-h-[44px] flex-1 items-center justify-center gap-1.5 rounded-lg bg-[#E6"
"src/app/components/lawyer/NotificationPanel/components/NotificationHeaderAlertControls.tsx",20,1,"button",1,0,"B0-SAFE-explicit-type-button","","<button type=""button"" data-testid=""notification-alert-controls-back"" onClick={onBackToInbox} aria-label=""العودة إلى الإشعارات"" className=""hami-notif-icon-btn min-h-[44px] min-w-[44px] shrink-0"" >"
"src/app/components/lawyer/NotificationPanel/components/NotificationHeaderAlertControls.tsx",39,1,"button",1,0,"B0-SAFE-explicit-type-button","","<button type=""button"" data-testid=""notification-alert-controls-close"" onClick={onClose} className=""hami-notif-icon-btn min-h-[44px] min-w-[44px] shrink-0"" aria-label=""إغلاق الإشعارات"" >"
"src/app/components/lawyer/NotificationPanel/components/NotificationHeaderInbox.tsx",68,1,"button",1,0,"B0-SAFE-explicit-type-button","","<button type=""button"" data-testid=""notification-alert-controls-toggle"" onPointerDown={(e) => { if (e.button !== 0) return; openedByPointerRef.current = true; onPrefetchAlertControls?.(); onNavigateToAlertControls?.(); }} onClick={(e) =>"
"src/app/components/lawyer/NotificationPanel/components/NotificationHeaderInbox.tsx",96,1,"button",1,0,"B0-SAFE-explicit-type-button","","<button type=""button"" data-testid=""notification-mark-all-read"" onClick={onMarkAllRead} disabled={isMarkingAllRead} aria-busy={isMarkingAllRead} title=""تحديد الكل كمقروء"" aria-label=""تحديد الكل كمقروء"" className=""hami-notif-icon-btn"
"src/app/components/lawyer/NotificationPanel/components/NotificationHeaderInbox.tsx",109,1,"button",1,0,"B0-SAFE-explicit-type-button","","<button type=""button"" data-testid=""notification-panel-close"" onClick={onClose} className=""hami-notif-icon-btn min-h-[44px] min-w-[44px]"" aria-label=""إغلاق الإشعارات"" >"
"src/app/components/lawyer/NotificationPanel/components/NotificationPanelSheet.tsx",61,1,"button",1,0,"B0-SAFE-explicit-type-button","","<button type=""button"" data-testid=""notification-panel-overlay"" aria-label=""إغلاق الإشعارات من الخلفية"" tabIndex={isOpen ? 0 : -1} className=""hami-notif-overlay-btn absolute inset-0"" onClick={onClose} />"
"src/app/components/lawyer/NotificationPanel/components/NotificationTabs.tsx",40,1,"button",1,0,"B0-SAFE-explicit-type-button","","<button key={tab} id={`notification-tab-${tab}`} type=""button"" role=""tab"" aria-selected={active} aria-controls=""notification-panel-tabpanel"" tabIndex={active ? 0 : -1} onClick={() => onTabChange(tab)} data-testid={`notification-tab-${"
"src/app/components/lawyer/NotificationPanel/NotificationErrorBoundary.tsx",24,1,"button",1,0,"B0-SAFE-explicit-type-button","","<button type=""button"" onClick={onClose} className=""min-h-[44px] px-6 rounded-xl bg-[#E6C673]/12 text-[#E6C673] border border-[#E6C673]/25 active:bg-[#E6C673]/20 text-sm font-semibold touch-manipulation"" >"
"src/app/components/lawyer/personal-status/PersonalStatusActionRail.tsx",22,1,"button",1,0,"B0-SAFE-explicit-type-button","","<button type=""button"" data-testid={testId} onClick={onClick} title={label} className={`${PS_RAIL_CELL_PRIMARY} hover:bg-white/[0.05]`} >"
"src/app/components/lawyer/personal-status/PersonalStatusActionRail.tsx",56,1,"button",1,0,"B0-SAFE-explicit-type-button","","<button type=""button"" data-testid={testId} onClick={onClick} title={label} className={PS_RAIL_CELL_SECONDARY} >"
"src/app/components/lawyer/personal-status/PersonalStatusCassationOutcomePanel.tsx",25,1,"button",1,0,"B0-SAFE-explicit-type-button","","<button type=""button"" onClick={onRatify} className={RATIFY_BTN}>"
"src/app/components/lawyer/personal-status/PersonalStatusCassationOutcomePanel.tsx",29,1,"button",1,0,"B0-SAFE-explicit-type-button","","<button type=""button"" onClick={onQuash} className={QUASH_BTN}>"
"src/app/components/lawyer/personal-status/PersonalStatusDossierBody.tsx",145,1,"button",1,0,"B0-SAFE-explicit-type-button","","<button type=""button"" onClick={() => { if ( internalCaseLink.peerDossierKind === 'criminal' && internalCaseLink.peerCriminalId ) { onOpenLinkedFile(0, internalCaseLink.peerCriminalId); return; } if (internalCaseLink.peerFileId != null) { "
"src/app/components/lawyer/personal-status/PersonalStatusFlowConfirmDialog.tsx",45,1,"button",1,0,"B0-SAFE-explicit-type-button","","<button type=""button"" onClick={onCancel} className={P.closeBtn} aria-label=""إغلاق"">"
"src/app/components/lawyer/personal-status/PersonalStatusFlowConfirmDialog.tsx",52,1,"button",1,0,"B0-SAFE-explicit-type-button","","<button type=""button"" onClick={onCancel} className=""py-2.5 rounded-xl font-bold text-sm border border-white/[0.14] bg-white/[0.05] text-[#9894A0] hover:bg-white/[0.08] hover:text-[#ECE8E2] transition-all"" >"
"src/app/components/lawyer/personal-status/PersonalStatusFlowConfirmDialog.tsx",59,1,"button",1,0,"B0-SAFE-explicit-type-button","","<button type=""button"" onClick={() => { onConfirm(); onCancel(); }} className={ danger ? 'py-2.5 rounded-xl font-bold text-sm border border-rose-400/30 bg-rose-500/15 text-rose-100 hover:bg-rose-500/22 transition-all' : P.btn } >"
"src/app/components/lawyer/personal-status/PersonalStatusFormPrimitives.tsx",39,1,"button",1,0,"B0-SAFE-explicit-type-button","","<button key={step.id} type=""button"" onClick={() => onChange(step.id)} className={`flex-1 min-w-0 rounded-lg px-2.5 py-2 text-right border transition-colors touch-manipulation ${ isActive ? PERSONAL_STATUS_TAB_ACTIVE : done ? 'border-[#E6C"
"src/app/components/lawyer/personal-status/PersonalStatusFormPrimitives.tsx",134,1,"button",1,0,"B0-SAFE-explicit-type-button","","<button key={opt} type=""button"" onClick={() => onChange(opt)} className={`snap-start shrink-0 max-w-[10.5rem] min-h-[44px] rounded-md px-2.5 py-1.5 text-[11px] font-bold border transition-colors touch-manipulation ${ active ? 'border-[#E6"
"src/app/components/lawyer/personal-status/PersonalStatusFormPrimitives.tsx",189,1,"button",1,0,"B0-SAFE-explicit-type-button","","<button key={id} type=""button"" role=""checkbox"" aria-checked={active} onClick={() => onChange(id)} className={`flex min-h-[44px] items-center gap-2 w-full rounded-lg border px-2.5 py-2 text-[10px] font-medium text-right transition-all to"
"src/app/components/lawyer/personal-status/PersonalStatusLawReferencePanel.tsx",101,1,"button",1,0,"B0-SAFE-explicit-type-button","","<button key={`${tab.kind}-${tab.id}`} type=""button"" onClick={() => setActiveTab(tab)} className={tabBtn(active)} >"
"src/app/components/lawyer/personal-status/PersonalStatusLawReferencePortal.tsx",51,1,"button",1,0,"B0-SAFE-explicit-type-button","","<button type=""button"" onClick={onClose} className=""rounded-lg p-2 text-[#8A8780] hover:text-[#F7F4EE] hover:bg-[#F7F4EE]/[0.06] transition-colors"" aria-label=""إغلاق"" >"
"src/app/components/lawyer/personal-status/PersonalStatusPartiesPanel.tsx",63,1,"button",1,0,"B0-SAFE-explicit-type-button","","<button type=""button"" onClick={() => onAdd(1)} className=""w-full py-2.5 rounded-xl border border-dashed border-white/12 bg-white/[0.02] text-white/55 text-[11px] font-bold flex items-center justify-center gap-2 hover:border-[#E6C673]/25 "
"src/app/components/lawyer/personal-status/PersonalStatusPartiesPanel.tsx",89,1,"button",1,0,"B0-SAFE-explicit-type-button","","<button type=""button"" onClick={() => onAdd(2)} className=""w-full py-2.5 rounded-xl border border-dashed border-white/12 bg-white/[0.02] text-white/55 text-[11px] font-bold flex items-center justify-center gap-2 hover:border-[#E6C673]/25 "
"src/app/components/lawyer/personal-status/PersonalStatusPartyCard.tsx",37,1,"button",1,0,"B0-SAFE-explicit-type-button","","<button type=""button"" onClick={() => onUpdate('isClient', !party.isClient)} aria-pressed={party.isClient} data-testid=""lawyer-new-case-mark-client"" title=""تحديد كموكل"" className={`inline-flex items-center justify-center gap-1 rounded-"
"src/app/components/lawyer/personal-status/PersonalStatusPartyCard.tsx",53,1,"button",1,0,"B0-SAFE-explicit-type-button","","<button type=""button"" onClick={onRemove} className=""min-h-[44px] min-w-[44px] rounded-md border border-rose-400/20 bg-rose-500/10 text-rose-300 flex items-center justify-center hover:bg-rose-500/20 transition-colors touch-manipulation sh"
"src/app/components/lawyer/personal-status/PersonalStatusPleadingActions.tsx",51,1,"button",1,0,"B0-SAFE-explicit-type-button","","<button type=""button"" onClick={onReopenPleadings} className={`${FOOTER_REOPEN} w-full`} title=""فتح باب المرافعة مجدداً"" >"
"src/app/components/lawyer/personal-status/PersonalStatusPleadingActions.tsx",93,1,"button",1,0,"B0-SAFE-explicit-type-button","","<button type=""button"" onClick={onReopenPleadings} className={FOOTER_REOPEN}>"
"src/app/components/lawyer/personal-status/PersonalStatusRequestsSection.tsx",58,1,"button",1,0,"B0-SAFE-explicit-type-button","","<button type=""button"" data-testid={CIVIL_LAWSUIT_TEST_IDS.requestsHubAdd} onClick={onAddRequest} className=""inline-flex items-center gap-1 min-h-[44px] px-2.5 rounded-md border border-white/[0.12] bg-white/[0.04] text-[10px] font-bold te"
"src/app/components/lawyer/personal-status/PersonalStatusSmartFileChrome.tsx",86,1,"button",1,0,"B0-SAFE-explicit-type-button","","<button type=""button"" onClick={() => setShowEditInfoModal(true)} className={PS_CHROME_ICON_BTN} title=""تعديل بيانات الدعوى"" aria-label=""تعديل بيانات الدعوى"" >"
"src/app/components/lawyer/personal-status/PersonalStatusSmartFileChrome.tsx",95,1,"button",1,0,"B0-SAFE-explicit-type-button","","<button type=""button"" onClick={() => setIsTrashOpen(!isTrashOpen)} className={isTrashOpen ? PS_CHROME_TRASH_BTN_ACTIVE : PS_CHROME_TRASH_BTN_IDLE} title=""سلة المهملات"" aria-label=""سلة المهملات"" >"
"src/app/components/lawyer/personal-status/PersonalStatusSmartFileChrome.tsx",136,1,"button",1,0,"B0-SAFE-explicit-type-button","","<button key={item.key} type=""button"" onClick={() => onStageSelect(stageId)} className={`snap-start shrink-0 inline-flex items-center gap-1 min-h-[44px] px-2.5 rounded-md text-[10px] font-bold whitespace-nowrap transition-colors touch-mani"
"src/app/components/lawyer/personal-status/PersonalStatusSmartFileChrome.tsx",160,1,"button",1,0,"B0-SAFE-explicit-type-button","","<button key={action.challengerId} type=""button"" data-testid={CIVIL_LAWSUIT_TEST_IDS.namedChallengeAction( action.challengerId, )} onClick={() => onNamedChallengeAction?.(action.challengerId) } onPointerEnter={() => { void import( '../smar"
"src/app/components/lawyer/personal-status/PersonalStatusSmartFileChrome.tsx",182,1,"button",1,0,"B0-SAFE-explicit-type-button","","<button type=""button"" data-testid={CIVIL_LAWSUIT_TEST_IDS.remainingOpponentChallenge} onClick={onRemainingOpponentChallenge} onPointerEnter={() => { void import('../smart-modal/AppealTransitionModal').catch( () => undefined, ); }} classNa"
"src/app/components/lawyer/personal-status/PersonalStatusStageFooterBar.tsx",27,1,"button",1,0,"B0-SAFE-explicit-type-button","","<button type=""button"" onClick={onRegister} className={`${OPPONENT_APPEAL_BTN} mt-2`}>"
"src/app/components/lawyer/personal-status/PersonalStatusSubstantiveLawArticles.tsx",173,1,"button",1,0,"B0-SAFE-explicit-type-button","","<button type=""button"" onClick={() => { setSectionId(null); setBranchId(null); setNodeId(null); }} className={filterBtnClass(!sectionId)} >"
"src/app/components/lawyer/personal-status/PersonalStatusSubstantiveLawArticles.tsx",185,1,"button",1,0,"B0-SAFE-explicit-type-button","","<button key={item.id} type=""button"" onClick={() => { setSectionId(item.id); setBranchId(null); setNodeId(null); }} className={filterBtnClass(sectionId === item.id)} >"
"src/app/components/lawyer/personal-status/PersonalStatusSubstantiveLawArticles.tsx",202,1,"button",1,0,"B0-SAFE-explicit-type-button","","<button type=""button"" onClick={() => { setBranchId(null); setNodeId(null); }} className={filterBtnClass(!branchId)} >"
"src/app/components/lawyer/personal-status/PersonalStatusSubstantiveLawArticles.tsx",213,1,"button",1,0,"B0-SAFE-explicit-type-button","","<button key={item.id} type=""button"" onClick={() => { setBranchId(item.id); setNodeId(null); }} className={filterBtnClass(branchId === item.id)} >"
"src/app/components/lawyer/personal-status/PersonalStatusSubstantiveLawArticles.tsx",230,1,"button",1,0,"B0-SAFE-explicit-type-button","","<button type=""button"" onClick={() => setNodeId(null)} className={filterBtnClass(!nodeId)} >"
"src/app/components/lawyer/personal-status/PersonalStatusSubstantiveLawArticles.tsx",238,1,"button",1,0,"B0-SAFE-explicit-type-button","","<button key={item.id} type=""button"" onClick={() => setNodeId(item.id)} className={filterBtnClass(nodeId === item.id)} >"
"src/app/components/lawyer/personal-status/PersonalStatusThirdPartiesPanel.tsx",39,1,"button",1,0,"B0-SAFE-explicit-type-button","","<button type=""button"" onClick={() => onUpdate(tp.id, 'isClient', !tp.isClient)} className={`inline-flex min-h-[44px] items-center gap-1 rounded-lg px-2 py-1 text-[9px] font-bold border touch-manipulation ${ tp.isClient ? 'border-[#E6C673]"
"src/app/components/lawyer/personal-status/PersonalStatusThirdPartiesPanel.tsx",50,1,"button",1,0,"B0-SAFE-explicit-type-button","","<button type=""button"" onClick={() => onRemove(tp.id)} className=""min-h-[44px] min-w-[44px] h-11 w-11 rounded-lg border border-rose-400/20 bg-rose-500/10 text-rose-300 flex items-center justify-center hover:bg-rose-500/20 transition-color"
"src/app/components/lawyer/personal-status/PersonalStatusThirdPartiesPanel.tsx",70,1,"button",1,0,"B0-SAFE-explicit-type-button","","<button type=""button"" onClick={onAdd} className=""w-full min-h-[44px] py-3 rounded-xl border border-white/10 bg-white/[0.03] text-white/70 text-xs font-bold flex items-center justify-center gap-2 hover:border-[#E6C673]/25 hover:text-[#E6C"
"src/app/components/lawyer/personal-status/PersonalStatusWaitingSections.tsx",42,1,"button",1,0,"B0-SAFE-explicit-type-button","","<button type=""button"" onClick={onAddNote} className={PS_BTN_PEARL} title=""ملاحظة جديدة"">"
"src/app/components/lawyer/personal-status/PersonalStatusWaitingSections.tsx",50,1,"button",1,0,"B0-SAFE-explicit-type-button","","<button type=""button"" onClick={onAddNote} className=""flex-1 min-h-[44px] rounded-md border border-dashed border-white/[0.12] bg-transparent flex items-center justify-center gap-1.5 text-white/45 hover:border-white/[0.2] hover:text-white/"
"src/app/components/lawyer/personal-status/PersonalStatusWaitingSections.tsx",62,1,"button",1,0,"B0-SAFE-explicit-type-button","","<button key={note.id} type=""button"" onClick={() => onEditNote?.(note)} disabled={!onEditNote} className=""w-full text-right rounded-md border border-white/[0.08] bg-white/[0.03] px-2 py-1.5 hover:border-white/[0.14] hover:bg-white/[0.05] "
"src/app/components/lawyer/personal-status/PersonalStatusWaitingSections.tsx",90,1,"button",1,0,"B0-SAFE-explicit-type-button","","<button type=""button"" onClick={onAddDocument} className={PS_BTN_PEARL} title=""مستند جديد"">"
"src/app/components/lawyer/personal-status/PersonalStatusWaitingSections.tsx",98,1,"button",1,0,"B0-SAFE-explicit-type-button","","<button type=""button"" onClick={onAddDocument} className=""flex-1 min-h-[44px] rounded-md border border-dashed border-white/[0.12] bg-transparent flex items-center justify-center gap-1.5 text-white/45 hover:border-white/[0.2] hover:text-wh"
"src/app/components/lawyer/personal-status/PersonalStatusWorkToolbar.tsx",60,1,"button",1,0,"B0-SAFE-explicit-type-button","","<button type=""button"" title=""إجراء قانوني"" onClick={onOpenLegalActions} className={PS_HERO_ACTION} >"
"src/app/components/lawyer/PremiumTimelineAuditLog.tsx",97,1,"button",1,0,"B0-SAFE-explicit-type-button","","<button type=""button"" aria-label={isPinned ? 'إلغاء التثبيت' : 'تثبيت'} aria-pressed={isPinned} disabled={isHistoricalMode} onClick={() => { if (isHistoricalMode) return; onTogglePin?.(event); }} className={`inline-flex h-7 w-7 items-cent"
"src/app/components/lawyer/PremiumTimelineAuditLog.tsx",118,1,"button",1,0,"B0-SAFE-explicit-type-button","","<button type=""button"" onClick={() => onRequestTrash(event)} className=""inline-flex h-7 items-center gap-1 rounded-md border border-rose-500/20 px-1.5 text-[9px] font-bold text-rose-200/90 touch-manipulation"" >"
"src/app/components/lawyer/RoyalLawyerProfile/components/ImageBlockStudioEditor.tsx",48,1,"button",1,0,"B0-SAFE-explicit-type-button","","<button key={p.id} type=""button"" role=""tab"" aria-selected={panel === p.id} data-active={panel === p.id ? 'true' : 'false'} data-testid={p.testId} className=""profile-studio-panel-tab min-h-[44px] touch-manipulation"" style={{ WebkitTapH"
"src/app/components/lawyer/RoyalLawyerProfile/components/imageStudio/ImageBlockFocusPanel.tsx",24,1,"button",1,0,"B0-SAFE-explicit-type-button","","<button type=""button"" disabled={uploading} onClick={onPickImage} data-testid=""image-upload-button"" className=""flex-1 flex items-center justify-center gap-2 py-2.5 rounded-xl hami-profile-accent-btn border text-[11px] font-bold min-h-[4"
"src/app/components/lawyer/RoyalLawyerProfile/components/imageStudio/ImageBlockFocusPanel.tsx",35,1,"button",1,0,"B0-SAFE-explicit-type-button","","<button type=""button"" disabled={uploading} onClick={onClearImage} data-testid=""image-clear-button"" className=""px-3 rounded-xl border border-red-400/30 text-red-300 text-[11px] font-bold min-h-[44px] min-w-[44px] touch-manipulation"" ar"
"src/app/components/lawyer/RoyalLawyerProfile/components/imageStudio/ImageBlockFramePanel.tsx",30,1,"button",1,0,"B0-SAFE-explicit-type-button","","<button key={t.id} type=""button"" onClick={() => onChange({ mediaTemplate: t.id })} data-selected={selectedTemplate === t.id ? 'true' : 'false'} data-template={t.id} data-testid={`image-template-${t.id}`} className=""profile-studio-media-s"
"src/app/components/lawyer/RoyalLawyerProfile/components/imageStudio/ImageBlockFramePanel.tsx",52,1,"button",1,0,"B0-SAFE-explicit-type-button","","<button key={r.id} type=""button"" data-selected={frameStyle.rimStyle === r.id ? 'true' : 'false'} data-rim={r.id} data-testid={`image-rim-${r.id}`} className=""profile-studio-rim-chip min-h-[44px]"" onClick={() => patchFrame({ rimStyle: r."
"src/app/components/lawyer/RoyalLawyerProfile/components/imageStudio/ImageFocusPicker.tsx",179,1,"button",1,0,"B0-SAFE-explicit-type-button","","<button type=""button"" className=""profile-image-focus-picker__zoom-btn"" aria-label=""تصغير"" onClick={() => { commitZoomNow(clampZoom(liveZoom - 10)); }} >"
"src/app/components/lawyer/RoyalLawyerProfile/components/imageStudio/ImageFocusPicker.tsx",190,1,"button",1,0,"B0-SAFE-explicit-type-button","","<button type=""button"" className=""profile-image-focus-picker__zoom-btn"" aria-label=""تكبير"" onClick={() => { commitZoomNow(clampZoom(liveZoom + 10)); }} >"
"src/app/components/lawyer/RoyalLawyerProfile/components/ProfileChromeHeader.tsx",23,1,"button",1,0,"B0-SAFE-explicit-type-button","","<button type=""button"" onClick={backPointer.onClick} onPointerDown={backPointer.onPointerDown} onPointerCancel={backPointer.onPointerCancel} aria-label=""العودة للرئيسية"" data-testid=""lawyer-profile-back"" className=""hami-profile-chrome"
"src/app/components/lawyer/RoyalLawyerProfile/components/ProfileChromeHeader.tsx",112,1,"button",1,0,"B0-SAFE-explicit-type-button","","<button type=""button"" data-testid=""lawyer-profile-edit-cancel"" disabled={saving} className=""hami-profile-edit-chrome__btn hami-profile-edit-chrome__btn--cancel"" aria-label=""إلغاء التعديل"" onPointerDown={(event) => { if (!isPrimaryDr"
"src/app/components/lawyer/RoyalLawyerProfile/components/ProfileChromeHeader.tsx",138,1,"button",1,0,"B0-SAFE-explicit-type-button","","<button type=""button"" data-testid=""lawyer-profile-edit-save"" disabled={saveBlocked} aria-busy={saveBlocked || undefined} aria-label=""حفظ التعديلات"" className=""hami-profile-edit-chrome__btn hami-profile-edit-chrome__btn--save"" onPoin"
"src/app/components/lawyer/RoyalLawyerProfile/components/ProfileContactChannel.tsx",45,1,"button",1,0,"B0-SAFE-explicit-type-button","","<button type=""button"" className=""inline-flex items-center justify-center min-h-[44px] min-w-[44px] touch-manipulation text-white/22 hover:text-[color:color-mix(in_srgb,var(--profile-accent)_60%,transparent)]"" style={{ WebkitTapHighlight"
"src/app/components/lawyer/RoyalLawyerProfile/components/ProfileContactChannel.tsx",92,1,"button",1,0,"B0-SAFE-explicit-type-button","","<button type=""button"" onClick={handleInvalid} className={channelClassName}>"
"src/app/components/lawyer/RoyalLawyerProfile/components/ProfileContactChannel.tsx",96,1,"button",1,0,"B0-SAFE-explicit-type-button","","<button type=""button"" className={channelClassName} onClick={() => { const result = openProfileContact(action); if (result === 'invalid') handleInvalid(); }} >"
"src/app/components/lawyer/RoyalLawyerProfile/components/ProfileContactEditRow.tsx",39,1,"button",1,0,"B0-SAFE-explicit-type-button","","<button type=""button"" title=""تحديد الموقع عبر GPS"" aria-label=""تحديد الموقع عبر GPS"" disabled={locatingActionId === action.id} onClick={() => locateAction(action.id)} className=""shrink-0 px-2 py-1.5 min-h-[44px] rounded-lg text-[10px"
"src/app/components/lawyer/RoyalLawyerProfile/components/ProfileContactEditRow.tsx",50,1,"button",1,0,"B0-SAFE-explicit-type-button","","<button type=""button"" onClick={() => removeAction(action.id)} aria-label=""حذف القناة"" className=""min-h-[44px] min-w-[44px] flex items-center justify-center text-red-400 hover:bg-red-500/10 rounded-xl touch-manipulation"" style={{ Webki"
"src/app/components/lawyer/RoyalLawyerProfile/components/ProfileContactSection.tsx",49,1,"button",1,0,"B0-SAFE-explicit-type-button","","<button key={opt.type} type=""button"" onClick={() => addContactChannel(opt.type)} data-testid={`profile-contact-add-${opt.type}`} className=""inline-flex items-center gap-1.5 px-3 py-2 min-h-[44px] rounded-xl text-[11px] font-bold hami-pro"
"src/app/components/lawyer/RoyalLawyerProfile/components/ProfileCustomBlocks.tsx",79,1,"button",0,0,"B0-SAFE-explicit-type-button","","<button type=""button"" className=""profile-block-drag-handle"" aria-label=""اسحب لتحريك الحاوية"" onPointerDown={(e) => onHandlePointerDown(block.id, block, index, e) } >"
"src/app/components/lawyer/RoyalLawyerProfile/components/ProfileGallerySection.tsx",77,1,"button",1,0,"B0-SAFE-explicit-type-button","","<button type=""button"" disabled={uploading === 'gallery'} onClick={() => { const input = galleryRef.current; if (!input) return; input.value = ''; input.click(); }} className={`hami-profile-section-action min-h-[44px] ${PROFILE_THEME.accen"
"src/app/components/lawyer/RoyalLawyerProfile/components/ProfileGallerySection.tsx",104,1,"button",1,0,"B0-SAFE-explicit-type-button","","<button type=""button"" className=""hami-profile-gallery-tile__hit"" onPointerDown={prefetchProfileGalleryViewerChunk} onClick={() => openViewer(i, 'view')} aria-label=""معاينة الصورة"" data-testid={`profile-gallery-tile-${i}`} >"
"src/app/components/lawyer/RoyalLawyerProfile/components/ProfileGallerySection.tsx",126,1,"button",1,0,"B0-SAFE-explicit-type-button","","<button type=""button"" onClick={(event) => { event.stopPropagation(); removeAt(i); }} className=""absolute top-2 left-2 z-[2] min-h-[44px] min-w-[44px] flex items-center justify-center rounded-lg bg-black/70 text-red-400 opacity-100 sm:opa"
"src/app/components/lawyer/RoyalLawyerProfile/components/ProfileGalleryViewer.tsx",90,1,"button",1,0,"B0-SAFE-explicit-type-button","","<button type=""button"" className=""hami-profile-gallery-viewer__backdrop"" aria-label=""إغلاق المعرض"" tabIndex={-1} onClick={onClose} />"
"src/app/components/lawyer/RoyalLawyerProfile/components/ProfileGalleryViewer.tsx",103,1,"button",1,0,"B0-SAFE-explicit-type-button","","<button type=""button"" className=""hami-profile-gallery-viewer__icon-btn"" onClick={onClose} aria-label=""إغلاق"" >"
"src/app/components/lawyer/RoyalLawyerProfile/components/ProfileGalleryViewer.tsx",142,1,"button",1,0,"B0-SAFE-explicit-type-button","","<button type=""button"" className=""hami-profile-gallery-viewer__icon-btn"" aria-label=""تصغير"" onClick={zoomOut} >"
"src/app/components/lawyer/RoyalLawyerProfile/components/ProfileGalleryViewer.tsx",153,1,"button",1,0,"B0-SAFE-explicit-type-button","","<button type=""button"" className=""hami-profile-gallery-viewer__icon-btn"" aria-label=""تكبير"" onClick={zoomIn} >"
"src/app/components/lawyer/RoyalLawyerProfile/components/ProfileGalleryViewer.tsx",167,1,"button",1,0,"B0-SAFE-explicit-type-button","","<button type=""button"" className=""hami-profile-gallery-viewer__btn"" onClick={handleCancelAdjust} >"
"src/app/components/lawyer/RoyalLawyerProfile/components/ProfileGalleryViewer.tsx",174,1,"button",1,0,"B0-SAFE-explicit-type-button","","<button type=""button"" className=""hami-profile-gallery-viewer__btn hami-profile-gallery-viewer__btn--primary"" data-testid=""profile-gallery-adjust-save"" onClick={handleConfirm} >"
"src/app/components/lawyer/RoyalLawyerProfile/components/ProfileGalleryViewer.tsx",188,1,"button",1,0,"B0-SAFE-explicit-type-button","","<button type=""button"" className=""hami-profile-gallery-viewer__icon-btn"" aria-label=""تصغير المعاينة"" data-testid=""profile-gallery-view-zoom-out"" onClick={zoomOut} >"
"src/app/components/lawyer/RoyalLawyerProfile/components/ProfileGalleryViewer.tsx",200,1,"button",1,0,"B0-SAFE-explicit-type-button","","<button type=""button"" className=""hami-profile-gallery-viewer__icon-btn"" aria-label=""تكبير المعاينة"" data-testid=""profile-gallery-view-zoom-in"" onClick={zoomIn} >"
"src/app/components/lawyer/RoyalLawyerProfile/components/ProfileGalleryViewer.tsx",215,1,"button",1,0,"B0-SAFE-explicit-type-button","","<button type=""button"" className=""hami-profile-gallery-viewer__btn hami-profile-gallery-viewer__btn--primary"" data-testid=""profile-gallery-adjust-open"" onClick={enterAdjust} >"
"src/app/components/lawyer/RoyalLawyerProfile/components/ProfileGalleryViewer.tsx",225,1,"button",1,0,"B0-SAFE-explicit-type-button","","<button type=""button"" className=""hami-profile-gallery-viewer__btn"" onClick={onClose} >"
"src/app/components/lawyer/RoyalLawyerProfile/components/ProfileHeroActionRail.tsx",45,1,"button",1,0,"B0-SAFE-explicit-type-button","","<button type=""button"" disabled={forumFollow.busy} onClick={forumFollow.onToggle} className={`hami-profile-sigil-follow ${forumFollow.isFollowing ? 'is-following' : ''}`} data-testid=""lawyer-profile-follow"" >"
"src/app/components/lawyer/RoyalLawyerProfile/components/ProfileHeroActionRail.tsx",67,1,"button",1,0,"B0-SAFE-explicit-type-button","","<button type=""button"" data-testid=""lawyer-profile-settings"" onClick={onStudioClick} onPointerDown={(event) => { if (isPrimaryDragPointer(event)) onStudioWarm(); onStudioPointerDown(event); }} onPointerCancel={onStudioPointerCancel} onPo"
"src/app/components/lawyer/RoyalLawyerProfile/components/ProfileHeroActionRail.tsx",87,1,"button",1,0,"B0-SAFE-explicit-type-button","","<button type=""button"" data-testid=""lawyer-profile-edit"" onClick={onEditClick} onPointerDown={onEditPointerDown} onPointerCancel={onEditPointerCancel} className=""hami-profile-sigil hami-profile-sigil--edit"" aria-label=""تعديل الملف الش"
"src/app/components/lawyer/RoyalLawyerProfile/components/ProfileHeroMetaParts.tsx",17,1,"button",1,0,"B0-SAFE-explicit-type-button","","<button type=""button"" disabled={uploading === 'avatar'} onClick={() => avatarRef.current?.click()} className={PROFILE_THEME.cameraBtn} aria-label=""تغيير الصورة الشخصية"" data-testid=""lawyer-profile-avatar-camera"" >"
"src/app/components/lawyer/RoyalLawyerProfile/components/ProfilePageAccessBlocked.tsx",37,1,"button",1,0,"B0-SAFE-explicit-type-button","","<button type=""button"" disabled={forumFollow.busy} onClick={forumFollow.onToggle} className=""hami-profile-sigil-follow"" data-testid=""lawyer-profile-access-follow"" >"
"src/app/components/lawyer/RoyalLawyerProfile/components/ProfilePageAccessControl.tsx",36,1,"button",1,0,"B0-SAFE-explicit-type-button","","<button type=""button"" data-testid=""lawyer-profile-page-access"" data-page-access={pageAccess} disabled={busy} onClick={handleClick} className={`hami-profile-sigil hami-profile-sigil--privacy ${busy ? 'is-busy' : ''}`} aria-label={`خصوصية"
"src/app/components/lawyer/RoyalLawyerProfile/components/ProfileSettingsSheetHost.tsx",98,1,"button",1,0,"B0-SAFE-explicit-type-button","","<button type=""button"" onClick={retryLoad} className=""min-h-[44px] rounded-lg border border-[#E6C673]/35 px-4 py-2 text-sm font-bold text-[#E6C673] touch-manipulation"" >"
"src/app/components/lawyer/RoyalLawyerProfile/components/ProfileSettingsSheetHost.tsx",105,1,"button",1,0,"B0-SAFE-explicit-type-button","","<button type=""button"" onClick={() => props.onClose()} className=""block mx-auto min-h-[44px] px-3 text-xs text-white/50 touch-manipulation"" >"
"src/app/components/lawyer/RoyalLawyerProfile/components/ProfileSettingsSheetLoadingFallback.tsx",72,1,"button",1,0,"B0-SAFE-explicit-type-button","","<button type=""button"" onClick={onClose} className=""min-h-[44px] px-4 text-xs font-bold text-white/55 touch-manipulation"" >"
"src/app/components/lawyer/RoyalLawyerProfile/components/profileTextCanvas/ProfileTextCanvasMaskLayers.tsx",130,1,"button",1,0,"B0-SAFE-explicit-type-button","","<button type=""button"" className=""profile-text-canvas__reveal-tap touch-manipulation"" aria-label={hintText} data-testid=""profile-text-reveal-tap"" /* هندسة الهدف inline — تعمل حتى قبل اكتمال تحميل CSS التفاعل */ style={{ position: 'abso"
"src/app/components/lawyer/RoyalLawyerProfile/components/settings/ProfileCanvasBackgroundEditor.tsx",54,1,"button",1,0,"B0-SAFE-explicit-type-button","","<button type=""button"" onClick={onCancel} disabled={exporting} className=""inline-flex items-center justify-center min-h-[44px] min-w-[44px] rounded-xl border border-white/10 text-white/60 touch-manipulation"" aria-label=""إلغاء"" >"
"src/app/components/lawyer/RoyalLawyerProfile/components/settings/ProfileCanvasBackgroundEditor.tsx",113,1,"button",1,0,"B0-SAFE-explicit-type-button","","<button type=""button"" onClick={resetState} disabled={exporting} className=""inline-flex items-center justify-center gap-2 min-h-[44px] px-3 rounded-xl border border-white/10 text-white/65 text-[11px] font-bold touch-manipulation"" >"
"src/app/components/lawyer/RoyalLawyerProfile/components/settings/ProfileCanvasBackgroundEditor.tsx",125,1,"button",1,0,"B0-SAFE-explicit-type-button","","<button type=""button"" onClick={onCancel} disabled={exporting} className=""flex-1 min-h-[48px] rounded-xl border border-white/12 text-white/70 text-sm font-bold touch-manipulation"" >"
"src/app/components/lawyer/RoyalLawyerProfile/components/settings/ProfileCanvasBackgroundEditor.tsx",133,1,"button",1,0,"B0-SAFE-explicit-type-button","","<button type=""button"" onClick={() => void handleConfirm()} disabled={!bitmap || exporting} aria-busy={exporting || undefined} className=""flex-1 min-h-[48px] rounded-xl border border-[#E6C673]/80 bg-[#E6C673] text-[#0A0F1C] text-sm font-b"
"src/app/components/lawyer/RoyalLawyerProfile/components/settings/ProfileSettingsAppearanceTab.tsx",35,1,"button",1,0,"B0-SAFE-explicit-type-button","","<button key={c.id} type=""button"" data-testid={`profile-accent-${c.id}`} disabled={disabled} onClick={() => onDraftChange((p) => ({ ...p, appearance: { ...p.appearance, accentColor: c.id }, })) } data-selected={draft.appearance.accentColor"
"src/app/components/lawyer/RoyalLawyerProfile/components/settings/ProfileSettingsAppearanceTab.tsx",64,1,"button",1,0,"B0-SAFE-explicit-type-button","","<button key={m.id} type=""button"" data-testid={`profile-material-${m.id}`} disabled={disabled} onClick={() => onDraftChange((p) => ({ ...p, appearance: { ...p.appearance, material: m.id }, })) } data-selected={draft.appearance.material ==="
"src/app/components/lawyer/RoyalLawyerProfile/components/settings/ProfileSettingsAppearanceTab.tsx",90,1,"button",1,0,"B0-SAFE-explicit-type-button","","<button key={frame.id} type=""button"" data-testid={`profile-portrait-frame-${frame.id}`} data-selected={portraitFrame === frame.id ? 'true' : 'false'} disabled={disabled} onClick={() => onDraftChange((p) => ({ ...p, appearance: { ...p.appe"
"src/app/components/lawyer/RoyalLawyerProfile/components/settings/ProfileSettingsBlockCard.tsx",62,1,"button",1,0,"B0-SAFE-explicit-type-button","","<button type=""button"" data-testid={`profile-block-expand-${block.id}`} className=""flex flex-1 items-center gap-2 min-w-0 text-right min-h-[44px]"" onPointerEnter={() => prefetchProfileStudioEditor(isText ? 'text' : 'image')} onFocus={() "
"src/app/components/lawyer/RoyalLawyerProfile/components/settings/ProfileSettingsBlockCard.tsx",93,1,"button",1,0,"B0-SAFE-explicit-type-button","","<button type=""button"" data-testid={`profile-block-remove-${block.id}`} disabled={ saving || uploadingBlockId === block.id || uploadingCanvasBlockId === block.id } onClick={(event) => { event.preventDefault(); event.stopPropagation(); if ("
"src/app/components/lawyer/RoyalLawyerProfile/components/settings/ProfileSettingsContainersTab.tsx",80,1,"button",1,0,"B0-SAFE-explicit-type-button","","<button type=""button"" data-active={containerKind === 'text' ? 'true' : 'false'} className=""profile-settings-container-tab min-h-[44px]"" onPointerEnter={() => prefetchProfileStudioEditor('text')} onFocus={() => prefetchProfileStudioEdito"
"src/app/components/lawyer/RoyalLawyerProfile/components/settings/ProfileSettingsContainersTab.tsx",97,1,"button",1,0,"B0-SAFE-explicit-type-button","","<button type=""button"" data-active={containerKind === 'image' ? 'true' : 'false'} className=""profile-settings-container-tab min-h-[44px]"" onPointerEnter={() => prefetchProfileStudioEditor('image')} onFocus={() => prefetchProfileStudioEdi"
"src/app/components/lawyer/RoyalLawyerProfile/components/settings/ProfileSettingsContainersTab.tsx",119,1,"button",1,0,"B0-SAFE-explicit-type-button","","<button type=""button"" onClick={() => onAddBlock('text')} className=""w-full flex items-center justify-center gap-2 py-2.5 rounded-xl border border-dashed hami-profile-accent-btn text-xs font-bold mb-2 min-h-[44px]"" >"
"src/app/components/lawyer/RoyalLawyerProfile/components/settings/ProfileSettingsContainersTab.tsx",151,1,"button",1,0,"B0-SAFE-explicit-type-button","","<button type=""button"" onClick={() => onAddBlock('image')} className=""w-full flex items-center justify-center gap-2 py-2.5 rounded-xl border border-dashed hami-profile-accent-btn text-xs font-bold mb-2 min-h-[44px]"" >"
"src/app/components/lawyer/RoyalLawyerProfile/components/settings/ProfileSettingsSheetFooter.tsx",12,1,"button",1,0,"B0-SAFE-explicit-type-button","","<button type=""button"" disabled={saving} onClick={onSave} data-testid=""profile-settings-save"" className=""profile-settings-save-btn w-full py-3.5 rounded-2xl text-sm font-bold flex items-center justify-center gap-2 min-h-[50px] disabled:"
"src/app/components/lawyer/RoyalLawyerProfile/components/settings/ProfileSettingsSheetHeader.tsx",15,1,"button",1,0,"B0-SAFE-explicit-type-button","","<button type=""button"" onClick={onClose} className=""p-2.5 rounded-xl text-white/55 hover:text-white min-h-[44px] min-w-[44px] flex items-center justify-center touch-manipulation"" style={{ WebkitTapHighlightColor: 'transparent', touchActi"
"src/app/components/lawyer/RoyalLawyerProfile/components/settings/ProfileSettingsSheetPanels.tsx",181,1,"button",1,0,"B0-SAFE-explicit-type-button","","<button type=""button"" data-testid=""profile-settings-tabs-retry"" className=""min-h-[44px] px-4 rounded-xl border border-[#E6C673]/35 text-sm font-bold text-[#E6C673] touch-manipulation"" onClick={() => setLoadAttempt((n) => n + 1)} >"
"src/app/components/lawyer/RoyalLawyerProfile/components/settings/ProfileSettingsSheetTabBar.tsx",42,1,"button",1,0,"B0-SAFE-explicit-type-button","","<button key={t.id} id={`profile-settings-tab-${t.id}`} type=""button"" role=""tab"" aria-selected={active} aria-controls={`profile-settings-panel-${t.id}`} tabIndex={active ? 0 : -1} data-testid={`profile-settings-tab-${t.id}`} data-active="
"src/app/components/lawyer/RoyalLawyerProfile/components/TextBlockStudioEditor.tsx",111,1,"button",1,0,"B0-SAFE-explicit-type-button","","<button key={p.id} type=""button"" role=""tab"" aria-selected={panel === p.id} data-active={panel === p.id ? 'true' : 'false'} data-testid={p.testId} className=""profile-studio-panel-tab min-h-[44px] touch-manipulation"" style={{ WebkitTapH"
"src/app/components/lawyer/RoyalLawyerProfile/components/textStudio/CanvasMaterialGrid.tsx",22,1,"button",1,0,"B0-SAFE-explicit-type-button","","<button key={m.id} type=""button"" data-selected={selected === m.id ? 'true' : 'false'} data-material={m.id} data-testid={`text-canvas-material-${m.id}`} className=""profile-studio-material-chip min-h-[44px]"" onClick={() => onSelect(m.id)}"
"src/app/components/lawyer/RoyalLawyerProfile/components/textStudio/TextBlockCanvasPanel.tsx",32,1,"button",1,0,"B0-SAFE-explicit-type-button","","<button type=""button"" className=""w-full flex items-center justify-between gap-3 py-2 min-h-[44px]"" onClick={() => patchCanvas({ enabled: !canvas.enabled })} data-testid=""text-canvas-enabled-toggle"" >"
"src/app/components/lawyer/RoyalLawyerProfile/components/textStudio/TextBlockCanvasPanel.tsx",68,1,"button",1,0,"B0-SAFE-explicit-type-button","","<button key={s.id} type=""button"" data-selected={canvas.frameShape === s.id ? 'true' : 'false'} data-testid={`text-canvas-frame-${s.id}`} className=""profile-settings-template-chip"" onClick={() => patchCanvas({ frameShape: s.id })} >"
"src/app/components/lawyer/RoyalLawyerProfile/components/textStudio/TextBlockCanvasPanel.tsx",125,1,"button",1,0,"B0-SAFE-explicit-type-button","","<button type=""button"" disabled={Boolean(uploadingCanvasBg)} onClick={onUploadCanvasBg} data-testid=""text-canvas-bg-upload"" className=""flex-1 flex items-center justify-center gap-2 py-2.5 rounded-xl hami-profile-accent-btn border text-["
"src/app/components/lawyer/RoyalLawyerProfile/components/textStudio/TextBlockCanvasPanel.tsx",139,1,"button",1,0,"B0-SAFE-explicit-type-button","","<button type=""button"" disabled={Boolean(uploadingCanvasBg)} onClick={onClearCanvasBg} data-testid=""text-canvas-bg-clear"" className=""px-3 rounded-xl border border-red-400/30 text-red-300 text-[11px] font-bold min-h-[44px] min-w-[44px] t"
"src/app/components/lawyer/RoyalLawyerProfile/components/textStudio/TextBlockStylePanel.tsx",72,1,"button",1,0,"B0-SAFE-explicit-type-button","","<button key={index} type=""button"" data-active={lineIndex === index ? 'true' : 'false'} data-testid={`text-style-line-${index}`} className=""profile-studio-line-chip min-h-[44px]"" onClick={() => { onLineIndexChange(index); onPhraseRangeCh"
"src/app/components/lawyer/RoyalLawyerProfile/components/textStudio/TextBlockStylePanel.tsx",101,1,"button",1,0,"B0-SAFE-explicit-type-button","","<button key={`${token.start}-${token.end}`} type=""button"" data-active={active ? 'true' : 'false'} data-testid={`text-style-phrase-${token.start}`} className=""profile-studio-word-chip min-h-[44px]"" onClick={() => onPhraseRangeChange({ st"
"src/app/components/lawyer/RoyalLawyerProfile/components/textStudio/TextBlockStylePanel.tsx",122,1,"button",1,0,"B0-SAFE-explicit-type-button","","<button key={preset.id} type=""button"" data-testid={`text-style-preset-${preset.id}`} className=""profile-settings-quick-preset min-h-[44px]"" onClick={() => applyStylePatch(preset.style)} >"
"src/app/components/lawyer/RoyalLawyerProfile/components/textStudio/TextBlockStylePanel.tsx",158,1,"button",1,0,"B0-SAFE-explicit-type-button","","<button key={f.id} type=""button"" data-selected={(activeStyle.fontSize ?? 'base') === f.id ? 'true' : 'false'} data-testid={`text-style-size-${f.id}`} className={`profile-studio-option-chip ${f.className}`} onClick={() => applyStylePatch({"
"src/app/components/lawyer/RoyalLawyerProfile/components/textStudio/TextBlockStylePanel.tsx",180,1,"button",1,0,"B0-SAFE-explicit-type-button","","<button key={f.id} type=""button"" data-selected={(activeStyle.fontFamily ?? 'literary') === f.id ? 'true' : 'false'} data-testid={`text-style-font-${f.id}`} className={`profile-studio-option-chip profile-studio-option-chip--font ${f.classN"
"src/app/components/lawyer/RoyalLawyerProfile/components/textStudio/TextBlockStylePanel.tsx",209,1,"button",1,0,"B0-SAFE-explicit-type-button","","<button key={effect.id} type=""button"" data-selected={(activeStyle.effect ?? 'none') === effect.id ? 'true' : 'false'} data-testid={`text-style-effect-${effect.id}`} className={`profile-studio-option-chip profile-studio-option-chip--effect"
"src/app/components/lawyer/RoyalLawyerProfile/components/textStudio/TextBlockStyleScopeTabs.tsx",26,1,"button",1,0,"B0-SAFE-explicit-type-button","","<button key={id} type=""button"" data-active={scope === id ? 'true' : 'false'} data-testid={`text-style-scope-${id}`} className=""profile-studio-scope-tab min-h-[44px]"" onClick={() => { onScopeChange(id); onPhraseRangeChange(null); }} >"
"src/app/components/lawyer/RoyalLawyerProfile/index.tsx",108,1,"button",1,0,"B0-SAFE-explicit-type-button","","<button type=""button"" onClick={() => profile.reloadProfile()} className=""min-h-[44px] px-4 rounded-xl border border-[#E6C673]/35 text-sm font-bold text-[#E6C673] touch-manipulation"" >"
"src/app/components/lawyer/RoyalLawyerProfile/ProfileErrorBoundary.tsx",17,1,"button",1,0,"B0-SAFE-explicit-type-button","","<button type=""button"" onClick={onBack} className=""min-h-[48px] px-8 rounded-2xl bg-[#E6C673]/12 text-[#E6C673] border border-[#E6C673]/25 text-sm font-bold"" >"
"src/app/components/lawyer/seizedAssetsManager/SeizedAssetsAddForm.tsx",30,1,"button",1,0,"B0-SAFE-explicit-type-button","","<button type=""button"" onClick={onShowAddForm} className=""w-full mb-6 py-4 px-6 rounded-xl bg-gradient-to-r from-amber-600 to-yellow-600 hover:from-amber-700 hover:to-yellow-700 text-white font-bold text-lg transition-all shadow-lg flex i"
"src/app/components/lawyer/seizedAssetsManager/SeizedAssetsAddForm.tsx",70,1,"button",1,0,"B0-SAFE-explicit-type-button","","<button type=""button"" onClick={onCancel} className={`${EXEC_MODAL_TOUCH_TARGET} flex-1 py-3 px-4 rounded-lg bg-slate-700 hover:bg-slate-600 text-white font-bold transition-colors`} >"
"src/app/components/lawyer/seizedAssetsManager/SeizedAssetsAddForm.tsx",76,1,"button",1,0,"B0-SAFE-explicit-type-button","","<button type=""button"" onClick={onAdd} className={`${EXEC_MODAL_TOUCH_TARGET} flex-1 py-3 px-4 rounded-lg bg-gradient-to-r from-emerald-600 to-green-600 hover:from-emerald-700 hover:to-green-700 text-white font-bold transition-colors shado"
"src/app/components/lawyer/seizedAssetsManager/SeizedAssetsList.tsx",101,1,"button",1,0,"B0-SAFE-explicit-type-button","","<button type=""button"" onClick={() => updateAssetStatus(asset.id, 'seized')} className=""w-full py-3 px-4 rounded-lg bg-gradient-to-r from-red-600 to-rose-600 hover:from-red-700 hover:to-rose-700 text-white font-bold transition-all shadow-"
"src/app/components/lawyer/seizedAssetsManager/SeizedAssetsList.tsx",144,1,"button",1,0,"B0-SAFE-explicit-type-button","","<button type=""button"" onClick={() => setEditingAsset(null)} className=""flex-1 py-2 px-4 rounded-lg bg-slate-700 hover:bg-slate-600 text-white font-bold transition-colors text-sm"" >"
"src/app/components/lawyer/seizedAssetsManager/SeizedAssetsList.tsx",150,1,"button",1,0,"B0-SAFE-explicit-type-button","","<button type=""button"" onClick={() => { const valueInput = document.getElementById(`expert-value-${asset.id}`) as HTMLInputElement; const dateInput = document.getElementById(`expert-date-${asset.id}`) as HTMLInputElement; const value = par"
"src/app/components/lawyer/seizedAssetsManager/SeizedAssetsList.tsx",170,1,"button",1,0,"B0-SAFE-explicit-type-button","","<button type=""button"" onClick={() => setEditingAsset(asset.id)} className={`${EXEC_MODAL_TOUCH_TARGET} w-full py-2.5 px-4 rounded-lg bg-amber-600 hover:bg-amber-500 text-white font-bold transition-colors text-sm`} >"
"src/app/components/lawyer/seizedAssetsManager/SeizedAssetsList.tsx",195,1,"button",1,0,"B0-SAFE-explicit-type-button","","<button type=""button"" onClick={() => startAuction(asset.id)} disabled={isLocked} className={`w-full mt-4 py-4 px-6 rounded-xl font-bold text-lg transition-all shadow-lg flex items-center justify-center gap-3 ${ isLocked ? 'bg-slate-700 te"
"src/app/components/lawyer/seizedAssetsManager/SeizedAssetsList.tsx",293,1,"button",1,0,"B0-SAFE-explicit-type-button","","<button type=""button"" onClick={() => completeAuction(asset.id)} className=""w-full py-4 px-6 rounded-xl bg-gradient-to-r from-emerald-600 to-green-600 hover:from-emerald-700 hover:to-green-700 text-white font-bold text-lg transition-all s"
"src/app/components/lawyer/seizedAssetsManager/SeizedAssetsModalHeader.tsx",16,1,"button",1,0,"B0-SAFE-explicit-type-button","","<button type=""button"" onClick={onClose} className={EXEC_MODAL_CLOSE_BTN_CLASS}>"
"src/app/components/lawyer/shared/RequestConfirmStrip.tsx",75,1,"button",1,0,"B0-SAFE-explicit-type-button","","<button type=""button"" disabled={isBusy || disabled} onClick={(e) => { e.stopPropagation(); if (isBusy || disabled) return; setLocalBusy(true); try { onConfirm(); } finally { setLocalBusy(false); } }} className={REQUEST_CONFIRM_PRIMARY_BTN"
"src/app/components/lawyer/shared/RequestConfirmStrip.tsx",93,1,"button",1,0,"B0-SAFE-explicit-type-button","","<button type=""button"" disabled={isBusy} onClick={(e) => { e.stopPropagation(); if (isBusy) return; onCancel(); }} className={REQUEST_CONFIRM_SECONDARY_BTN_CLASS} >"
"src/app/components/lawyer/smart-modal/AppealTransitionModalAppealTypeSection.tsx",30,1,"button",1,0,"B0-SAFE-explicit-type-button","","<button key={opt.value} type=""button"" onClick={() => setAppealType(opt.value)} className={`min-h-[3.875rem] py-2.5 px-3 rounded-xl border text-sm leading-snug text-center transition-colors ${ appealType === opt.value ? s.toggleActive : s."
"src/app/components/lawyer/smart-modal/AppealTransitionModalAppealTypeSection.tsx",45,1,"button",1,0,"B0-SAFE-explicit-type-button","","<button type=""button"" onClick={() => setAppealType(APPEAL_WINDOW_LAPSE_METHOD)} className={`w-full py-2.5 px-3 rounded-xl border text-sm transition-colors min-h-[44px] ${ appealType === APPEAL_WINDOW_LAPSE_METHOD ? s.toggleActive : s.togg"
"src/app/components/lawyer/smart-modal/AppealTransitionModalAppealTypeSection.tsx",56,1,"button",1,0,"B0-SAFE-explicit-type-button","","<button type=""button"" onClick={() => setAppealType(CASSATION_WINDOW_LAPSE_METHOD)} className={`w-full py-2.5 px-3 rounded-xl border text-sm transition-colors min-h-[44px] ${ appealType === CASSATION_WINDOW_LAPSE_METHOD ? s.toggleActive : "
"src/app/components/lawyer/smart-modal/AppealTransitionModalFooter.tsx",22,1,"button",1,0,"B0-SAFE-explicit-type-button","","<button type=""button"" onClick={onSubmit} className={`min-h-[50px] w-full rounded-xl font-bold text-sm transition-colors ${s.btnPrimary}`} >"
"src/app/components/lawyer/smart-modal/AppealTransitionModalFooter.tsx",29,1,"button",1,0,"B0-SAFE-explicit-type-button","","<button type=""button"" onClick={onClose} className={`min-h-[50px] w-full rounded-xl font-bold text-sm transition-colors ${s.btnNeutral}`} >"
"src/app/components/lawyer/smart-modal/AppealTransitionModalHeader.tsx",29,1,"button",1,0,"B0-SAFE-explicit-type-button","","<button type=""button"" onClick={onClose} className={s.closeBtn} aria-label=""إغلاق"" >"
"src/app/components/lawyer/smart-modal/AppealTransitionModalPartyPickers.tsx",75,1,"button",1,0,"B0-SAFE-explicit-type-button","","<button key={String(party.id)} type=""button"" onClick={() => toggleAppellant(party.id)} className={`w-full flex items-center justify-between gap-2 px-2.5 py-2 rounded-lg border text-right text-sm transition-colors ${ selected ? appellantRo"
"src/app/components/lawyer/smart-modal/AppealTransitionModalPartyPickers.tsx",122,1,"button",1,0,"B0-SAFE-explicit-type-button","","<button key={String(party.id)} type=""button"" onClick={() => toggleOpponent(party.id)} className={`w-full flex items-center justify-between gap-2 px-2.5 py-2 rounded-lg border text-right text-sm transition-colors ${ selected ? opponentRowS"
"src/app/components/lawyer/smart-modal/AttachmentShieldModal.tsx",105,1,"button",1,0,"B0-SAFE-explicit-type-button","","<button type=""button"" onClick={onClose} className=""p-1.5 rounded-lg bg-white/[0.06] border border-white/[0.08] text-white/50 hover:text-white hover:bg-white/10 transition-colors"" aria-label=""إغلاق"" >"
"src/app/components/lawyer/smart-modal/AttachmentShieldModal.tsx",203,1,"button",1,0,"B0-SAFE-explicit-type-button","","<button type=""button"" onClick={handleSubmit} disabled={!target || !estimatedValue} className=""w-full py-3.5 rounded-xl font-bold text-sm transition-all active:scale-[0.99] disabled:opacity-40 disabled:cursor-not-allowed flex justify-cent"
"src/app/components/lawyer/smart-modal/CrossAppealModal.tsx",97,1,"button",1,0,"B0-SAFE-explicit-type-button","","<button type=""button"" onClick={onClose} className=""p-2 rounded-xl bg-white/[0.04] border border-white/[0.08] text-white/50 hover:text-white hover:bg-white/[0.08] transition-colors shrink-0"" aria-label=""إغلاق"" >"
"src/app/components/lawyer/smart-modal/CrossAppealModal.tsx",159,1,"button",1,0,"B0-SAFE-explicit-type-button","","<button type=""button"" onClick={handleSubmit} className=""flex-1 py-3.5 rounded-2xl bg-[#E6C673] text-[#0B1021] text-sm sm:text-base font-extrabold transition-colors hover:bg-[#d4b45f]"" >"
"src/app/components/lawyer/smart-modal/CrossAppealModal.tsx",166,1,"button",1,0,"B0-SAFE-explicit-type-button","","<button type=""button"" onClick={onClose} className=""px-6 py-3.5 rounded-2xl border border-white/[0.08] bg-white/[0.03] text-white/60 hover:text-white hover:bg-white/[0.05] font-bold transition-colors"" >"
"src/app/components/lawyer/smart-modal/FastTrackModal.tsx",130,1,"button",1,0,"B0-SAFE-explicit-type-button","","<button type=""button"" onClick={onClose} className={T.closeBtn} aria-label=""إغلاق"">"
"src/app/components/lawyer/smart-modal/FastTrackModal.tsx",186,1,"button",1,0,"B0-SAFE-explicit-type-button","","<button key={opt.key} type=""button"" data-testid={CIVIL_LAWSUIT_TEST_IDS.fastTrackStatus(opt.key)} onClick={() => setStatusKey(opt.key)} className={`relative rounded-xl border px-3 py-2.5 text-right transition-all duration-200 ${ active ? "
"src/app/components/lawyer/smart-modal/FastTrackModal.tsx",273,1,"button",1,0,"B0-SAFE-explicit-type-button","","<button type=""button"" onClick={handleSubmit} disabled={ !requestType.trim() || !subject.trim() || (showGrievanceSection && (!grievanceDate || !grievanceTime)) } data-testid={CIVIL_LAWSUIT_TEST_IDS.fastTrackSubmit} className={T.btn} >"
"src/app/components/lawyer/smart-modal/layout/mainPanel/buildSmartFileMainPanelFooterPanels.tsx",112,1,"button",1,0,"B0-SAFE-explicit-type-button","","<button type=""button"" data-testid={CIVIL_LAWSUIT_TEST_IDS.absentJudgmentNotice} onClick={onAbsentJudgmentNotification} onPointerEnter={() => { void import('../../modals/appealObjectionModals').catch(() => undefined); }} className=""w-full"
"src/app/components/lawyer/smart-modal/layout/mainPanel/buildSmartFileMainPanelFooterPanels.tsx",126,1,"button",1,0,"B0-SAFE-explicit-type-button","","<button type=""button"" data-testid=""smart-opponent-appeal-trigger"" onClick={() => setShowAppealModal(true)} onPointerEnter={() => { void import('../../AppealTransitionModal').catch(() => undefined); }} className=""w-full min-h-[44px] rou"
"src/app/components/lawyer/smart-modal/layout/mainPanel/buildSmartFileMainPanelFooterPanels.tsx",140,1,"button",1,0,"B0-SAFE-explicit-type-button","","<button type=""button"" onClick={() => setShowAppealModal(true)} onPointerEnter={() => { void import('../../AppealTransitionModal').catch(() => undefined); }} className=""w-full rounded-xl border border-[#E6C673]/30 bg-[#0A0F1C]/55 py-3.5 t"
"src/app/components/lawyer/smart-modal/layout/mainPanel/buildSmartFileMainPanelFooterPanels.tsx",196,1,"button",1,0,"B0-SAFE-explicit-type-button","","<button type=""button"" onClick={() => setShowAppealModal(true)} onPointerEnter={() => { void import('../../AppealTransitionModal').catch(() => undefined); }} className=""w-full rounded-xl border border-violet-400/35 bg-violet-500/15 py-3.5"
"src/app/components/lawyer/smart-modal/layout/mainPanel/buildSmartFileMainPanelFooterPanels.tsx",212,1,"button",1,0,"B0-SAFE-explicit-type-button","","<button type=""button"" onClick={handleOpenDefendantCassationAppeal} onPointerEnter={() => { void import('../../AppealTransitionModal').catch(() => undefined); }} className=""w-full rounded-xl border border-[#E6C673]/35 bg-[#E6C673]/12 py-3"
"src/app/components/lawyer/smart-modal/layout/mainPanel/buildSmartFileMainPanelFooterPanels.tsx",242,1,"button",1,0,"B0-SAFE-explicit-type-button","","<button type=""button"" onClick={handlePetitionVoidAppeal} className=""w-full py-2 rounded-lg border border-indigo-400/22 bg-indigo-500/10 text-indigo-100/90 text-[11px] font-bold hover:bg-indigo-500/15 transition-colors flex items-center j"
"src/app/components/lawyer/smart-modal/layout/mainPanel/buildSmartFileMainPanelFooterPanels.tsx",254,1,"button",1,0,"B0-SAFE-explicit-type-button","","<button type=""button"" onClick={() => handlePetitionVoidOutcome('upheld')} className=""flex-1 py-2 rounded-lg border border-white/[0.1] bg-white/[0.04] text-white/75 text-[10px] font-bold hover:bg-white/[0.07] transition-colors leading-snu"
"src/app/components/lawyer/smart-modal/layout/mainPanel/buildSmartFileMainPanelFooterPanels.tsx",261,1,"button",1,0,"B0-SAFE-explicit-type-button","","<button type=""button"" onClick={() => handlePetitionVoidOutcome('quashed')} className=""flex-1 py-2 rounded-lg border border-emerald-400/20 bg-emerald-500/8 text-emerald-100/85 text-[10px] font-bold hover:bg-emerald-500/12 transition-color"
"src/app/components/lawyer/smart-modal/layout/mainPanel/buildSmartFileMainPanelFooterPanels.tsx",281,1,"button",1,0,"B0-SAFE-explicit-type-button","","<button type=""button"" {...(spawnIndependent ? { 'data-testid': CIVIL_LAWSUIT_TEST_IDS.independentChallengeSpawn } : {})} onClick={() => handleOpenDefendantCassationAppeal( undefined, spawnIndependent ? { forceIndependentSpawn: true } : un"
"src/app/components/lawyer/smart-modal/layout/mainPanel/buildSmartFileMainPanelFooterPanels.tsx",312,1,"button",1,0,"B0-SAFE-explicit-type-button","","<button type=""button"" data-testid={CIVIL_LAWSUIT_TEST_IDS.postJudgmentOpponentChallenge} onClick={() => setShowAppealModal(true)} onPointerEnter={() => { void import('../../AppealTransitionModal').catch(() => undefined); }} className={`fl"
"src/app/components/lawyer/smart-modal/layout/mainPanel/buildSmartFileMainPanelFooterPanels.tsx",333,1,"button",1,0,"B0-SAFE-explicit-type-button","","<button type=""button"" onClick={() => setShowAppealModal(true)} onPointerEnter={() => { void import('../../AppealTransitionModal').catch(() => undefined); }} className=""w-full rounded-xl border border-indigo-400/35 bg-indigo-500/15 py-3.5"
"src/app/components/lawyer/smart-modal/layout/mainPanel/buildSmartFileMainPanelFooterPanels.tsx",368,1,"button",1,0,"B0-SAFE-explicit-type-button","","<button type=""button"" onClick={() => setShowAppealModal(true)} onPointerEnter={() => { void import('../../AppealTransitionModal').catch(() => undefined); }} className=""w-full rounded-xl border border-indigo-400/35 bg-indigo-500/15 py-3.5"
"src/app/components/lawyer/smart-modal/layout/mainPanel/buildSmartFileMainPanelFooterPanels.tsx",380,1,"button",1,0,"B0-SAFE-explicit-type-button","","<button type=""button"" onClick={handleReopenPleadings} className=""w-full rounded-xl border py-3.5 text-[15px] font-bold transition-colors border-white/15 bg-white/[0.04] text-white/70 hover:bg-white/[0.08] hover:text-white"" >"
"src/app/components/lawyer/smart-modal/layout/mainPanel/buildSmartFileMainPanelFooterPanels.tsx",395,1,"button",1,0,"B0-SAFE-explicit-type-button","","<button type=""button"" onClick={() => setShowAbandonmentRenewalModal(true)} className=""w-full rounded-xl border border-[#E6C673]/30 bg-[#0A0F1C]/55 py-3.5 text-base font-bold text-[#E6C673] transition-colors hover:border-[#E6C673]/45 hove"
"src/app/components/lawyer/smart-modal/layout/mainPanel/buildSmartFileMainPanelFooterPanels.tsx",403,1,"button",1,0,"B0-SAFE-explicit-type-button","","<button type=""button"" onClick={() => setShowPauseResumeModal(true)} className=""w-full rounded-xl border border-[#E6C673]/30 bg-[#0A0F1C]/55 py-3.5 text-base font-bold text-[#E6C673] transition-colors hover:border-[#E6C673]/45 hover:bg-[#"
"src/app/components/lawyer/smart-modal/layout/mainPanel/buildSmartFileMainPanelFooterPanels.tsx",411,1,"button",1,0,"B0-SAFE-explicit-type-button","","<button type=""button"" onClick={() => setShowResumeInterruptionModal(true)} className=""w-full rounded-xl border border-[#E6C673]/30 bg-[#0A0F1C]/55 py-3.5 text-base font-bold text-[#E6C673] transition-colors hover:border-[#E6C673]/45 hove"
"src/app/components/lawyer/smart-modal/layout/mainPanel/JoinCoObjectorFooterControl.tsx",28,1,"button",1,0,"B0-SAFE-explicit-type-button","","<button type=""button"" data-testid={CIVIL_LAWSUIT_TEST_IDS.joinCoObjector} onClick={() => setOpen(true)} className={SMART_FILE_FOOTER_CHIP} >"
"src/app/components/lawyer/smart-modal/layout/mainPanel/PleadingCloseDecisionFlow.tsx",77,1,"button",1,0,"B0-SAFE-explicit-type-button","","<button type=""button"" data-testid={primaryTestId} onClick={() => setPhase('date')} className={`${primaryClass}${compactRow ? ' flex-1 min-w-[7.5rem]' : ''}`} title=""ختام المرافعة وإدخال تاريخ القرار"" >"
"src/app/components/lawyer/smart-modal/layout/mainPanel/PleadingCloseDecisionFlow.tsx",102,1,"button",1,0,"B0-SAFE-explicit-type-button","","<button type=""button"" onClick={reset} className={`${secondaryClass} text-sm py-2.5`}>"
"src/app/components/lawyer/smart-modal/layout/mainPanel/PleadingCloseDecisionFlow.tsx",105,1,"button",1,0,"B0-SAFE-explicit-type-button","","<button type=""button"" disabled={!decisionDate} onClick={afterDateContinue} className={`${primaryClass} text-sm py-2.5 disabled:opacity-40`} >"
"src/app/components/lawyer/smart-modal/layout/mainPanel/PleadingCloseDecisionFlow.tsx",141,1,"button",1,0,"B0-SAFE-explicit-type-button","","<button type=""button"" onClick={reset} className={`${secondaryClass} text-sm py-2.5`}>"
"src/app/components/lawyer/smart-modal/layout/mainPanel/PleadingCloseDecisionFlow.tsx",144,1,"button",1,0,"B0-SAFE-explicit-type-button","","<button type=""button"" onClick={() => { onOpenJudgment(decisionDate); // لا reset — نفس سبب tryOpenJudgment }} className={`${BTN} border border-amber-400/40 bg-amber-500/18 text-amber-50 text-sm py-2.5`} >"
"src/app/components/lawyer/smart-modal/layout/mainPanel/PleadingCloseDecisionFlow.tsx",169,1,"button",1,0,"B0-SAFE-explicit-type-button","","<button type=""button"" data-testid={CIVIL_LAWSUIT_TEST_IDS.judgmentAdjournPleading} onClick={() => { onAdjournPleading(); reset(); }} className={secondaryClass} >"
"src/app/components/lawyer/smart-modal/layout/mainPanel/PleadingCloseDecisionFlow.tsx",181,1,"button",1,0,"B0-SAFE-explicit-type-button","","<button type=""button"" data-testid={CIVIL_LAWSUIT_TEST_IDS.judgmentEnterDecision} onClick={() => tryOpenJudgment(decisionDate)} className={`${primaryClass} ${showAdjournFork ? '' : 'sm:col-span-2'}`} >"
"src/app/components/lawyer/smart-modal/layout/mainPanel/SmartFileCaseLinksSection.tsx",38,1,"button",1,0,"B0-SAFE-explicit-type-button","","<button type=""button"" onClick={() => { if ( internalCaseLink.peerDossierKind === 'criminal' && internalCaseLink.peerCriminalId ) { onOpenLinkedFile(0, internalCaseLink.peerCriminalId); return; } if (internalCaseLink.peerFileId != null) { "
"src/app/components/lawyer/smart-modal/layout/mainPanel/SmartFileIncidentalCasesSection.tsx",54,1,"button",1,0,"B0-SAFE-explicit-type-button","","<button type=""button"" onClick={() => onOpenLinkedFile(incidentalParentLink.parentFileId)} className=""w-full flex items-center justify-between gap-2 rounded-xl border border-[#E6C673]/25 bg-[#E6C673]/8 px-3 py-2.5 text-right hover:bg-[#E6"
"src/app/components/lawyer/smart-modal/layout/mainPanel/SmartFileIncidentalCasesSection.tsx",88,1,"button",1,0,"B0-SAFE-explicit-type-button","","<button key={linkedCase.id} type=""button"" onClick={() => onOpenLinkedFile(linkedCase.linkedFileId!)} className=""w-full flex items-center justify-between gap-2 rounded-xl border border-[#E6C673]/25 bg-[#E6C673]/8 px-3 py-2.5 text-right ho"
"src/app/components/lawyer/smart-modal/layout/mainPanel/SmartFilePleadingHearingPrompt.tsx",22,1,"button",1,0,"B0-SAFE-explicit-type-button","","<button type=""button"" onClick={() => onRegisterHearing(presetTitle)} className=""w-full flex items-center justify-center gap-2 min-h-[44px] rounded-xl border border-violet-400/25 bg-violet-500/[0.08] px-3 py-2.5 text-sm font-bold text-vio"
"src/app/components/lawyer/smart-modal/layout/mainPanel/SmartFileStageFooterBar.tsx",146,1,"button",1,0,"B0-SAFE-explicit-type-button","","<button type=""button"" data-testid={CIVIL_LAWSUIT_TEST_IDS.art172Resume} onClick={onArt172Resume} className=""w-full min-h-[44px] rounded-xl border border-[#E6C673]/30 bg-[#0A0F1C]/55 py-3.5 text-base font-bold text-[#E6C673] transition-co"
"src/app/components/lawyer/smart-modal/layout/mainPanel/SmartFileStageFooterBar.tsx",159,1,"button",1,0,"B0-SAFE-explicit-type-button","","<button type=""button"" data-testid={CIVIL_LAWSUIT_TEST_IDS.art172StayHint} onClick={onArt172Stay} className=""basis-full min-h-[44px] rounded-xl border border-amber-500/28 bg-amber-500/[0.07] px-3 py-2.5 text-[13px] font-bold text-amber-10"
"src/app/components/lawyer/smart-modal/layout/mainPanel/SmartFileTimelineSection.tsx",31,1,"button",1,0,"B0-SAFE-explicit-type-button","","<button type=""button"" onClick={() => { void LazyTimelineFeed.preload(); setIsTimelineExpanded((v) => !v); }} onPointerEnter={() => { void LazyTimelineFeed.preload(); }} className=""w-full flex items-center justify-between gap-2 pb-2 borde"
"src/app/components/lawyer/smart-modal/layout/SmartFileChrome.tsx",169,1,"button",1,0,"B0-SAFE-explicit-type-button","","<button type=""button"" onClick={() => setShowEditInfoModal(true)} className=""p-2 rounded-full bg-white/[0.04] text-white/55 hover:text-white hover:bg-white/[0.08] transition-colors"" title=""تعديل بيانات الدعوى"" >"
"src/app/components/lawyer/smart-modal/layout/SmartFileChrome.tsx",178,1,"button",1,0,"B0-SAFE-explicit-type-button","","<button type=""button"" onClick={() => setIsTrashOpen(!isTrashOpen)} className={`p-2 rounded-full transition-all ${ isTrashOpen ? 'bg-rose-500/20 text-rose-400 shadow-lg shadow-rose-500/20' : 'text-slate-400/70 hover:text-rose-400 hover:bg-"
"src/app/components/lawyer/smart-modal/layout/SmartFileChrome.tsx",225,1,"button",1,0,"B0-SAFE-explicit-type-button","","<button type=""button"" onClick={() => onStageSelect(stageId)} className={`relative inline-flex items-center gap-1 px-2.5 py-1 rounded-[10px] text-xs font-bold whitespace-nowrap transition-all shrink-0 ${ isCurrentlyViewing ? 'bg-[#E6C673]/"
"src/app/components/lawyer/smart-modal/layout/SmartFileChrome.tsx",263,1,"button",1,0,"B0-SAFE-explicit-type-button","","<button key={action.challengerId} type=""button"" data-testid={CIVIL_LAWSUIT_TEST_IDS.namedChallengeAction( action.challengerId, )} onClick={() => onNamedChallengeAction?.(action.challengerId) } onPointerEnter={() => { void import('../Appea"
"src/app/components/lawyer/smart-modal/layout/SmartFileChrome.tsx",287,1,"button",1,0,"B0-SAFE-explicit-type-button","","<button type=""button"" data-testid={CIVIL_LAWSUIT_TEST_IDS.independentChallengeSpawn} onClick={onIndependentClientChallenge} onPointerEnter={() => { void import('../AppealTransitionModal').catch(() => undefined); }} className={CHROME_CHALL"
"src/app/components/lawyer/smart-modal/layout/SmartFileChrome.tsx",300,1,"button",1,0,"B0-SAFE-explicit-type-button","","<button type=""button"" data-testid={CIVIL_LAWSUIT_TEST_IDS.remainingOpponentChallenge} onClick={onRemainingOpponentChallenge} onPointerEnter={() => { void import('../AppealTransitionModal').catch(() => undefined); }} className={CHROME_CHAL"
"src/app/components/lawyer/smart-modal/MaterialErrorCorrectionModal.tsx",38,1,"button",1,0,"B0-SAFE-explicit-type-button","","<button type=""button"" onClick={onClose} className=""hover:bg-black/10 rounded-full p-1"">"
"src/app/components/lawyer/smart-modal/MaterialErrorCorrectionModal.tsx",67,1,"button",1,0,"B0-SAFE-explicit-type-button","","<button type=""button"" onClick={handleSubmit} disabled={!errorDetails} className={`w-full bg-gradient-to-r from-${color}-600 to-${color}-700 text-white py-3 rounded-lg font-bold text-sm hover:from-${color}-500 hover:to-${color}-600 transit"
"src/app/components/lawyer/smart-modal/modals/appealObjection/AbsentJudgmentNotificationModal.tsx",83,1,"button",1,0,"B0-SAFE-explicit-type-button","","<button type=""button"" onClick={handleSubmit} disabled={!canSave} className={`${T.btn} ${T.btnDisabled}`} >"
"src/app/components/lawyer/smart-modal/modals/appealObjection/GhayabiPartyChoiceList.tsx",51,1,"button",1,0,"B0-SAFE-explicit-type-button","","<button key={party.partyId} type=""button"" aria-pressed={selected} data-testid={getOptionTestId?.(party.partyId)} onClick={() => onChange(party.partyId)} className={`w-full min-h-[44px] rounded-xl border p-3 text-sm text-right touch-manipu"
"src/app/components/lawyer/smart-modal/modals/appealObjection/InterlocutoryAppealModal.tsx",102,1,"button",1,0,"B0-SAFE-explicit-type-button","","<button type=""button"" onClick={handleSubmit} disabled={!decisionType || !decisionDate} className={`${T.btn} ${T.btnDisabled} flex items-center justify-center gap-2`} >"
"src/app/components/lawyer/smart-modal/modals/appealObjection/JudicialNotificationModal.tsx",53,1,"button",1,0,"B0-SAFE-explicit-type-button","","<button type=""button"" onClick={onClose} className={T.closeBtn} aria-label=""إغلاق"">"
"src/app/components/lawyer/smart-modal/modals/appealObjection/JudicialNotificationModal.tsx",81,1,"button",1,0,"B0-SAFE-explicit-type-button","","<button type=""button"" className=""flex items-center gap-2 border border-white/[0.08] p-3 rounded-xl bg-white/[0.03] backdrop-blur-sm cursor-pointer hover:bg-white/[0.05] transition-colors w-full text-right"" onClick={() => setIsCompleted("
"src/app/components/lawyer/smart-modal/modals/appealObjection/JudicialNotificationModal.tsx",97,1,"button",1,0,"B0-SAFE-explicit-type-button","","<button type=""button"" onClick={handleSubmit} disabled={!targetPerson || !reason} className={`${T.btn} ${T.btnDisabled}`} >"
"src/app/components/lawyer/smart-modal/modals/appealObjection/ObjectionRegistrationModal.tsx",59,1,"button",1,0,"B0-SAFE-explicit-type-button","","<button type=""button"" onClick={handleSubmit} disabled={!objectionDate || !sessionDate} className={`${T.btn} ${T.btnDisabled}`} >"
"src/app/components/lawyer/smart-modal/modals/appealObjection/OpponentAbsentObjectionModal.tsx",109,1,"button",1,0,"B0-SAFE-explicit-type-button","","<button type=""button"" onClick={handleSubmit} disabled={!filingDate} className={GLASS_BTN} >"
"src/app/components/lawyer/smart-modal/modals/contentEntry/AddAppointmentModal.tsx",136,1,"button",1,0,"B0-SAFE-explicit-type-button","","<button type=""button"" onClick={handleSubmit} disabled={saving || !date || !purpose.trim()} className={T.btn} >"
"src/app/components/lawyer/smart-modal/modals/contentEntry/AddAppointmentModal.tsx",166,1,"button",1,0,"B0-SAFE-explicit-type-button","","<button type=""button"" onClick={() => onEditAppointment?.(item)} className=""inline-flex items-center gap-1 rounded-xl border border-white/[0.12] bg-white/[0.05] px-2 py-0.5 text-[9px] font-bold text-white/70 transition-colors hover:bg-whi"
"src/app/components/lawyer/smart-modal/modals/contentEntry/AddAppointmentModal.tsx",174,1,"button",1,0,"B0-SAFE-explicit-type-button","","<button type=""button"" onClick={() => { if ( !confirmSmartFileDestructiveAction( SMART_FILE_DELETE_APPOINTMENT_MESSAGE, ) ) { return; } onDeleteAppointment?.(String(item.id)); }} className=""inline-flex items-center gap-1 rounded-xl border"
"src/app/components/lawyer/smart-modal/modals/contentEntry/AddDocumentModalEntryForm.tsx",182,1,"button",1,0,"B0-SAFE-explicit-type-button","","<button type=""button"" onClick={handleSubmit} disabled={saving || !title.trim() || !category.trim() || (!editMode && !selectedFile)} className={T.btn} >"
"src/app/components/lawyer/smart-modal/modals/contentEntry/AddDocumentModalSavedActions.tsx",36,1,"button",1,0,"B0-SAFE-explicit-type-button","","<button type=""button"" onClick={(event) => { event.preventDefault(); event.stopPropagation(); onPreview(item); }} disabled={loadingThis || missing} className=""inline-flex items-center gap-1 rounded-xl border border-[#E6C673]/18 bg-[#E6C67"
"src/app/components/lawyer/smart-modal/modals/contentEntry/AddDocumentModalSavedActions.tsx",57,1,"button",1,0,"B0-SAFE-explicit-type-button","","<button type=""button"" onClick={() => onReplace?.(item)} className=""inline-flex items-center gap-1 rounded-xl border border-white/[0.12] bg-white/[0.05] px-2 py-0.5 text-[9px] font-bold text-white/70 transition-colors hover:bg-white/[0.08"
"src/app/components/lawyer/smart-modal/modals/contentEntry/AddDocumentModalSavedActions.tsx",65,1,"button",1,0,"B0-SAFE-explicit-type-button","","<button type=""button"" onClick={() => onDelete(item)} className=""inline-flex items-center gap-1 rounded-xl border border-rose-500/20 bg-rose-500/10 px-2 py-0.5 text-[9px] font-bold text-rose-200 transition-colors hover:bg-rose-500/16"" >"
"src/app/components/lawyer/smart-modal/modals/contentEntry/AddPaymentModal.tsx",26,1,"button",1,0,"B0-SAFE-explicit-type-button","","<button type=""button"" onClick={onClose} className=""hover:bg-black/10 rounded-full p-1""><X size={18} /></button>"
"src/app/components/lawyer/smart-modal/modals/contentEntry/AddPaymentModal.tsx",31,1,"button",1,0,"B0-SAFE-explicit-type-button","","<button type=""button"" onClick={handleSubmit} className=""w-full bg-[#E6C673] text-[#0F172A] py-3 rounded-lg font-bold text-sm hover:bg-[#F4D03F] transition-all shadow-lg shadow-[#E6C673]/20"">تسجيل</button>"
"src/app/components/lawyer/smart-modal/modals/contentEntry/AddTaskModal.tsx",65,1,"button",1,0,"B0-SAFE-explicit-type-button","","<button type=""button"" data-testid={CIVIL_LAWSUIT_TEST_IDS.taskSubmit} onClick={handleSubmit} disabled={!title} className={T.btn} >"
"src/app/components/lawyer/smart-modal/modals/contentEntry/shared.tsx",39,1,"button",1,0,"B0-SAFE-explicit-type-button","","<button type=""button"" onClick={onClose} className={T.closeBtn} aria-label=""إغلاق"">"
"src/app/components/lawyer/smart-modal/modals/contentEntry/shared.tsx",77,1,"button",1,0,"B0-SAFE-explicit-type-button","","<button type=""button"" onClick={onToggle} className=""flex h-11 w-11 min-h-[44px] min-w-[44px] items-center justify-center rounded-xl border border-white/[0.08] bg-white/[0.04] text-white/55 transition-colors hover:text-white hover:bg-whit"
"src/app/components/lawyer/smart-modal/modals/contentEntry/shared.tsx",269,1,"button",1,0,"B0-SAFE-explicit-type-button","","<button type=""button"" onClick={onPreviewClick} className=""block w-full text-right touch-manipulation"" aria-label=""معاينة المستند"" >"
"src/app/components/lawyer/smart-modal/modals/contentEntry/shared.tsx",285,1,"button",1,0,"B0-SAFE-explicit-type-button","","<button type=""button"" onClick={onPreviewClick} className=""mt-2 w-full rounded-xl border border-white/[0.08] bg-black/10 px-3 py-2 text-[10px] font-bold text-[#E6C673]/85 text-right touch-manipulation"" >"
"src/app/components/lawyer/smart-modal/modals/contentEntry/shared.tsx",335,1,"button",1,0,"B0-SAFE-explicit-type-button","","<button type=""button"" onClick={onClose} className=""flex h-10 w-10 items-center justify-center rounded-xl border border-white/[0.08] bg-white/[0.04] text-white/60 hover:text-white hover:bg-white/[0.08] transition-colors"" aria-label=""إغل"
"src/app/components/lawyer/smart-modal/modals/EditCaseInfoModal.tsx",133,1,"button",1,0,"B0-SAFE-explicit-type-button","","<button type=""button"" onClick={onClose} className=""rounded-full p-1.5 text-white/50 hover:bg-white/10 hover:text-white transition-colors"" aria-label=""إغلاق"" >"
"src/app/components/lawyer/smart-modal/modals/EditCaseInfoModal.tsx",165,1,"button",1,0,"B0-SAFE-explicit-type-button","","<button type=""button"" onClick={handleSubmit} className=""w-full rounded-xl border border-[#E6C673]/35 bg-[#E6C673]/12 py-3 text-sm font-bold text-[#E6C673] transition-colors hover:bg-[#E6C673]/18"" >"
"src/app/components/lawyer/smart-modal/modals/EditCaseInfoSections.tsx",106,1,"button",1,0,"B0-SAFE-explicit-type-button","","<button type=""button"" onClick={() => onRemove(index)} className=""absolute left-0 top-0 text-red-400 hover:text-red-300 p-1"">"
"src/app/components/lawyer/smart-modal/modals/EditCaseInfoSections.tsx",180,1,"button",1,0,"B0-SAFE-explicit-type-button","","<button type=""button"" onClick={() => setHasCrossAppeal(!hasCrossAppeal)} className={`relative w-14 h-7 rounded-full transition-all duration-300 ${ hasCrossAppeal ? 'bg-indigo-500' : 'bg-white/10' }`} >"
"src/app/components/lawyer/smart-modal/modals/extraordinaryAppealModal.tsx",36,1,"button",1,0,"B0-SAFE-explicit-type-button","","<button type=""button"" onClick={onClose} className={GLASS_CLOSE}>"
"src/app/components/lawyer/smart-modal/modals/extraordinaryAppealModal.tsx",62,1,"button",1,0,"B0-SAFE-explicit-type-button","","<button type=""button"" onClick={handleSubmit} disabled={!targetCourt} className=""w-full bg-[#E6C673]/15 border border-[#E6C673]/30 text-[#E6C673] py-3 rounded-xl font-bold text-sm transition-all hover:bg-[#E6C673]/25 disabled:opacity-50 d"
"src/app/components/lawyer/smart-modal/modals/flow-modals/AddIncidentalCaseModal.tsx",243,1,"button",1,0,"B0-SAFE-explicit-type-button","","<button type=""button"" onClick={() => { if (!onSpawnLinkedCase) { SmartToast.error('تعذّر فتح نموذج الإضبارة المرتبطة'); return; } onSpawnLinkedCase({ type: spawnConfirm.type, incidentalId: spawnConfirm.incidentalId, }); onClose(); }} clas"
"src/app/components/lawyer/smart-modal/modals/flow-modals/AddIncidentalCaseModal.tsx",260,1,"button",1,0,"B0-SAFE-explicit-type-button","","<button type=""button"" onClick={() => { setSpawnConfirm(null); setType(''); }} className={cancelBtn} >"
"src/app/components/lawyer/smart-modal/modals/flow-modals/AddIncidentalCaseModal.tsx",289,1,"button",1,0,"B0-SAFE-explicit-type-button","","<button type=""button"" onClick={() => setThirdPartyEntryMode('affiliative')} className={thirdPartyEntryMode === 'affiliative' ? T.chipActive : T.chip} >"
"src/app/components/lawyer/smart-modal/modals/flow-modals/AddIncidentalCaseModal.tsx",296,1,"button",1,0,"B0-SAFE-explicit-type-button","","<button type=""button"" onClick={() => setThirdPartyEntryMode('selfClaim')} className={thirdPartyEntryMode === 'selfClaim' ? T.chipActive : T.chip} >"
"src/app/components/lawyer/smart-modal/modals/flow-modals/AddIncidentalCaseModal.tsx",311,1,"button",1,0,"B0-SAFE-explicit-type-button","","<button type=""button"" disabled={plaintiffs.length === 0} onClick={() => setAffiliationSide('plaintiff')} className={affiliationSide === 'plaintiff' ? T.chipActive : T.chip} >"
"src/app/components/lawyer/smart-modal/modals/flow-modals/AddIncidentalCaseModal.tsx",319,1,"button",1,0,"B0-SAFE-explicit-type-button","","<button type=""button"" disabled={defendants.length === 0} onClick={() => setAffiliationSide('defendant')} className={affiliationSide === 'defendant' ? T.chipActive : T.chip} >"
"src/app/components/lawyer/smart-modal/modals/flow-modals/AddIncidentalCaseModal.tsx",375,1,"button",1,0,"B0-SAFE-explicit-type-button","","<button type=""button"" onClick={handleSubmit} disabled={!canSubmit} className={`${T.btn} ${T.btnDisabled} flex items-center justify-center`} >"
"src/app/components/lawyer/smart-modal/modals/flow-modals/AddProvisionalOrderModal.tsx",43,1,"button",1,0,"B0-SAFE-explicit-type-button","","<button type=""button"" onClick={onClose} className=""hover:bg-black/10 rounded-full p-1 text-white/60 hover:text-white transition-colors"">"
"src/app/components/lawyer/smart-modal/modals/flow-modals/AddProvisionalOrderModal.tsx",86,1,"button",1,0,"B0-SAFE-explicit-type-button","","<button type=""button"" onClick={handleSubmit} disabled={!orderType || !targetParty} className=""w-full bg-rose-600 text-white py-3 rounded-lg font-bold text-sm hover:bg-rose-700 transition-all shadow-lg shadow-rose-600/20 disabled:opacity-"
"src/app/components/lawyer/smart-modal/modals/flow-modals/InterruptionModal.tsx",67,1,"button",1,0,"B0-SAFE-explicit-type-button","","<button type=""button"" onClick={onClose} className={T.closeBtn} aria-label=""إغلاق"">"
"src/app/components/lawyer/smart-modal/modals/flow-modals/InterruptionModal.tsx",125,1,"button",1,0,"B0-SAFE-explicit-type-button","","<button type=""button"" onClick={handleSubmit} disabled={!reason || !affectedParty || !date} className={`${T.btn} ${T.btnDisabled} active:scale-[0.99] flex justify-center items-center gap-2`} >"
"src/app/components/lawyer/smart-modal/modals/flow-modals/NextHearingResumeModal.tsx",75,1,"button",1,0,"B0-SAFE-explicit-type-button","","<button type=""button"" onClick={onClose} className={T.closeBtn} aria-label=""إغلاق"">"
"src/app/components/lawyer/smart-modal/modals/flow-modals/NextHearingResumeModal.tsx",128,1,"button",1,0,"B0-SAFE-explicit-type-button","","<button type=""button"" onClick={onClose} className={T.btnNeutral}>"
"src/app/components/lawyer/smart-modal/modals/flow-modals/NextHearingResumeModal.tsx",131,1,"button",1,0,"B0-SAFE-explicit-type-button","","<button type=""button"" onClick={handleConfirm} disabled={!nextHearingDate} className={`${T.btn} ${T.btnDisabled}`} >"
"src/app/components/lawyer/smart-modal/modals/flow-modals/PauseCaseModal.tsx",50,1,"button",1,0,"B0-SAFE-explicit-type-button","","<button type=""button"" onClick={onClose} className={T.closeBtn} aria-label=""إغلاق"">"
"src/app/components/lawyer/smart-modal/modals/flow-modals/PauseCaseModal.tsx",84,1,"button",1,0,"B0-SAFE-explicit-type-button","","<button type=""button"" onClick={handleSubmit} disabled={!reason || !linkedCaseNo} className={`${T.btn} ${T.btnDisabled} active:scale-[0.99] flex justify-center items-center gap-2`} >"
"src/app/components/lawyer/smart-modal/modals/flow-modals/TrashModal.tsx",30,1,"button",1,0,"B0-SAFE-explicit-type-button","","<button type=""button"" onClick={onClose} className=""hover:bg-white/10 rounded-full p-1 text-white/60 hover:text-white transition-colors"">"
"src/app/components/lawyer/smart-modal/modals/flow-modals/TrashModal.tsx",70,1,"button",1,0,"B0-SAFE-explicit-type-button","","<button type=""button"" onClick={() => onRestore(item.id)} className=""p-2 rounded-lg bg-green-500/10 hover:bg-green-500/20 text-green-400 transition-colors"" title=""استعادة"" >"
"src/app/components/lawyer/smart-modal/modals/flow-modals/TrashModal.tsx",77,1,"button",1,0,"B0-SAFE-explicit-type-button","","<button type=""button"" onClick={() => onPermanentDelete(item.id)} className=""p-2 rounded-lg bg-red-500/10 hover:bg-red-500/20 text-red-400 transition-colors"" title=""حذف نهائي"" >"
"src/app/components/lawyer/smart-modal/modals/flow-modals/TrashModal.tsx",95,1,"button",1,0,"B0-SAFE-explicit-type-button","","<button type=""button"" onClick={onEmptyTrash} className=""w-full bg-red-500/10 hover:bg-red-500/20 text-red-400 py-3 rounded-lg font-bold text-sm transition-all border border-red-500/20"" >"
"src/app/components/lawyer/smart-modal/parts/AdjournPleadingModal.tsx",57,1,"button",1,0,"B0-SAFE-explicit-type-button","","<button type=""button"" onClick={onClose} className={s.closeBtn} aria-label=""إغلاق"">"
"src/app/components/lawyer/smart-modal/parts/AdjournPleadingModal.tsx",69,1,"button",1,0,"B0-SAFE-explicit-type-button","","<button type=""button"" data-testid={CIVIL_LAWSUIT_TEST_IDS.judgmentAdjournPleading} onClick={handleSave} className={ s.isPearl ? s.btnNeutral : 'w-full min-h-[44px] rounded-xl border border-white/[0.12] bg-white/[0.04] px-3 py-2.5 text-sm "
"src/app/components/lawyer/smart-modal/parts/CaseFlowActionsPanel.tsx",82,1,"button",1,0,"B0-SAFE-explicit-type-button","","<button type=""button"" onClick={onClick} className={danger ? T.actionRowDanger : T.actionRow} data-testid={testId}>"
"src/app/components/lawyer/smart-modal/parts/CaseFlowActionsPanel.tsx",277,1,"button",1,0,"B0-SAFE-explicit-type-button","","<button type=""button"" onClick={() => setIsOpen(false)} className={panelCloseClass} aria-label=""إغلاق"" >"
"src/app/components/lawyer/smart-modal/parts/CaseFlowActionsPanel.tsx",327,1,"button",1,0,"B0-SAFE-explicit-type-button","","<button type=""button"" onClick={toggleOpen} className={PS_RAIL_CELL_FLOW} title=""سير الدعوى"" aria-label=""سير الدعوى"" aria-expanded={isOpen} aria-haspopup=""dialog"" data-testid={CIVIL_LAWSUIT_TEST_IDS.caseFlowOpen} >"
"src/app/components/lawyer/smart-modal/parts/CaseFlowActionsPanel.tsx",349,1,"button",1,0,"B0-SAFE-explicit-type-button","","<button type=""button"" onClick={toggleOpen} className={dockBtnClass} title=""سير الدعوى"" aria-label=""سير الدعوى"" aria-expanded={isOpen} aria-haspopup=""dialog"" data-testid={CIVIL_LAWSUIT_TEST_IDS.caseFlowOpen} >"
"src/app/components/lawyer/smart-modal/parts/CaseFlowActionsPanel.tsx",369,1,"button",1,0,"B0-SAFE-explicit-type-button","","<button type=""button"" onClick={toggleOpen} className=""flex items-center gap-1.5 px-2.5 py-1 rounded-lg bg-white/[0.04] border border-white/[0.10] text-white/70 hover:text-[#E6C673] hover:border-[#E6C673]/25 hover:bg-[#E6C673]/[0.06] tran"
"src/app/components/lawyer/smart-modal/parts/CaseFlowConfirmDialog.tsx",57,1,"button",1,0,"B0-SAFE-explicit-type-button","","<button type=""button"" onClick={onCancel} className={T.closeBtn} aria-label=""إغلاق"">"
"src/app/components/lawyer/smart-modal/parts/CaseFlowConfirmDialog.tsx",66,1,"button",1,0,"B0-SAFE-explicit-type-button","","<button type=""button"" onClick={onCancel} className=""min-h-[44px] py-2.5 rounded-xl font-bold text-sm border border-white/[0.12] bg-white/[0.04] text-white/55 hover:bg-white/[0.08] hover:text-white/85 transition-colors touch-manipulation"""
"src/app/components/lawyer/smart-modal/parts/CaseFlowConfirmDialog.tsx",73,1,"button",1,0,"B0-SAFE-explicit-type-button","","<button type=""button"" onClick={() => { onConfirm(); onCancel(); }} className={ danger ? 'min-h-[44px] py-2.5 rounded-xl font-bold text-sm border border-rose-400/30 bg-rose-500/15 text-rose-100 hover:bg-rose-500/22 transition-colors touch-"
"src/app/components/lawyer/smart-modal/parts/CaseLinkBrowseBanner.tsx",30,1,"button",1,0,"B0-SAFE-explicit-type-button","","<button type=""button"" onClick={onReturnToOrigin} className=""flex min-h-[44px] flex-1 items-center justify-center gap-1.5 rounded-xl border border-sky-400/35 bg-sky-500/15 px-3 text-[11px] font-bold text-sky-50 transition-colors hover:bg-"
"src/app/components/lawyer/smart-modal/parts/CaseLinkUnlinkButton.tsx",68,1,"button",1,0,"B0-SAFE-explicit-type-button","","<button type=""button"" onClick={handleConfirm} className=""min-h-[44px] flex-1 rounded-xl bg-rose-600 px-4 text-sm font-bold text-white hover:bg-rose-500 touch-manipulation"" >"
"src/app/components/lawyer/smart-modal/parts/CaseLinkUnlinkButton.tsx",75,1,"button",1,0,"B0-SAFE-explicit-type-button","","<button type=""button"" onClick={() => setOpen(false)} className=""min-h-[44px] flex-1 rounded-xl border border-white/15 bg-white/5 px-4 text-sm font-bold text-white/80 hover:bg-white/10 touch-manipulation"" >"
"src/app/components/lawyer/smart-modal/parts/CaseLinkUnlinkButton.tsx",91,1,"button",1,0,"B0-SAFE-explicit-type-button","","<button type=""button"" onClick={() => setOpen(true)} className={ className || `flex items-center justify-center gap-1.5 rounded-xl border border-rose-400/30 bg-rose-500/10 font-bold text-rose-100 transition-colors hover:bg-rose-500/15 touc"
"src/app/components/lawyer/smart-modal/parts/CivilLawReferenceHub.tsx",79,1,"button",1,0,"B0-SAFE-explicit-type-button","","<button type=""button"" onClick={() => setPanelOpen(false)} className=""rounded-lg p-2 text-white/50 hover:text-white hover:bg-white/10 transition-colors"" aria-label=""إغلاق"" data-testid={CIVIL_LAWSUIT_TEST_IDS.civilLawReferenceClose} >"
"src/app/components/lawyer/smart-modal/parts/CivilLawReferenceHub.tsx",119,1,"button",1,0,"B0-SAFE-explicit-type-button","","<button type=""button"" data-testid={CIVIL_LAWSUIT_TEST_IDS.civilLawReferenceOpen} onPointerDown={() => prefetchCivilLawArticles(['civil_procedure', 'evidence'])} onClick={openPanel} className={compact ? COMPACT_HUB_TRIGGER_SKY : `${GLASS_T"
"src/app/components/lawyer/smart-modal/parts/CivilLawReferencePanel.tsx",230,1,"button",1,0,"B0-SAFE-explicit-type-button","","<button key={tab.id} type=""button"" onClick={() => setInternalTab(tab.id)} className={[ 'rounded-full border px-3 py-1.5 text-[10px] font-bold transition-colors', activeTab === tab.id ? tabActiveClass : tabIdleClass, ].join(' ')} >"
"src/app/components/lawyer/smart-modal/parts/CivilLawReferencePanel.tsx",271,1,"button",1,0,"B0-SAFE-explicit-type-button","","<button type=""button"" onClick={() => { setSectionId(null); setBranchId(null); setNodeId(null); }} className={filterBtnClass(!sectionId, visualVariant)} >"
"src/app/components/lawyer/smart-modal/parts/CivilLawReferencePanel.tsx",283,1,"button",1,0,"B0-SAFE-explicit-type-button","","<button key={item.id} type=""button"" onClick={() => { setSectionId(item.id); setBranchId(null); setNodeId(null); }} className={filterBtnClass(sectionId === item.id, visualVariant)} >"
"src/app/components/lawyer/smart-modal/parts/CivilLawReferencePanel.tsx",303,1,"button",1,0,"B0-SAFE-explicit-type-button","","<button type=""button"" onClick={() => { setBranchId(null); setNodeId(null); }} className={filterBtnClass(!branchId, visualVariant)} >"
"src/app/components/lawyer/smart-modal/parts/CivilLawReferencePanel.tsx",314,1,"button",1,0,"B0-SAFE-explicit-type-button","","<button key={item.id} type=""button"" onClick={() => { setBranchId(item.id); setNodeId(null); }} className={filterBtnClass(branchId === item.id, visualVariant)} >"
"src/app/components/lawyer/smart-modal/parts/CivilLawReferencePanel.tsx",334,1,"button",1,0,"B0-SAFE-explicit-type-button","","<button type=""button"" onClick={() => setNodeId(null)} className={filterBtnClass(!nodeId, visualVariant)} >"
"src/app/components/lawyer/smart-modal/parts/CivilLawReferencePanel.tsx",342,1,"button",1,0,"B0-SAFE-explicit-type-button","","<button key={item.id} type=""button"" onClick={() => setNodeId(item.id)} className={filterBtnClass(nodeId === item.id, visualVariant)} >"
"src/app/components/lawyer/smart-modal/parts/ConsolidationNavBar.tsx",33,1,"button",1,0,"B0-SAFE-explicit-type-button","","<button type=""button"" onClick={onSelectPrimary} className={chipClass(activeView === 'primary')}>"
"src/app/components/lawyer/smart-modal/parts/ConsolidationNavBar.tsx",36,1,"button",1,0,"B0-SAFE-explicit-type-button","","<button type=""button"" onClick={onSelectSecondary} className={chipClass(activeView === 'secondary')}>"
"src/app/components/lawyer/smart-modal/parts/IncidentalCasesManager.tsx",52,1,"button",1,0,"B0-SAFE-explicit-type-button","","<button type=""button"" onClick={() => onResolve(c.id, 'resolved')} className=""px-2 py-1 bg-green-500/10 text-green-400 border border-green-500/30 rounded text-[10px] font-bold hover:bg-green-500/20"" >"
"src/app/components/lawyer/smart-modal/parts/IncidentalCasesManager.tsx",59,1,"button",1,0,"B0-SAFE-explicit-type-button","","<button type=""button"" onClick={() => onResolve(c.id, 'rejected')} className=""px-2 py-1 bg-red-500/10 text-red-400 border border-red-500/30 rounded text-[10px] font-bold hover:bg-red-500/20"" >"
"src/app/components/lawyer/smart-modal/parts/IncidentalCasesManager.tsx",69,1,"button",1,0,"B0-SAFE-explicit-type-button","","<button type=""button"" onClick={() => onEditCase(c)} className=""text-slate-400 hover:text-amber-500 transition-colors ml-2"" >"
"src/app/components/lawyer/smart-modal/parts/IncidentalCasesManager.tsx",134,1,"button",1,0,"B0-SAFE-explicit-type-button","","<button type=""button"" onClick={() => onOpenLinkedFile(c.linkedFileId!)} className=""text-[9px] text-[#E6C673]/80 hover:text-[#E6C673] flex items-center gap-0.5"" >"
"src/app/components/lawyer/smart-modal/parts/judgment/DiamondJudgmentPicker.tsx",128,1,"button",1,0,"B0-SAFE-explicit-type-button","","<button key={option.value} type=""button"" role=""option"" aria-selected={isActive} data-testid={`smart-judgment-option-${option.value}`} onPointerDown={(event) => { event.preventDefault(); event.stopPropagation(); choose(option.value); }} "
"src/app/components/lawyer/smart-modal/parts/judgment/DiamondJudgmentPicker.tsx",182,1,"button",1,0,"B0-SAFE-explicit-type-button","","<button ref={triggerRef} type=""button"" data-testid={CIVIL_LAWSUIT_TEST_IDS.judgmentOutcomePicker} aria-expanded={open} aria-haspopup=""listbox"" onPointerDown={(event) => { if (event.button !== 0) return; handledByPointerRef.current = tru"
"src/app/components/lawyer/smart-modal/parts/judgment/JudgmentAbsentRoleActions.tsx",34,1,"button",1,0,"B0-SAFE-explicit-type-button","","<button type=""button"" onClick={() => onSaveJudgment('wait_objection')} className={btnWait}>"
"src/app/components/lawyer/smart-modal/parts/judgment/JudgmentAbsentRoleActions.tsx",38,1,"button",1,0,"B0-SAFE-explicit-type-button","","<button type=""button"" onClick={() => onSaveJudgment('appeal')} className={btnGold}>"
"src/app/components/lawyer/smart-modal/parts/judgment/JudgmentAbsentRoleActions.tsx",44,1,"button",1,0,"B0-SAFE-explicit-type-button","","<button type=""button"" onClick={onWaitForOpponent} className={btnWait}>"
"src/app/components/lawyer/smart-modal/parts/judgment/JudgmentAbsentRoleActions.tsx",52,1,"button",1,0,"B0-SAFE-explicit-type-button","","<button type=""button"" onClick={() => onSaveJudgment('objection')} className={GLASS_BTN_ROSE}>"
"src/app/components/lawyer/smart-modal/parts/judgment/JudgmentAbsentRoleActions.tsx",55,1,"button",1,0,"B0-SAFE-explicit-type-button","","<button type=""button"" onClick={() => onSaveJudgment('appeal')} className={btnNeutral}>"
"src/app/components/lawyer/smart-modal/parts/judgment/JudgmentAppealStageActions.tsx",27,1,"button",1,0,"B0-SAFE-explicit-type-button","","<button type=""button"" onClick={() => onSaveJudgment('wait_cassation')} className={btnWait}>"
"src/app/components/lawyer/smart-modal/parts/judgment/JudgmentAppealStageActions.tsx",36,1,"button",1,0,"B0-SAFE-explicit-type-button","","<button type=""button"" onClick={() => onSaveJudgment('appeal')} className={btnGold}>"
"src/app/components/lawyer/smart-modal/parts/judgment/JudgmentAppealStageActions.tsx",45,1,"button",1,0,"B0-SAFE-explicit-type-button","","<button type=""button"" onClick={() => onSaveJudgment('wait_cassation')} className={btnWait}>"
"src/app/components/lawyer/smart-modal/parts/judgment/JudgmentAppealStageActions.tsx",48,1,"button",1,0,"B0-SAFE-explicit-type-button","","<button type=""button"" onClick={() => onSaveJudgment('appeal')} className={btnGold}>"
"src/app/components/lawyer/smart-modal/parts/judgment/JudgmentAppealStageActions.tsx",57,1,"button",1,0,"B0-SAFE-explicit-type-button","","<button type=""button"" onClick={() => onSaveJudgment('wait_cassation')} className={btnWait}>"
"src/app/components/lawyer/smart-modal/parts/judgment/JudgmentAppealStageActions.tsx",60,1,"button",1,0,"B0-SAFE-explicit-type-button","","<button type=""button"" onClick={() => onSaveJudgment('appeal')} className={btnGold}>"
"src/app/components/lawyer/smart-modal/parts/judgment/JudgmentBoundMeritToggle.tsx",23,1,"button",1,0,"B0-SAFE-explicit-type-button","","<button type=""button"" data-testid={CIVIL_LAWSUIT_TEST_IDS.judgmentBoundMeritFull} aria-pressed={value === 'full'} onClick={() => onChange('full')} className={`${s.toggle} ${value === 'full' ? s.toggleActive : s.toggleIdle}`} >"
"src/app/components/lawyer/smart-modal/parts/judgment/JudgmentBoundMeritToggle.tsx",32,1,"button",1,0,"B0-SAFE-explicit-type-button","","<button type=""button"" data-testid={CIVIL_LAWSUIT_TEST_IDS.judgmentBoundMeritPartial} aria-pressed={value === 'partial'} onClick={() => onChange('partial')} className={`${s.toggle} ${value === 'partial' ? s.toggleActive : s.toggleIdle}`} >"
"src/app/components/lawyer/smart-modal/parts/judgment/JudgmentCassationGroundsScope.tsx",19,1,"button",1,0,"B0-SAFE-explicit-type-button","","<button type=""button"" data-testid={CIVIL_LAWSUIT_TEST_IDS.judgmentCassationGroundsCommon} aria-pressed={value === 'COMMON'} onClick={() => onChange('COMMON')} className={`${s.toggle} ${value === 'COMMON' ? s.toggleActive : s.toggleIdle}`}"
"src/app/components/lawyer/smart-modal/parts/judgment/JudgmentCassationGroundsScope.tsx",28,1,"button",1,0,"B0-SAFE-explicit-type-button","","<button type=""button"" data-testid={CIVIL_LAWSUIT_TEST_IDS.judgmentCassationGroundsPersonal} aria-pressed={value === 'PERSONAL'} onClick={() => onChange('PERSONAL')} className={`${s.toggle} ${value === 'PERSONAL' ? s.toggleActive : s.toggl"
"src/app/components/lawyer/smart-modal/parts/judgment/JudgmentCassationStageActions.tsx",38,1,"button",1,0,"B0-SAFE-explicit-type-button","","<button type=""button"" onClick={() => onSaveJudgment(action)} className={isLoss ? GLASS_BTN_NEUTRAL : GLASS_BTN_EMERALD} >"
"src/app/components/lawyer/smart-modal/parts/judgment/JudgmentCassationStageActions.tsx",52,1,"button",1,0,"B0-SAFE-explicit-type-button","","<button type=""button"" onClick={() => onSaveJudgment('remand_to_lower')} className={btnGold}>"
"src/app/components/lawyer/smart-modal/parts/judgment/JudgmentCorrectionStageActions.tsx",35,1,"button",1,0,"B0-SAFE-explicit-type-button","","<button type=""button"" onClick={() => onSaveJudgment('correction_rejected')} className={GLASS_BTN_NEUTRAL} >"
"src/app/components/lawyer/smart-modal/parts/judgment/JudgmentCorrectionStageActions.tsx",62,1,"button",1,0,"B0-SAFE-explicit-type-button","","<button type=""button"" onClick={() => onSaveJudgment('correction_rejected')} className={ correctionRejectedOutcome === 'win' ? GLASS_BTN_EMERALD : GLASS_BTN_NEUTRAL } >"
"src/app/components/lawyer/smart-modal/parts/judgment/JudgmentCorrectionStageActions.tsx",83,1,"button",1,0,"B0-SAFE-explicit-type-button","","<button type=""button"" onClick={() => onSaveJudgment('correction_complete')} className={GLASS_BTN_EMERALD} >"
"src/app/components/lawyer/smart-modal/parts/judgment/JudgmentCorrectionStageActions.tsx",96,1,"button",1,0,"B0-SAFE-explicit-type-button","","<button type=""button"" onClick={() => onSaveJudgment('correction_complete')} className={GLASS_BTN_NEUTRAL} >"
"src/app/components/lawyer/smart-modal/parts/judgment/JudgmentCorrectionStageActions.tsx",113,1,"button",1,0,"B0-SAFE-explicit-type-button","","<button type=""button"" onClick={() => onSaveJudgment('correction_complete')} className={btnGold} >"
"src/app/components/lawyer/smart-modal/parts/judgment/JudgmentDefendantFormList.tsx",58,1,"button",1,0,"B0-SAFE-explicit-type-button","","<button type=""button"" data-testid={CIVIL_LAWSUIT_TEST_IDS.judgmentOperativeBoundParty(partyId)} aria-pressed={operative === 'bound'} onClick={() => onPartyOperativeChange(partyId, 'bound')} className={`${s.toggle} ${ operative === 'bound'"
"src/app/components/lawyer/smart-modal/parts/judgment/JudgmentDefendantFormList.tsx",69,1,"button",1,0,"B0-SAFE-explicit-type-button","","<button type=""button"" data-testid={CIVIL_LAWSUIT_TEST_IDS.judgmentOperativeReleasedParty(partyId)} aria-pressed={operative === 'released'} onClick={() => onPartyOperativeChange(partyId, 'released')} className={`${s.toggle} ${ operative =="
"src/app/components/lawyer/smart-modal/parts/judgment/JudgmentDefendantFormList.tsx",83,1,"button",1,0,"B0-SAFE-explicit-type-button","","<button type=""button"" data-testid={CIVIL_LAWSUIT_TEST_IDS.judgmentFormHadariParty(partyId)} aria-pressed={present} onClick={() => onPartyFormChange(partyId, 'حضوري')} className={`${s.toggle} ${ present ? s.toggleActive : s.toggleIdle }`} "
"src/app/components/lawyer/smart-modal/parts/judgment/JudgmentDefendantFormList.tsx",94,1,"button",1,0,"B0-SAFE-explicit-type-button","","<button type=""button"" data-testid={CIVIL_LAWSUIT_TEST_IDS.judgmentFormGhiabiParty(partyId)} aria-pressed={form === 'غيابي'} onClick={() => onPartyFormChange(partyId, 'غيابي')} className={`${s.toggle} ${ form === 'غيابي' ? s.toggleActive :"
"src/app/components/lawyer/smart-modal/parts/judgment/JudgmentFirstInstanceHadoriActions.tsx",63,1,"button",1,0,"B0-SAFE-explicit-type-button","","<button type=""button"" onClick={onWaitForOpponent} className={btnWait} data-testid=""smart-judgment-lock-save"" >"
"src/app/components/lawyer/smart-modal/parts/judgment/JudgmentFirstInstanceHadoriActions.tsx",78,1,"button",1,0,"B0-SAFE-explicit-type-button","","<button type=""button"" onClick={() => onSaveJudgment('objection')} className={GLASS_BTN_ROSE} data-testid=""smart-judgment-save-objection"" >"
"src/app/components/lawyer/smart-modal/parts/judgment/JudgmentFirstInstanceHadoriActions.tsx",94,1,"button",1,0,"B0-SAFE-explicit-type-button","","<button type=""button"" onClick={() => onSaveJudgment('finalize_non_merit')} className={GLASS_BTN_EMERALD}>"
"src/app/components/lawyer/smart-modal/parts/judgment/JudgmentFormToggle.tsx",21,1,"button",1,0,"B0-SAFE-explicit-type-button","","<button type=""button"" data-testid={CIVIL_LAWSUIT_TEST_IDS.judgmentFormHadari} aria-pressed={present} onClick={() => onChange('حضوري')} className={`${s.toggle} ${ present ? s.toggleActive : s.toggleIdle }`} >"
"src/app/components/lawyer/smart-modal/parts/judgment/JudgmentFormToggle.tsx",32,1,"button",1,0,"B0-SAFE-explicit-type-button","","<button type=""button"" data-testid={CIVIL_LAWSUIT_TEST_IDS.judgmentFormGhiabi} aria-pressed={issued === 'غيابي'} onClick={() => onChange('غيابي')} className={`${s.toggle} ${ issued === 'غيابي' ? s.toggleActive : s.toggleIdle }`} >"
"src/app/components/lawyer/smart-modal/parts/judgment/JudgmentOutcomeActions.tsx",155,1,"button",1,0,"B0-SAFE-explicit-type-button","","<button type=""button"" onClick={() => onSaveJudgment('appeal')} className={btnGold}>"
"src/app/components/lawyer/smart-modal/parts/judgment/JudgmentOutcomeActions.tsx",158,1,"button",1,0,"B0-SAFE-explicit-type-button","","<button type=""button"" onClick={onWaitForOpponent} className={btnWait}>"
"src/app/components/lawyer/smart-modal/parts/judgment/JudgmentOutcomeActions.tsx",164,1,"button",1,0,"B0-SAFE-explicit-type-button","","<button type=""button"" onClick={onClose} className={`${btnNeutral} text-white/50 hover:text-white/75 mt-0.5`}>"
"src/app/components/lawyer/smart-modal/parts/LegalActionsMenu.tsx",91,1,"button",1,0,"B0-SAFE-explicit-type-button","","<button type=""button"" onClick={onClick} className={actionRowClass}>"
"src/app/components/lawyer/smart-modal/parts/QuickActions.tsx",65,1,"button",1,0,"B0-SAFE-explicit-type-button","","<button type=""button"" onClick={onClick} data-testid={QUICK_ACTION_TEST_IDS[action.id]} className={`flex min-h-[3.5rem] w-full min-w-0 flex-col items-center justify-center gap-1 ${LV_RADIUS} ${LV_INSET} ${LV_INSET_HOVER} px-2 py-2 text-cen"
"src/app/components/lawyer/smart-modal/parts/SessionAndRequestsHub.tsx",328,1,"button",1,0,"B0-SAFE-explicit-type-button","","<button type=""button"" onClick={() => openRegister(sessionHistory[sessionHistory.length - 1])} className=""min-h-[44px] px-3 rounded-xl border border-white/[0.10] text-[11px] font-bold text-white/70 hover:bg-white/[0.05] touch-manipulation"
"src/app/components/lawyer/smart-modal/parts/SessionAndRequestsHub.tsx",336,1,"button",1,0,"B0-SAFE-explicit-type-button","","<button type=""button"" data-testid={CIVIL_LAWSUIT_TEST_IDS.sessionRecordClose} onClick={closePanel} className=""p-2 min-h-[44px] min-w-[44px] rounded-xl bg-white/[0.06] border border-white/[0.08] text-white/50 hover:text-white hover:bg-whi"
"src/app/components/lawyer/smart-modal/parts/SessionAndRequestsHub.tsx",384,1,"button",1,0,"B0-SAFE-explicit-type-button","","<button type=""button"" data-testid={CIVIL_LAWSUIT_TEST_IDS.sessionRecordAdd} onClick={handleSubmit} disabled={!canSubmit} className={T.btn} >"
"src/app/components/lawyer/smart-modal/parts/SessionAndRequestsHub.tsx",424,1,"button",1,0,"B0-SAFE-explicit-type-button","","<button type=""button"" data-testid={CIVIL_LAWSUIT_TEST_IDS.sessionRecordOpen} onClick={openSessionTrigger} className={PS_HERO_SESSION} >"
"src/app/components/lawyer/smart-modal/parts/SessionAndRequestsHub.tsx",436,1,"button",1,0,"B0-SAFE-explicit-type-button","","<button type=""button"" data-testid={CIVIL_LAWSUIT_TEST_IDS.sessionRecordOpen} onClick={openSessionTrigger} className={ compactSessionTrigger ? `${PS_TOOLBAR_BTN} border-[#F0A8B4]/26 bg-[#F5C6D0]/[0.08]` : `${T.trigger} w-full min-h-[3rem] "
"src/app/components/lawyer/smart-modal/parts/SessionAndRequestsHub.tsx",451,1,"button",1,0,"B0-SAFE-explicit-type-button","","<button type=""button"" data-testid={CIVIL_LAWSUIT_TEST_IDS.sessionRecordOpen} onClick={openSessionTrigger} className={ compactSessionTrigger && visualVariant === 'civil' ? COMPACT_HUB_TRIGGER_GOLD : `${T.trigger}` } >"
"src/app/components/lawyer/smart-modal/parts/SessionAndRequestsHub.tsx",488,1,"button",1,0,"B0-SAFE-explicit-type-button","","<button type=""button"" data-testid={CIVIL_LAWSUIT_TEST_IDS.sessionOpenRegister} onClick={() => openRegister(sessionHistory[sessionHistory.length - 1])} className=""w-full min-h-[44px] rounded-xl border border-white/[0.08] bg-white/[0.03] p"
"src/app/components/lawyer/smart-modal/parts/SessionAndRequestsHub.tsx",500,1,"button",1,0,"B0-SAFE-explicit-type-button","","<button type=""button"" data-testid={CIVIL_LAWSUIT_TEST_IDS.sessionOpenRegister} onClick={() => openRegister(sessionHistory[sessionHistory.length - 1])} className={`${T.trigger} mb-2`} >"
"src/app/components/lawyer/smart-modal/parts/SessionHearingsRegister.tsx",27,1,"button",1,0,"B0-SAFE-explicit-type-button","","<button type=""button"" data-testid={CIVIL_LAWSUIT_TEST_IDS.sessionLeaveRegister} onClick={onLeave} className=""min-h-[44px] px-3 rounded-xl border border-white/[0.10] text-[11px] font-bold text-white/70 hover:bg-white/[0.05] touch-manipula"
"src/app/components/lawyer/smart-modal/parts/SessionHearingsRegister.tsx",46,1,"button",1,0,"B0-SAFE-explicit-type-button","","<button key={record.id} type=""button"" data-testid={CIVIL_LAWSUIT_TEST_IDS.sessionHearingRow(String(record.id))} onClick={() => onSelect(record)} className={`shrink-0 min-h-[44px] rounded-xl border px-3 py-2 text-right touch-manipulation $"
"src/app/components/lawyer/smart-modal/parts/SessionRecordForm.tsx",140,1,"button",1,0,"B0-SAFE-explicit-type-button","","<button type=""button"" data-testid={CIVIL_LAWSUIT_TEST_IDS.sessionRecordJudgeTemplateAdd} onClick={onAddCustomTemplate} disabled={!normalizeJudgeDecisionTemplate(templateDraft)} className=""inline-flex items-center gap-1 min-h-[44px] px-3 "
"src/app/components/lawyer/smart-modal/parts/SessionRecordForm.tsx",158,1,"button",1,0,"B0-SAFE-explicit-type-button","","<button type=""button"" data-testid={CIVIL_LAWSUIT_TEST_IDS.sessionRecordJudgeTemplateChip(snippet)} onClick={() => onInsertJudgeLine(snippet)} className=""px-2 py-1 text-white/55 hover:text-white/80 hover:bg-[#E6C673]/[0.06] transition-col"
"src/app/components/lawyer/smart-modal/parts/SessionRecordForm.tsx",167,1,"button",1,0,"B0-SAFE-explicit-type-button","","<button type=""button"" data-testid={CIVIL_LAWSUIT_TEST_IDS.sessionRecordJudgeTemplateRemove(snippet)} onClick={() => onRemoveCustomTemplate(snippet)} className=""px-1.5 py-1 text-white/25 hover:text-rose-300 hover:bg-rose-500/10 border-r b"
"src/app/components/lawyer/smart-modal/parts/SmartRequestsList.tsx",80,1,"button",1,0,"B0-SAFE-explicit-type-button","","<button type=""button"" onClick={() => handleOpen(item.id, item.kind)} disabled={!canOpen} className=""w-full text-right disabled:cursor-default"" >"
"src/app/components/lawyer/smart-modal/parts/SmartRequestsList.tsx",105,1,"button",1,0,"B0-SAFE-explicit-type-button","","<button type=""button"" data-testid={`${CIVIL_LAWSUIT_TEST_IDS.requestsHubRow(item.id)}-accept`} onClick={() => onResolvePetition(petition, 'accepted')} className=""min-h-[44px] flex-1 rounded-lg border border-emerald-400/30 bg-emerald-500/"
"src/app/components/lawyer/smart-modal/parts/SmartRequestsList.tsx",113,1,"button",1,0,"B0-SAFE-explicit-type-button","","<button type=""button"" data-testid={`${CIVIL_LAWSUIT_TEST_IDS.requestsHubRow(item.id)}-reject`} onClick={() => onResolvePetition(petition, 'rejected')} className=""min-h-[44px] flex-1 rounded-lg border border-rose-400/30 bg-rose-500/10 px-"
"src/app/components/lawyer/smart-modal/parts/SmartRequestsPanel.tsx",139,1,"button",1,0,"B0-SAFE-explicit-type-button","","<button type=""button"" onClick={() => setExpanded((v) => !v)} data-testid=""smart-file-requests-hub-toggle"" className=""flex items-start gap-2 min-w-0 flex-1 text-right group"" aria-expanded={expanded} aria-label={expanded ? 'طي لوحة الطل"
"src/app/components/lawyer/smart-modal/parts/SmartRequestsPanel.tsx",179,1,"button",1,0,"B0-SAFE-explicit-type-button","","<button type=""button"" onClick={() => setShowQuickTemplates((v) => !v)} className=""text-[9px] text-white/40 hover:text-[#E6C673]/80 px-1.5 py-1 transition-colors"" >"
"src/app/components/lawyer/smart-modal/parts/SmartRequestsPanel.tsx",188,1,"button",1,0,"B0-SAFE-explicit-type-button","","<button type=""button"" onClick={() => setShowPearlTemplates((v) => !v)} className=""text-[9px] text-[#9C9890] hover:text-[#C9B89A] px-1.5 py-0.5 transition-colors"" >"
"src/app/components/lawyer/smart-modal/parts/SmartRequestsPanel.tsx",196,1,"button",1,0,"B0-SAFE-explicit-type-button","","<button type=""button"" data-testid={CIVIL_LAWSUIT_TEST_IDS.requestsHubAdd} onClick={() => onAddFastTrack?.()} className={addBtnClass} >"
"src/app/components/lawyer/smart-modal/parts/SmartRequestsPanel.tsx",229,1,"button",1,0,"B0-SAFE-explicit-type-button","","<button type=""button"" onClick={() => setShowPearlTemplates((v) => !v)} className=""text-[9px] text-[#9C9890] hover:text-[#C9B89A] px-1 transition-colors"" >"
"src/app/components/lawyer/smart-modal/parts/SmartRequestsTemplatesSection.tsx",62,1,"button",1,0,"B0-SAFE-explicit-type-button","","<button type=""button"" data-testid={CIVIL_LAWSUIT_TEST_IDS.requestsTemplateAdd} onClick={handleAddTemplate} disabled={!normalizeRequestTypeTemplate(templateDraft)} className=""inline-flex items-center gap-0.5 px-2 py-1.5 rounded-lg bg-[#E6"
"src/app/components/lawyer/smart-modal/parts/SmartRequestsTemplatesSection.tsx",80,1,"button",1,0,"B0-SAFE-explicit-type-button","","<button type=""button"" data-testid={CIVIL_LAWSUIT_TEST_IDS.requestsQuickType(type)} onClick={() => handleQuickAddFromTemplate(type)} className=""px-2 py-0.5 text-white/45 hover:text-[#E6C673]/90 hover:bg-[#E6C673]/10 text-[8px] font-semibo"
"src/app/components/lawyer/smart-modal/parts/SmartRequestsTemplatesSection.tsx",89,1,"button",1,0,"B0-SAFE-explicit-type-button","","<button type=""button"" data-testid={CIVIL_LAWSUIT_TEST_IDS.requestsTemplateRemove(type)} onClick={() => handleRemoveTemplate(type)} className=""px-1 py-0.5 text-white/25 hover:text-rose-300 hover:bg-rose-500/10 border-r border-white/[0.06]"
"src/app/components/lawyer/smart-modal/parts/SmartRequestsTemplatesSection.tsx",126,1,"button",1,0,"B0-SAFE-explicit-type-button","","<button type=""button"" data-testid={CIVIL_LAWSUIT_TEST_IDS.requestsTemplateAdd} onClick={handleAddTemplate} disabled={!normalizeRequestTypeTemplate(templateDraft)} className=""px-2 py-1 rounded-md bg-white/[0.08] border border-white/[0.16]"
"src/app/components/lawyer/smart-modal/parts/SmartRequestsTemplatesSection.tsx",139,1,"button",1,0,"B0-SAFE-explicit-type-button","","<button key={type} type=""button"" data-testid={CIVIL_LAWSUIT_TEST_IDS.requestsQuickType(type)} onClick={() => handleQuickAddFromTemplate(type)} className=""px-1.5 py-0.5 rounded-md bg-white/[0.06] border border-white/[0.12] text-[#C9B89A] "
"src/app/components/lawyer/smart-modal/parts/TimelineFeed.tsx",106,1,"button",1,0,"B0-SAFE-explicit-type-button","","<button key={cat.id} type=""button"" data-testid={CIVIL_LAWSUIT_TEST_IDS.timelineCategoryChip(cat.id)} onClick={() => setCategory(cat.id)} className={[ 'inline-flex items-center gap-1 rounded-lg border px-2 py-1 text-[10px] font-bold transi"
"src/app/components/lawyer/smart-modal/parts/TimelineFeed.tsx",251,1,"button",1,0,"B0-SAFE-explicit-type-button","","<button type=""button"" onClick={(e) => { e.stopPropagation(); setExpandedEventId(isExpanded ? null : event.id); }} className={`inline-flex h-8 w-8 min-h-[32px] min-w-[32px] items-center justify-center rounded-md border border-white/[0.08] "
"src/app/components/lawyer/smart-modal/parts/TimelineFeed.tsx",334,1,"button",1,0,"B0-SAFE-explicit-type-button","","<button type=""button"" onClick={(e) => { e.stopPropagation(); onDelete(event.id); }} className=""inline-flex items-center justify-center min-h-[44px] min-w-[44px] p-1.5 rounded-lg bg-white/[0.04] border border-white/[0.08] hover:border-ros"
"src/app/components/lawyer/smart-modal/parts/ToDoList.tsx",49,1,"button",1,0,"B0-SAFE-explicit-type-button","","<button type=""button"" onClick={() => onRecordResponse(task.id, true)} className=""px-2 py-1.5 rounded-lg border border-emerald-500/25 bg-emerald-500/10 text-[10px] font-bold text-emerald-300 hover:bg-emerald-500/15 transition-colors"" >"
"src/app/components/lawyer/smart-modal/parts/ToDoList.tsx",56,1,"button",1,0,"B0-SAFE-explicit-type-button","","<button type=""button"" onClick={() => onRecordResponse(task.id, false)} className=""px-2 py-1.5 rounded-lg border border-rose-500/25 bg-rose-500/10 text-[10px] font-bold text-rose-300 hover:bg-rose-500/15 transition-colors"" >"
"src/app/components/lawyer/smart-modal/parts/ToDoList.tsx",125,1,"button",1,0,"B0-SAFE-explicit-type-button","","<button type=""button"" onClick={() => onRecordOutcome(task.id, 'quashed')} className=""px-2 py-1.5 rounded-lg border border-white/[0.1] bg-white/[0.03] text-[10px] font-bold text-white/80 hover:border-[#E6C673]/30 hover:text-[#E6C673] tran"
"src/app/components/lawyer/smart-modal/parts/ToDoList.tsx",132,1,"button",1,0,"B0-SAFE-explicit-type-button","","<button type=""button"" onClick={() => onRecordOutcome(task.id, 'upheld')} className=""px-2 py-1.5 rounded-lg border border-white/[0.1] bg-white/[0.03] text-[10px] font-bold text-white/80 hover:border-[#E6C673]/30 hover:text-[#E6C673] trans"
"src/app/components/lawyer/smart-modal/parts/ToDoList.tsx",167,1,"button",1,0,"B0-SAFE-explicit-type-button","","<button type=""button"" onClick={() => onFileBrief(task.id, decisionNo, decisionDate)} className=""w-full px-2 py-1.5 rounded-lg border border-[#E6C673]/25 bg-[#E6C673]/10 text-[10px] font-bold text-[#E6C673] hover:bg-[#E6C673]/15 transitio"
"src/app/components/lawyer/smart-modal/parts/ToDoList.tsx",244,1,"button",1,0,"B0-SAFE-explicit-type-button","","<button type=""button"" data-testid={CIVIL_LAWSUIT_TEST_IDS.taskAdd} onClick={onAddTask} className=""min-h-[44px] min-w-[44px] flex items-center justify-center rounded-lg border border-[#E6C673]/20 bg-[#E6C673]/10 text-[#E6C673] hover:bg-[#"
"src/app/components/lawyer/smart-modal/parts/ToDoList.tsx",281,1,"button",1,0,"B0-SAFE-explicit-type-button","","<button type=""button"" onClick={() => handleTaskActivate(task)} disabled={readOnly} className={`w-3.5 h-3.5 rounded-full border flex items-center justify-center transition-all mt-0.5 shrink-0 ${ readOnly ? 'cursor-default opacity-80' : '' "
"src/app/components/lawyer/smart-modal/parts/ToDoList.tsx",311,1,"button",1,0,"B0-SAFE-explicit-type-button","","<button type=""button"" onClick={() => (appealTask || correspondenceTask) && !task.isCompleted && handleTaskActivate(task) } className={`text-right w-full ${ (appealTask || correspondenceTask) && !task.isCompleted ? 'cursor-pointer' : 'curs"
"src/app/components/lawyer/smart-modal/parts/ToDoList.tsx",358,1,"button",1,0,"B0-SAFE-explicit-type-button","","<button type=""button"" onClick={() => onEditTask(task)} className=""min-h-[44px] min-w-[44px] flex items-center justify-center rounded-lg text-white/35 hover:text-[#E6C673] hover:bg-[#E6C673]/10 border border-transparent hover:border-[#E6C"
"src/app/components/lawyer/smart-modal/procedural-modals/AppealBriefOutcomeModal.tsx",43,1,"button",1,0,"B0-SAFE-explicit-type-button","","<button type=""button"" onClick={onClose} className={GLASS_CLOSE}>"
"src/app/components/lawyer/smart-modal/procedural-modals/AppealBriefOutcomeModal.tsx",53,1,"button",1,0,"B0-SAFE-explicit-type-button","","<button key={opt.id} type=""button"" onClick={() => setOutcome(opt.id)} className={`w-full text-right px-3 py-2.5 rounded-xl border text-sm font-bold transition-colors ${ outcome === opt.id ? 'bg-[#E6C673]/15 border-[#E6C673]/35 text-[#E6C6"
"src/app/components/lawyer/smart-modal/procedural-modals/AppealBriefOutcomeModal.tsx",67,1,"button",1,0,"B0-SAFE-explicit-type-button","","<button type=""button"" disabled={!outcome} onClick={() => outcome && onConfirm(outcome)} className={GLASS_BTN} >"
"src/app/components/lawyer/smart-modal/procedural-modals/CaseConsolidationModal.tsx",153,1,"button",1,0,"B0-SAFE-explicit-type-button","","<button type=""button"" onClick={() => setStep('existing')} className={optionBtn}>"
"src/app/components/lawyer/smart-modal/procedural-modals/CaseConsolidationModal.tsx",156,1,"button",1,0,"B0-SAFE-explicit-type-button","","<button type=""button"" onClick={() => setStep('external')} className={optionBtn}>"
"src/app/components/lawyer/smart-modal/procedural-modals/CaseConsolidationModal.tsx",159,1,"button",1,0,"B0-SAFE-explicit-type-button","","<button type=""button"" onClick={() => setStep('create')} className={optionBtnPrimary}>"
"src/app/components/lawyer/smart-modal/procedural-modals/CaseConsolidationModal.tsx",166,1,"button",1,0,"B0-SAFE-explicit-type-button","","<button type=""button"" onClick={() => { setStep('choose'); setSelectedId(null); setSearch(''); }} className=""text-[11px] text-white/50 hover:text-white/75"" >"
"src/app/components/lawyer/smart-modal/procedural-modals/CaseConsolidationModal.tsx",193,1,"button",1,0,"B0-SAFE-explicit-type-button","","<button key={candidate.id} type=""button"" onClick={() => setSelectedId(candidate.id)} className={`w-full text-right rounded-xl border px-4 py-3.5 transition-colors ${ active ? listItemActive : listItemIdle }`} >"
"src/app/components/lawyer/smart-modal/procedural-modals/CaseConsolidationModal.tsx",222,1,"button",1,0,"B0-SAFE-explicit-type-button","","<button type=""button"" onClick={() => { setStep('choose'); setPeerCaseNo(''); }} className=""text-[11px] text-white/50 hover:text-white/75"" >"
"src/app/components/lawyer/smart-modal/procedural-modals/CaseConsolidationModal.tsx",250,1,"button",1,0,"B0-SAFE-explicit-type-button","","<button type=""button"" onClick={() => setStep('choose')} className=""text-[11px] text-white/50 hover:text-white/75"">"
"src/app/components/lawyer/smart-modal/procedural-modals/CaseConsolidationModal.tsx",275,1,"button",1,0,"B0-SAFE-explicit-type-button","","<button type=""button"" onClick={handleMergeExisting} disabled={!selectedId || normalizedCurrentId === null || selectedId === normalizedCurrentId} className={`${T.btn} ${T.btnDisabled}`} >"
"src/app/components/lawyer/smart-modal/procedural-modals/CaseConsolidationModal.tsx",284,1,"button",1,0,"B0-SAFE-explicit-type-button","","<button type=""button"" onClick={handleExternalRef} disabled={!peerCaseNo.trim()} className={`${T.btn} ${T.btnDisabled}`} >"
"src/app/components/lawyer/smart-modal/procedural-modals/CaseConsolidationModal.tsx",293,1,"button",1,0,"B0-SAFE-explicit-type-button","","<button type=""button"" onClick={handleCreateNew} className={T.btn}>"
"src/app/components/lawyer/smart-modal/procedural-modals/CaseLinkModal.tsx",98,1,"button",1,0,"B0-SAFE-explicit-type-button","","<button type=""button"" onClick={() => setStep('existing')} className={optionBtn}>"
"src/app/components/lawyer/smart-modal/procedural-modals/CaseLinkModal.tsx",101,1,"button",1,0,"B0-SAFE-explicit-type-button","","<button type=""button"" onClick={() => setStep('external')} className={optionBtnPrimary}>"
"src/app/components/lawyer/smart-modal/procedural-modals/CaseLinkModal.tsx",108,1,"button",1,0,"B0-SAFE-explicit-type-button","","<button type=""button"" onClick={() => { setStep('choose'); setSelectedKey(null); }} className=""text-[11px] text-white/50 hover:text-white/75"" >"
"src/app/components/lawyer/smart-modal/procedural-modals/CaseLinkModal.tsx",127,1,"button",1,0,"B0-SAFE-explicit-type-button","","<button key={candidate.key} type=""button"" onClick={() => setSelectedKey(candidate.key)} className={`w-full text-right rounded-xl border px-4 py-3.5 transition-colors ${ active ? listItemActive : listItemIdle }`} >"
"src/app/components/lawyer/smart-modal/procedural-modals/CaseLinkModal.tsx",151,1,"button",1,0,"B0-SAFE-explicit-type-button","","<button type=""button"" onClick={() => setStep('choose')} className=""text-[11px] text-white/50 hover:text-white/75"">"
"src/app/components/lawyer/smart-modal/procedural-modals/CaseLinkModal.tsx",179,1,"button",1,0,"B0-SAFE-explicit-type-button","","<button type=""button"" onClick={() => { if (step === 'existing' && selectedCandidate) { onLinkExisting({ peer: toPeerSelection(selectedCandidate), linkDate, reason: reason.trim() || undefined, }); onClose(); } else if (step === 'external' "
"src/app/components/lawyer/smart-modal/procedural-modals/CorrespondenceModal.tsx",59,1,"button",1,0,"B0-SAFE-explicit-type-button","","<button type=""button"" onClick={() => { if (!entity.trim() || !content.trim()) return; onConfirm({ entity: entity.trim(), date, content: content.trim() }); onClose(); }} disabled={!entity.trim() || !content.trim()} className={`${T.btn} ${T"
"src/app/components/lawyer/smart-modal/procedural-modals/JudgeRecusalModal.tsx",27,1,"button",1,0,"B0-SAFE-explicit-type-button","","<button type=""button"" onClick={onClose} className=""hover:bg-black/10 rounded-full p-1"">"
"src/app/components/lawyer/smart-modal/procedural-modals/JudgeRecusalModal.tsx",62,1,"button",1,0,"B0-SAFE-explicit-type-button","","<button type=""button"" onClick={handleSubmit} disabled={!reason} className=""w-full bg-gradient-to-r from-rose-600 to-red-700 text-white py-3 rounded-lg font-bold text-sm hover:from-rose-500 hover:to-red-600 transition-all shadow-lg disabl"
"src/app/components/lawyer/smart-modal/procedural-modals/TransferJurisdictionModal.tsx",123,1,"button",1,0,"B0-SAFE-explicit-type-button","","<button type=""button"" onClick={() => handleDecision('accept')} className={`${T.btn} flex items-center justify-center gap-1.5`} >"
"src/app/components/lawyer/smart-modal/procedural-modals/TransferJurisdictionModal.tsx",131,1,"button",1,0,"B0-SAFE-explicit-type-button","","<button type=""button"" onClick={() => handleDecision('reject')} className=""flex items-center justify-center gap-1.5 rounded-xl border border-rose-400/25 bg-rose-500/10 px-3 py-2.5 text-sm font-bold text-rose-200 hover:bg-rose-500/16 trans"
"src/app/components/lawyer/smart-modal/procedural-modals/TransferJurisdictionModal.tsx",187,1,"button",1,0,"B0-SAFE-explicit-type-button","","<button type=""button"" onClick={handleRegister} disabled={!newCourt.trim()} className={`${T.btn} ${T.btnDisabled} flex items-center justify-center gap-1.5`} >"
"src/app/components/lawyer/smart-modal/smart-header/PartyItem.tsx",72,1,"button",1,0,"B0-SAFE-explicit-type-button","","<button type=""button"" onClick={(e) => { e.stopPropagation(); setShowLawyerInfo(!showLawyerInfo); }} className=""flex items-center gap-1 bg-slate-800/50 border border-slate-700 px-2 py-0.5 rounded-full cursor-pointer hover:bg-slate-700 tra"
"src/app/components/lawyer/smart-modal/smart-header/PartyItem.tsx",106,1,"button",1,0,"B0-SAFE-explicit-type-button","","<button type=""button"" onClick={() => setShowLawyerInfo(false)} className=""text-white/40 hover:text-white""><X size={12} /></button>"
"src/app/components/lawyer/smart-modal/smart-header/SmartHeaderMain.tsx",54,1,"button",1,0,"B0-SAFE-explicit-type-button","","<button type=""button"" onClick={scrollToPartiesSection} className=""text-[22px] sm:text-[24px] font-black text-[#E6C673] tracking-wide font-sans leading-none truncate max-w-full text-right touch-manipulation min-h-[44px]"" title=""الانتقال"
"src/app/components/lawyer/smart-modal/smart-header/SmartHeaderMain.tsx",66,1,"button",1,0,"B0-SAFE-explicit-type-button","","<button type=""button"" onClick={() => setShowClaimValue((v) => !v)} className={`${GLASS_CHIP} bg-[#E6C673]/12 border-[#E6C673]/28 text-[#E6C673] max-w-[min(100%,20rem)] touch-manipulation cursor-pointer hover:bg-[#E6C673]/18 transition-col"
"src/app/components/lawyer/smart-modal/smart-header/SmartHeaderMain.tsx",117,1,"button",1,0,"B0-SAFE-explicit-type-button","","<button type=""button"" onClick={() => setShowPreviousCourt((v) => !v)} className=""shrink-0 inline-flex items-center justify-center rounded-md border border-violet-400/25 bg-violet-500/10 p-1 text-violet-200/90 hover:bg-violet-500/16 trans"
"src/app/components/lawyer/smart-modal/smart-header/SmartHeaderMain.tsx",181,1,"button",1,0,"B0-SAFE-explicit-type-button","","<button type=""button"" onClick={onReopenPleadings} className=""text-[9px] text-white/40 hover:text-[#E6C673] transition-colors px-1"" >"
"src/app/components/lawyer/smart-modal/smart-header/SmartHeaderMain.tsx",192,1,"button",1,0,"B0-SAFE-explicit-type-button","","<button type=""button"" onClick={onResume} className={`${GLASS_CHIP} bg-emerald-500/10 border-emerald-400/25 text-emerald-300 hover:bg-emerald-500/15 transition-all`} >"
"src/app/components/lawyer/smart-modal/smart-header/SmartHeaderMain.tsx",202,1,"button",1,0,"B0-SAFE-explicit-type-button","","<button type=""button"" onClick={onCancelCrossAppeal} className={`${GLASS_CHIP} bg-indigo-500/15 border-indigo-400/30 text-indigo-200 hover:bg-indigo-500/22`} title=""إلغاء الاستئناف المتقابل"" >"
"src/app/components/lawyer/smart-modal/smart-header/SmartHeaderThirdPartyCases.tsx",31,1,"button",1,0,"B0-SAFE-explicit-type-button","","<button type=""button"" onClick={() => onUpdateIncidentalEntryDecision(caseItem.id, 'accepted')} className=""px-2.5 py-1 bg-green-500/10 text-green-400 border border-green-500/30 rounded-lg text-[10px] font-bold hover:bg-green-500/20 transi"
"src/app/components/lawyer/smart-modal/smart-header/SmartHeaderThirdPartyCases.tsx",38,1,"button",1,0,"B0-SAFE-explicit-type-button","","<button type=""button"" onClick={() => onUpdateIncidentalEntryDecision(caseItem.id, 'rejected')} className=""px-2.5 py-1 bg-red-500/10 text-red-400 border border-red-500/30 rounded-lg text-[10px] font-bold hover:bg-red-500/20 transition-col"
"src/app/components/lawyer/smart-modal/smartFile/ManualClassificationPicker.tsx",116,1,"button",1,0,"B0-SAFE-explicit-type-button","","<button type=""button"" onClick={handleAddTemplate} disabled={!normalizeManualClassificationTag(draft)} data-testid={addTestId} className={`inline-flex items-center gap-1 px-3 py-2 rounded-xl text-[10px] font-bold transition-all disabled:op"
"src/app/components/lawyer/smart-modal/smartFile/ManualClassificationPicker.tsx",149,1,"button",1,0,"B0-SAFE-explicit-type-button","","<button type=""button"" data-testid={chipTestId?.(tag) ?? `manual-classification-chip-${slugForTestId(tag)}`} onClick={() => handleApplyTemplate(tag)} className={[ 'px-2 py-1 transition-all text-[9px] font-semibold truncate text-right', isS"
"src/app/components/lawyer/smart-modal/smartFile/ManualClassificationPicker.tsx",167,1,"button",1,0,"B0-SAFE-explicit-type-button","","<button type=""button"" data-testid={removeTestId?.(tag) ?? `manual-classification-remove-${slugForTestId(tag)}`} onClick={() => handleRemoveTemplate(tag)} className=""px-1.5 py-1 text-white/25 hover:text-rose-300 hover:bg-rose-500/10 borde"
"src/app/components/lawyer/smart-modal/smartFile/moroccanGlassShell.tsx",41,1,"button",1,0,"B0-SAFE-explicit-type-button","","<button type=""button"" onClick={onClick} className={GLASS_CLOSE} aria-label={label}>"
"src/app/components/lawyer/smart-modal/smartFile/smartModalChrome.tsx",34,1,"button",1,0,"B0-SAFE-explicit-type-button","","<button type=""button"" onClick={onClose} className={T.closeBtn} aria-label=""إغلاق"">"
"src/app/components/lawyer/smart-modal/SmartJudgmentModal.tsx",533,1,"button",1,0,"B0-SAFE-explicit-type-button","","<button type=""button"" onClick={onClose} className={s.closeBtn} aria-label=""إغلاق"">"
"src/app/components/lawyer/SmartLegalRadar/CalendarGridDayCell.tsx",50,1,"button",1,0,"B0-SAFE-explicit-type-button","","<button type=""button"" data-testid={`radar-day-${day}`} aria-label={buildCalendarDayAriaLabel( day, viewMonth, viewYear, dayEvents.length, isT, )} aria-pressed={isSel ? true : undefined} aria-current={isT ? 'date' : undefined} onClick={() "
"src/app/components/lawyer/SmartLegalRadar/CalendarReminderModal.tsx",171,1,"button",1,0,"B0-SAFE-explicit-type-button","","<button key={minutes} type=""button"" data-testid={`calendar-reminder-snooze-${minutes}`} onClick={() => onSnooze(minutes)} className=""min-h-[44px] rounded-lg border border-[#E6C673]/22 bg-[#E6C673]/8 text-xs font-semibold text-[#F4F4F5] t"
"src/app/components/lawyer/SmartLegalRadar/CalendarReminderModal.tsx",182,1,"button",1,0,"B0-SAFE-explicit-type-button","","<button type=""button"" data-testid=""calendar-reminder-mute"" onClick={() => setSoundOn(false)} disabled={!soundOn} className=""w-full min-h-[44px] rounded-lg border border-white/12 bg-white/[0.04] text-sm font-semibold text-[#F8FAFC] touc"
"src/app/components/lawyer/SmartLegalRadar/CalendarReminderModal.tsx",191,1,"button",1,0,"B0-SAFE-explicit-type-button","","<button type=""button"" data-testid=""calendar-reminder-dismiss"" onClick={onDismiss} className=""w-full min-h-[44px] rounded-lg bg-[#E6C673] text-sm font-semibold text-[#0A0F1C] touch-manipulation"" >"
"src/app/components/lawyer/SmartLegalRadar/EventCardActions.tsx",31,1,"button",1,0,"B0-SAFE-explicit-type-button","","<button type=""button"" data-testid={`radar-event-open-source-${event.id}`} onClick={() => onOpenSource!(event)} title=""فتح المصدر"" aria-label={`فتح المصدر الأصلي للموعد ${event.title}`} className={`${RADAR_ICON_BTN} ${RADAR_TEXT_MUTED}`}"
"src/app/components/lawyer/SmartLegalRadar/EventCardActions.tsx",44,1,"button",1,0,"B0-SAFE-explicit-type-button","","<button type=""button"" data-testid={`radar-event-edit-${event.id}`} onClick={() => onEdit(event)} onPointerDown={prefetchRadarEventForm} onFocus={prefetchRadarEventForm} aria-label={`تعديل الموعد ${event.title}`} className={`${RADAR_ICON_B"
"src/app/components/lawyer/SmartLegalRadar/EventCardActions.tsx",55,1,"button",1,0,"B0-SAFE-explicit-type-button","","<button type=""button"" data-testid={`radar-event-card-delete-${event.id}`} onClick={() => onDelete(event)} aria-label={`حذف الموعد ${event.title}`} className={`${RADAR_ICON_BTN} ${RADAR_TEXT_MUTED}`} >"
"src/app/components/lawyer/SmartLegalRadar/EventCardsList.tsx",76,1,"button",1,0,"B0-SAFE-explicit-type-button","","<button type=""button"" data-testid=""radar-show-all-events"" onClick={expandAll} className=""w-full py-3 rounded-xl border border-white/10 bg-transparent hami-radar-text-secondary text-sm font-semibold hami-radar-hover-row touch-manipulati"
"src/app/components/lawyer/SmartLegalRadar/EventFormActions.tsx",34,1,"button",1,0,"B0-SAFE-explicit-type-button","","<button type=""button"" data-testid=""radar-event-delete"" onClick={() => { if (!saving) onDelete(); }} disabled={saving} aria-label={editingEvent ? `حذف الموعد ${editingEvent.title}` : 'حذف الموعد'} className={RADAR_FORM_BTN_DANGER} >"
"src/app/components/lawyer/SmartLegalRadar/EventFormActions.tsx",47,1,"button",1,0,"B0-SAFE-explicit-type-button","","<button type=""button"" data-testid=""radar-event-save"" onClick={() => void onSave(localFormData)} aria-label={editingEvent ? `تحديث الموعد ${editingEvent.title}` : 'إضافة الموعد'} disabled={saving || !localFormData.title.trim() || !localF"
"src/app/components/lawyer/SmartLegalRadar/EventFormHeader.tsx",24,1,"button",1,0,"B0-SAFE-explicit-type-button","","<button type=""button"" data-testid=""radar-event-form-close"" aria-label=""إغلاق نموذج الموعد"" onClick={() => { if (!saving) onClose(); }} className={RADAR_FORM_ICON_BTN} >"
"src/app/components/lawyer/SmartLegalRadar/EventFormTimeField.tsx",52,1,"button",1,0,"B0-SAFE-explicit-type-button","","<button type=""button"" data-testid=""radar-event-reminder-toggle"" disabled={!hasTime} aria-pressed={reminderEnabled} aria-label={reminderEnabled ? 'إيقاف التذكير' : 'تفعيل التذكير'} title={hasTime ? 'تذكير قبل الموعد' : 'أضف وقتاً لتفعيل "
"src/app/components/lawyer/SmartLegalRadar/EventFormTimeField.tsx",104,1,"button",1,0,"B0-SAFE-explicit-type-button","","<button key={minutes} type=""button"" data-testid={`radar-event-reminder-${minutes}`} aria-pressed={active} onClick={() => setLocalFormData((prev) => ({ ...prev, reminderMinutesBefore: minutes, })) } className={`min-h-[44px] rounded-lg bord"
"src/app/components/lawyer/SmartLegalRadar/RadarAddEventDock.tsx",20,1,"button",1,0,"B0-SAFE-explicit-type-button","","<button type=""button"" onClick={onAddEvent} onPointerDown={prefetchRadarEventForm} onFocus={prefetchRadarEventForm} data-testid=""radar-add-event"" className={RADAR_BTN_ADD} aria-label={`إضافة موعد ليوم ${dayLabel}`} >"
"src/app/components/lawyer/SmartLegalRadar/RadarErrorBoundary.tsx",49,1,"button",1,0,"B0-SAFE-explicit-type-button","","<button type=""button"" onClick={this.props.onBack} data-testid=""radar-error-back"" className=""min-h-[44px] px-8 rounded-2xl bg-[#E6C673]/12 text-[#E6C673] border border-[#E6C673]/25 active:bg-[#E6C673]/20 transition-colors text-sm font-s"
"src/app/components/lawyer/SmartLegalRadar/RadarHeader.tsx",19,1,"button",1,0,"B0-SAFE-explicit-type-button","","<button type=""button"" onClick={(event) => { event.stopPropagation(); onBack(); }} data-testid=""radar-back"" className={RADAR_BACK_BTN} style={{ WebkitTapHighlightColor: 'transparent', touchAction: 'manipulation' }} >"
"src/app/components/lawyer/SmartLegalRadar/RadarMonthCaption.tsx",37,1,"button",1,0,"B0-SAFE-explicit-type-button","","<button type=""button"" onClick={onGoToToday} className=""hami-radar-month-nav__today-btn shrink-0 min-h-[44px] px-3 text-[11px] font-semibold touch-manipulation"" data-testid=""radar-today"" >"
"src/app/components/lawyer/SmartLegalRadar/RadarMonthToolbar.tsx",32,1,"button",1,0,"B0-SAFE-explicit-type-button","","<button type=""button"" data-testid=""radar-prev-month"" onClick={onPrevMonth} aria-label=""الشهر السابق"" className={RADAR_NAV_ICON_BTN} >"
"src/app/components/lawyer/SmartLegalRadar/RadarMonthToolbar.tsx",48,1,"button",1,0,"B0-SAFE-explicit-type-button","","<button type=""button"" data-testid=""radar-next-month"" onClick={onNextMonth} aria-label=""الشهر التالي"" className={RADAR_NAV_ICON_BTN} >"
"src/app/components/lawyer/SmartLegalRadar/RadarMonthToolbar.tsx",59,1,"button",1,0,"B0-SAFE-explicit-type-button","","<button type=""button"" onClick={onToggleFullMonth} data-testid=""radar-toggle-full-month"" aria-label={showFullMonth ? 'إغلاق التقويم' : 'التقويم الكامل'} aria-expanded={showFullMonth} aria-controls=""radar-calendar-grid"" className={ show"
"src/app/components/lawyer/SmartLegalRadar/RadarWeekStrip.tsx",46,1,"button",1,0,"B0-SAFE-explicit-type-button","","<button key={ymd} type=""button"" data-testid={`radar-week-day-${ymd}`} aria-pressed={isSel} aria-current={isToday(ymd) ? 'date' : undefined} aria-label={buildCalendarDayAriaLabel( dayNum, month, year, hasEvents ? 1 : 0, isToday(ymd), )} on"
"src/app/components/lawyer/SmartRepository/entryCards/DossierEntryCard.tsx",119,1,"button",1,0,"B0-SAFE-explicit-type-button","","<button type=""button"" onClick={edit.startEdit} className={REPO_CARD_EDIT_LINK}>"
"src/app/components/lawyer/SmartRepository/entryCards/DossierEntryCard.tsx",122,1,"button",1,0,"B0-SAFE-explicit-type-button","","<button type=""button"" onClick={() => void deleteDossierNote()} className={`${REPO_CARD_ICON_BTN} text-white/40 hover:text-red-400 hover:border-red-400/25`} aria-label=""حذف"" >"
"src/app/components/lawyer/SmartRepository/entryCards/EntryCardInlineEditor.tsx",88,1,"button",1,0,"B0-SAFE-explicit-type-button","","<button type=""button"" onClick={onCancel} className={REPO_COMPOSE_CANCEL}>"
"src/app/components/lawyer/SmartRepository/entryCards/EntryCardInlineEditor.tsx",91,1,"button",1,0,"B0-SAFE-explicit-type-button","","<button type=""button"" onClick={onSave} className={REPO_COMPOSE_SAVE} data-testid={saveTestId} >"
"src/app/components/lawyer/SmartRepository/entryCards/GlobalEntryCardActions.tsx",50,1,"button",1,0,"B0-SAFE-explicit-type-button","","<button type=""button"" onClick={onStartEdit} className={REPO_CARD_EDIT_LINK}>"
"src/app/components/lawyer/SmartRepository/entryCards/GlobalEntryCardActions.tsx",54,1,"button",1,0,"B0-SAFE-explicit-type-button","","<button type=""button"" onClick={onTogglePin} className={note.isPinned ? REPO_CARD_ICON_BTN_ACTIVE : REPO_CARD_ICON_BTN} aria-label={note.isPinned ? 'إلغاء التثبيت' : 'تثبيت'} aria-pressed={note.isPinned} data-testid={`repository-note-pin-$"
"src/app/components/lawyer/SmartRepository/entryCards/GlobalEntryCardActions.tsx",77,1,"button",1,0,"B0-SAFE-explicit-type-button","","<button type=""button"" onClick={() => void onViewVaultDoc(attachment)} className={`${REPO_CARD_ICON_BTN} text-white/45 hover:text-[#E6C673]`} aria-label=""عرض المرفق"" data-testid={`repository-global-attachment-view-${attachment.id}`} >"
"src/app/components/lawyer/SmartRepository/entryCards/GlobalEntryCardActions.tsx",87,1,"button",0,0,"B0-SAFE-explicit-type-button","","<button type=""button"" disabled className={`${REPO_CARD_ICON_BTN} text-white/30 opacity-60`} aria-label=""المرفق"" aria-busy=""true"" title=""المرفق"" >"
"src/app/components/lawyer/SmartRepository/entryCards/GlobalEntryCardActions.tsx",100,1,"button",1,0,"B0-SAFE-explicit-type-button","","<button type=""button"" onClick={async () => { const ok = await SmartDialog.confirm('حذف هذه البطاقة؟'); if (ok) onDeleteGlobal(note.id); }} className={`${REPO_CARD_ICON_BTN} text-white/40 hover:text-red-400 hover:border-red-400/25`} aria-l"
"src/app/components/lawyer/SmartRepository/entryCards/VaultEntryCard.tsx",119,1,"button",1,0,"B0-SAFE-explicit-type-button","","<button type=""button"" onClick={handleView} className=""shrink-0 size-[4.25rem] overflow-hidden rounded-xl border border-white/[0.08] bg-black/25 cursor-zoom-in touch-manipulation"" aria-label={`عرض ${doc.title}`} >"
"src/app/components/lawyer/SmartRepository/entryCards/VaultEntryCard.tsx",163,1,"button",1,0,"B0-SAFE-explicit-type-button","","<button type=""button"" onClick={handleView} className={`mb-1.5 w-full overflow-hidden rounded-xl border border-white/[0.08] bg-black/25 cursor-zoom-in touch-manipulation ${ imageOnly ? 'hami-repo-img-hero' : '' }`} aria-label={`عرض ${doc.t"
"src/app/components/lawyer/SmartRepository/entryCards/VaultEntryCard.tsx",190,1,"button",1,0,"B0-SAFE-explicit-type-button","","<button type=""button"" onClick={handleView} className=""shrink-0 size-[3.75rem] rounded-xl overflow-hidden border border-white/[0.08] bg-black/25 cursor-zoom-in touch-manipulation"" aria-label={`عرض ${doc.title}`} >"
"src/app/components/lawyer/SmartRepository/entryCards/VaultEntryCardActions.tsx",57,1,"button",1,0,"B0-SAFE-explicit-type-button","","<button type=""button"" disabled={isViewing} onClick={onView} className={`${CARD_ACTION_BTN} disabled:opacity-50`} aria-label={`عرض ${doc.title}`} data-testid={`repository-vault-view-${doc.id}`} >"
"src/app/components/lawyer/SmartRepository/entryCards/VaultEntryCardActions.tsx",73,1,"button",1,0,"B0-SAFE-explicit-type-button","","<button type=""button"" onClick={(e) => { e.preventDefault(); e.stopPropagation(); onEditVaultDoc(doc); }} className={CARD_ACTION_BTN} aria-label={`تعديل ${doc.title}`} data-testid={`repository-vault-edit-${doc.id}`} >"
"src/app/components/lawyer/SmartRepository/entryCards/VaultEntryCardActions.tsx",88,1,"button",1,0,"B0-SAFE-explicit-type-button","","<button type=""button"" onClick={(e) => void onDelete(e)} className={`${CARD_ACTION_BTN} hover:text-rose-400`} aria-label={`حذف ${doc.title}`} data-testid={`repository-vault-delete-${doc.id}`} >"
"src/app/components/lawyer/SmartRepository/LegalRichTextEditorCompactToolbar.tsx",32,1,"button",1,0,"B0-SAFE-explicit-type-button","","<button type=""button"" onMouseDown={(e) => e.preventDefault()} onClick={onClick} disabled={disabled} className=""flex min-h-[44px] min-w-[44px] shrink-0 touch-manipulation items-center justify-center rounded-lg text-white/60 transition-col"
"src/app/components/lawyer/SmartRepository/LegalRichTextEditorCompactToolbar.tsx",76,1,"button",1,0,"B0-SAFE-explicit-type-button","","<button type=""button"" onClick={onToggleBold} className={`${btnBase} ${activeBold ? 'bg-[#E6C673]/15 text-[#E6C673]' : 'text-white/75 hover:bg-white/10'}`} aria-label=""╪╣╪▒┘è╪╢"" aria-pressed={activeBold} >"
"src/app/components/lawyer/SmartRepository/LegalRichTextEditorCompactToolbar.tsx",86,1,"button",1,0,"B0-SAFE-explicit-type-button","","<button key={size.value} type=""button"" onClick={() => onFontSize(size.value)} className={`${btnBase} font-black text-white/70 hover:bg-white/10 ${COMPACT_SIZE_GLYPHS[size.value] ?? 'text-[13px]'}`} aria-label={`╪ص╪ش┘à ╪د┘╪«╪╖ ${size.labe"
"src/app/components/lawyer/SmartRepository/LegalRichTextEditorCompactToolbar.tsx",99,1,"button",1,0,"B0-SAFE-explicit-type-button","","<button key={color} type=""button"" onClick={() => onToggleForeColor(color)} className={`${btnBase} hover:bg-white/10`} aria-label={`┘┘ê┘ ╪د┘┘╪╡ ${color}`} aria-pressed={activeForeColor === color} >"
"src/app/components/lawyer/SmartRepository/LegalRichTextEditorCompactToolbar.tsx",121,1,"button",1,0,"B0-SAFE-explicit-type-button","","<button key={color} type=""button"" onClick={() => onApplyHighlightColor(color)} className={`${btnBase} hover:bg-white/10`} aria-label={`╪ز╪ث╪┤┘è╪▒ ${i + 1}`} aria-pressed={activeHighlightColor === color} title=""╪ص╪»┘ّ╪» ╪د┘┘╪╡ ╪س┘à ╪د╪╢"
"src/app/components/lawyer/SmartRepository/LegalRichTextEditorCompactToolbar.tsx",141,1,"button",1,0,"B0-SAFE-explicit-type-button","","<button type=""button"" onClick={onClearHighlight} className={`${btnBase} text-white/50 hover:bg-white/10 hover:text-white/85`} aria-label=""╪ح╪▓╪د┘╪ر ╪د┘╪ز╪ث╪┤┘è╪▒"" title=""╪ح╪▓╪د┘╪ر ╪د┘╪ز╪ث╪┤┘è╪▒ ┘à┘ ╪د┘┘╪╡ ╪د┘┘à╪ص╪»┘ّ╪»"" >"
"src/app/components/lawyer/SmartRepository/RepositoryAddMenu.tsx",94,1,"button",1,0,"B0-SAFE-explicit-type-button","","<button type=""button"" disabled={disabled} aria-haspopup=""menu"" aria-expanded={open} data-testid=""repository-add-menu-trigger"" onClick={() => !disabled && setOpen((v) => !v)} className={`${REPO_ADD_MENU_BTN} ${disabled ? 'opacity-40 po"
"src/app/components/lawyer/SmartRepository/RepositoryAddMenu.tsx",114,1,"button",1,0,"B0-SAFE-explicit-type-button","","<button type=""button"" role=""menuitem"" data-testid=""repository-note-create"" className={REPO_ADD_MENU_ITEM} onClick={() => run(onCreateNote)} >"
"src/app/components/lawyer/SmartRepository/RepositoryAddMenu.tsx",124,1,"button",1,0,"B0-SAFE-explicit-type-button","","<button type=""button"" role=""menuitem"" data-testid=""repository-open-scanner"" className={REPO_ADD_MENU_ITEM} onClick={() => run(onOpenScanner)} >"
"src/app/components/lawyer/SmartRepository/RepositoryAddMenu.tsx",158,1,"button",1,0,"B0-SAFE-explicit-type-button","","<button type=""button"" role=""menuitem"" data-testid=""repository-voice-record"" className={REPO_ADD_MENU_ITEM} onClick={() => run(onOpenVoice)} >"
"src/app/components/lawyer/SmartRepository/RepositoryClassificationDeck.tsx",61,1,"button",1,0,"B0-SAFE-explicit-type-button","","<button type=""button"" onClick={onSubmitCategory} disabled={!newName.trim()} data-testid=""smart-vault-new-category-save"" aria-label=""حفظ التصنيف"" className=""inline-flex items-center justify-center min-h-[44px] min-w-[44px] rounded-xl "
"src/app/components/lawyer/SmartRepository/RepositoryClassificationDeck.tsx",71,1,"button",1,0,"B0-SAFE-explicit-type-button","","<button type=""button"" onClick={onCancelCreate} aria-label=""إلغاء"" className=""inline-flex items-center justify-center min-h-[44px] min-w-[44px] rounded-xl border border-white/10 text-white/50"" >"
"src/app/components/lawyer/SmartRepository/RepositoryClassificationDeck.tsx",93,1,"button",1,0,"B0-SAFE-explicit-type-button","","<button type=""button"" role=""option"" aria-selected={active} data-testid={ chip.value === 'الكل' ? 'repository-filter-all' : `smart-vault-filter-${chip.value}` } onClick={() => onSelectFilter(chip.value)} className={deckRowClass(active)} "
"src/app/components/lawyer/SmartRepository/RepositoryClassificationDeck.tsx",133,1,"button",1,0,"B0-SAFE-explicit-type-button","","<button type=""button"" role=""option"" aria-selected={isActive} onClick={() => onSelectFilter(isActive ? 'الكل' : category)} data-testid={`smart-vault-filter-${category}`} title={category} className=""min-w-0 flex-1 truncate text-right px-"
"src/app/components/lawyer/SmartRepository/RepositoryClassificationDeck.tsx",149,1,"button",1,0,"B0-SAFE-explicit-type-button","","<button type=""button"" onClick={(e) => { e.stopPropagation(); onRemoveCategory(category); }} aria-label={`حذف تصنيف ${category}`} className=""inline-flex items-center justify-center min-w-[44px] min-h-[44px] rounded-lg hover:bg-rose-500/20"
"src/app/components/lawyer/SmartRepository/RepositoryClassificationDeck.tsx",168,1,"button",1,0,"B0-SAFE-explicit-type-button","","<button type=""button"" onClick={onStartCreate} data-testid=""smart-vault-add-category"" aria-label=""تصنيف مخصص"" title=""تصنيف مخصص"" className={`${deckRowClass(false)} hami-repository-filter-deck__row--add`} >"
"src/app/components/lawyer/SmartRepository/RepositoryComposePanel.tsx",131,1,"button",1,0,"B0-SAFE-explicit-type-button","","<button type=""button"" onClick={onTogglePinned} data-testid=""repository-compose-pin"" className={isPinned ? REPO_COMPOSE_ICON_BTN_ACTIVE : REPO_COMPOSE_ICON_BTN} aria-label={isPinned ? 'إلغاء التثبيت من الواجهة' : 'تثبيت في بطاقة التثبيت'"
"src/app/components/lawyer/SmartRepository/RepositoryComposePanel.tsx",157,1,"button",1,0,"B0-SAFE-explicit-type-button","","<button type=""button"" onClick={() => onAttachmentChange(null)} className=""inline-flex shrink-0 items-center justify-center min-h-[44px] min-w-[44px] rounded-xl text-white/40 hover:text-white/80 hover:bg-white/[0.06] touch-manipulation"" "
"src/app/components/lawyer/SmartRepository/RepositoryComposePanel.tsx",171,1,"button",1,0,"B0-SAFE-explicit-type-button","","<button type=""button"" onClick={onCancel} className={REPO_COMPOSE_CANCEL}>"
"src/app/components/lawyer/SmartRepository/RepositoryComposePanel.tsx",174,1,"button",1,0,"B0-SAFE-explicit-type-button","","<button type=""button"" disabled={saving} onClick={onSave} className={REPO_COMPOSE_SAVE} data-testid=""repository-note-save"" >"
"src/app/components/lawyer/SmartRepository/RepositoryErrorBoundary.tsx",38,1,"button",1,0,"B0-SAFE-explicit-type-button","","<button type=""button"" onClick={this.props.onClose} className=""inline-flex items-center justify-center min-h-[44px] px-4 py-2 rounded-xl bg-white/10 text-white touch-manipulation"" >"
"src/app/components/lawyer/SmartRepository/RepositoryFiltersRail.tsx",126,1,"button",1,0,"B0-SAFE-explicit-type-button","","<button ref={triggerRef} type=""button"" data-testid=""repository-room-filter-trigger"" aria-haspopup=""listbox"" aria-expanded={roomMenuOpen} onClick={() => setRoomMenuOpen((v) => !v)} className={selectedRoomId !== 'main' ? REPO_ROOM_CHIP_"
"src/app/components/lawyer/SmartRepository/RepositoryMoveToRoomButton.tsx",110,1,"button",1,0,"B0-SAFE-explicit-type-button","","<button type=""button"" disabled={busy || normalizedCurrent == null} onClick={() => void handlePick(null)} className=""w-full text-right px-3 min-h-[44px] rounded-xl text-sm font-bold text-white/80 hover:bg-white/[0.06] disabled:opacity-40 "
"src/app/components/lawyer/SmartRepository/RepositoryMoveToRoomButton.tsx",129,1,"button",1,0,"B0-SAFE-explicit-type-button","","<button key={room.id} type=""button"" disabled={busy || active} onClick={() => void handlePick(room.id)} className=""w-full text-right px-3 min-h-[44px] rounded-xl text-sm font-bold text-white truncate hover:bg-white/[0.06] disabled:opacity"
"src/app/components/lawyer/SmartRepository/RepositoryMoveToRoomButton.tsx",151,1,"button",1,0,"B0-SAFE-explicit-type-button","","<button type=""button"" className=""fixed inset-0 z-[135] cursor-default bg-transparent"" aria-label=""إغلاق قائمة النقل"" data-testid=""repository-move-room-backdrop"" onClick={() => setOpen(false)} />"
"src/app/components/lawyer/SmartRepository/RepositoryMoveToRoomButton.tsx",162,1,"button",1,0,"B0-SAFE-explicit-type-button","","<button ref={anchorRef} type=""button"" disabled={disabled || busy} onClick={(e) => { e.preventDefault(); e.stopPropagation(); setOpen((v) => !v); }} className={`${REPO_CARD_ICON_BTN} relative z-[2] pointer-events-auto disabled:opacity-50`}"
"src/app/components/lawyer/SmartRepository/RepositoryRoomMenu.tsx",77,1,"button",1,0,"B0-SAFE-explicit-type-button","","<button type=""button"" onClick={onSubmit} disabled={!newTitle.trim()} data-testid=""repository-room-new-save"" aria-label=""حفظ الغرفة"" className={`${REPO_TOUCH_ICON} rounded-lg bg-[#E6C673] text-[#0A0F1C] disabled:opacity-40`} >"
"src/app/components/lawyer/SmartRepository/RepositoryRoomMenu.tsx",91,1,"button",1,0,"B0-SAFE-explicit-type-button","","<button type=""button"" role=""option"" aria-selected={selectedRoomId === 'main'} data-testid=""repository-room-filter-main"" className={REPO_ROOM_MENU_ITEM} onClick={(event) => { event.stopPropagation(); onSelectMain(); }} >"
"src/app/components/lawyer/SmartRepository/RepositoryRoomMenu.tsx",108,1,"button",1,0,"B0-SAFE-explicit-type-button","","<button key={room.id} type=""button"" role=""option"" aria-selected={selectedRoomId === room.id} data-testid={`repository-room-filter-${room.id}`} title={room.title} className={REPO_ROOM_MENU_ITEM} onClick={(event) => { event.stopPropagatio"
"src/app/components/lawyer/SmartRepository/RepositoryRoomMenu.tsx",129,1,"button",1,0,"B0-SAFE-explicit-type-button","","<button type=""button"" data-testid=""repository-room-create"" className={REPO_ROOM_MENU_ACTION} onClick={onStartCreate} >"
"src/app/components/lawyer/SmartRepository/RepositoryRoomMenu.tsx",139,1,"button",1,0,"B0-SAFE-explicit-type-button","","<button type=""button"" data-testid=""repository-rooms-open-gallery"" className={REPO_ROOM_MENU_ITEM} onClick={onOpenGallery} >"
"src/app/components/lawyer/SmartRepository/RepositoryRoomsGallery.tsx",52,1,"button",1,0,"B0-SAFE-explicit-type-button","","<button type=""button"" className=""fixed inset-0 z-[138] bg-[#0A0F1C]/55"" aria-label=""إغلاق معرض الغرف"" data-testid=""repository-rooms-gallery-backdrop"" onClick={onClose} />"
"src/app/components/lawyer/SmartRepository/RepositoryRoomsGallery.tsx",80,1,"button",1,0,"B0-SAFE-explicit-type-button","","<button type=""button"" onClick={onClose} className={`${REPO_TOUCH_ICON} rounded-full border-0 text-white/50 hover:bg-white/[0.06]`} aria-label=""إغلاق"" >"
"src/app/components/lawyer/SmartRepository/RepositoryRoomsGallery.tsx",137,1,"button",1,0,"B0-SAFE-explicit-type-button","","<button type=""button"" onClick={() => { onSelect(room.id); onClose(); }} data-testid={`repository-gallery-room-${room.id}`} className=""flex min-w-0 flex-1 items-center gap-2.5 min-h-[44px] px-1 text-right touch-manipulation"" >"
"src/app/components/lawyer/SmartRepository/RepositoryRoomsGallery.tsx",166,1,"button",1,0,"B0-SAFE-explicit-type-button","","<button type=""button"" onClick={() => onTogglePin(room.id)} aria-label={ pinned ? `إلغاء تثبيت ${room.title}` : `تثبيت ${room.title} في الأعلى` } data-testid={`repository-gallery-pin-${room.id}`} className={`${REPO_TOUCH_ICON} rounded-lg $"
"src/app/components/lawyer/SmartRepository/RepositoryRoomsGallery.tsx",183,1,"button",1,0,"B0-SAFE-explicit-type-button","","<button type=""button"" onClick={() => onRemove(room.id)} aria-label={`حذف غرفة ${room.title}`} data-testid={`repository-gallery-remove-${room.id}`} className={`${REPO_TOUCH_ICON} rounded-lg text-white/30 hover:text-rose-300`} >"
"src/app/components/lawyer/SmartRepository/RepositoryRoomsGalleryInstantCover.tsx",9,1,"button",1,0,"B0-SAFE-explicit-type-button","","<button type=""button"" className=""fixed inset-0 z-[138] bg-[#0A0F1C]/55"" aria-label=""إغلاق معرض الغرف"" data-testid=""repository-rooms-gallery-backdrop"" onClick={onClose} />"
"src/app/components/lawyer/SmartRepository/RepositoryRoomsGalleryInstantCover.tsx",27,1,"button",1,0,"B0-SAFE-explicit-type-button","","<button type=""button"" onClick={onClose} className={`${REPO_TOUCH_ICON} rounded-full border-0 text-white/50`} aria-label=""إغلاق"" >"
"src/app/components/lawyer/SmartRepository/RepositoryViewLayoutPicker.tsx",58,1,"button",1,0,"B0-SAFE-explicit-type-button","","<button key={opt.id} type=""button"" role=""radio"" aria-checked={active} data-testid={`repository-layout-${opt.id}`} title={opt.label} aria-label={opt.label} disabled={disabled} onClick={(event) => { event.stopPropagation(); pick(opt.id); "
"src/app/components/lawyer/SmartRepository/VaultDossierLinkButton.tsx",97,1,"button",1,0,"B0-SAFE-explicit-type-button","","<button key={`${d.kind}:${d.id}`} type=""button"" disabled={busy} onClick={() => void handlePick(d)} data-testid={`vault-dossier-option-${d.kind}-${d.id}`} className=""w-full text-right px-3 min-h-[44px] inline-flex flex-col justify-center "
"src/app/components/lawyer/SmartRepository/VaultDossierLinkButton.tsx",116,1,"button",1,0,"B0-SAFE-explicit-type-button","","<button type=""button"" className=""fixed inset-0 z-[135] cursor-default bg-transparent"" aria-label=""إغلاق القائمة"" onClick={() => setOpen(false)} />"
"src/app/components/lawyer/SmartRepository/VaultDossierLinkButton.tsx",126,1,"button",1,0,"B0-SAFE-explicit-type-button","","<button ref={anchorRef} type=""button"" disabled={disabled || busy} onClick={(e) => { e.stopPropagation(); if (dossiers.length === 0) { SmartToast.error('لا توجد أضابير دعاوى أو تنفيذ للربط'); return; } setOpen((v) => !v); }} className={`${"
"src/app/components/lawyer/SmartRepositoryModal.tsx",156,1,"button",1,0,"B0-SAFE-explicit-type-button","","<button type=""button"" onPointerDown={(event) => { requestClose(event); }} onClick={(event) => { requestClose(event); }} data-testid=""smart-repository-close"" className={REPO_ICON_BTN} aria-label=""إغلاق"" style={{ WebkitTapHighlightColor"
"src/app/components/lawyer/SmartTimelineRadar.tsx",136,1,"button",1,0,"B0-SAFE-explicit-type-button","","<button type=""button"" aria-expanded={radarOpen} aria-label={radarOpen ? 'طي التفاصيل' : 'توسيع التفاصيل'} onClick={() => toggleRadarRow(rowKey)} className=""flex w-full items-start justify-between gap-2 rounded-lg text-right transition ho"
"src/app/components/lawyer/SmartTimelineRadar.tsx",189,1,"button",1,0,"B0-SAFE-explicit-type-button","","<button type=""button"" aria-label={pinned ? 'إلغاء التثبيت' : 'تثبيت في أعلى الرادار'} aria-pressed={pinned} disabled={isHistoricalMode} onClick={(e) => { e.stopPropagation(); if (isHistoricalMode) return; onTogglePin(event); }} className="
"src/app/components/lawyer/SmartTimelineRadar.tsx",214,1,"button",1,0,"B0-SAFE-explicit-type-button","","<button type=""button"" onClick={onOpenFull} className=""flex w-full items-center justify-center gap-2 rounded-xl border border-slate-600/40 bg-slate-900/50 py-2.5 text-slate-200 transition hover:border-[#E6C673]/35 hover:bg-slate-800/60"" "
"src/app/components/lawyer/SmartVaultModal/SmartVaultScannerPanel.tsx",82,1,"button",1,0,"B0-SAFE-explicit-type-button","","<button type=""button"" onClick={scanner.handleClose} aria-label=""إغلاق الماسح"" data-testid=""vault-scanner-close"" className=""inline-flex min-h-[44px] min-w-[44px] items-center justify-center hover:bg-[#4A4440]/40 rounded-full text-[#C9"
"src/app/components/lawyer/SmartVaultModal/SmartVaultScannerPhases.tsx",32,1,"button",1,0,"B0-SAFE-explicit-type-button","","<button type=""button"" onClick={onClearError} aria-label=""إغلاق التنبيه"" className=""inline-flex min-h-[44px] min-w-[44px] items-center justify-center rounded-xl text-white/38 hover:bg-white/[0.05] hover:text-white/72 transition-colors t"
"src/app/components/lawyer/SmartVaultModal/SmartVaultScannerPhases.tsx",43,1,"button",1,0,"B0-SAFE-explicit-type-button","","<button type=""button"" onClick={onStartCamera} data-testid=""vault-scanner-open-camera"" className=""group flex items-center justify-center gap-2.5 rounded-xl border border-[#E6C673]/28 bg-[#E6C673]/12 min-h-[44px] px-3 py-3 text-[#F7F3EB]"
"src/app/components/lawyer/SmartVaultModal/SmartVaultScannerPhases.tsx",82,1,"button",1,0,"B0-SAFE-explicit-type-button","","<button type=""button"" onClick={onCapture} data-testid=""vault-scanner-capture"" className=""flex items-center justify-center gap-3 bg-[#F7F3EB] hover:bg-[#FAF6EF] text-[#3A3530] font-bold min-h-[44px] py-4 rounded-xl transition-all touch-"
"src/app/components/lawyer/SmartVaultModal/SmartVaultScannerPhases.tsx",161,1,"button",1,0,"B0-SAFE-explicit-type-button","","<button type=""button"" onClick={onRetake} data-testid=""vault-scanner-retake"" className=""flex-1 flex items-center justify-center gap-2 bg-[#4A4440]/45 hover:bg-[#4A4440]/60 text-[#D4B8B5] font-bold min-h-[44px] py-3 rounded-xl transition"
"src/app/components/lawyer/SmartVaultModal/SmartVaultScannerPhases.tsx",170,1,"button",1,0,"B0-SAFE-explicit-type-button","","<button type=""button"" onClick={onSave} data-testid=""vault-scanner-save"" className=""flex-1 flex items-center justify-center gap-2 bg-[#C9A9A6]/25 hover:bg-[#C9A9A6]/35 border border-[#C9A9A6]/40 text-[#F7F3EB] font-bold min-h-[44px] py-"
"src/app/components/lawyer/SmartVaultModal/SmartVaultScannerPhases.tsx",222,1,"button",1,0,"B0-SAFE-explicit-type-button","","<button type=""button"" onClick={() => onViewDoc?.(result.doc)} data-testid=""vault-scanner-view-doc"" className=""flex items-center justify-center gap-2 bg-[#B8A078]/12 hover:bg-[#B8A078]/20 border border-[#B8A078]/30 rounded-xl min-h-[44p"
"src/app/components/lawyer/SmartVaultModal/SmartVaultScannerPhases.tsx",232,1,"button",1,0,"B0-SAFE-explicit-type-button","","<button type=""button"" onClick={onScanAnother} data-testid=""vault-scanner-scan-another"" className=""flex items-center justify-center gap-2 bg-[#C9A9A6]/12 hover:bg-[#C9A9A6]/22 border border-[#C9A9A6]/30 rounded-xl min-h-[44px] py-3 text"
"src/app/components/lawyer/SmartVaultModal/VaultCategoryPicker.tsx",69,1,"button",1,0,"B0-SAFE-explicit-type-button","","<button type=""button"" disabled={disabled} onClick={() => { setAddingCustom(true); setNewName(''); }} className=""flex w-full items-center justify-center gap-1.5 rounded-xl border-0 bg-white/[0.04] px-3 py-2 min-h-[44px] text-xs font-mediu"
"src/app/components/lawyer/SmartVaultModal/VaultCategoryPicker.tsx",104,1,"button",1,0,"B0-SAFE-explicit-type-button","","<button type=""button"" onClick={() => { setAddingCustom(false); setNewName(''); }} disabled={disabled} className=""flex-1 min-h-[44px] rounded-xl border-0 bg-white/[0.05] py-2 text-xs font-medium text-white/55 disabled:opacity-40"" >"
"src/app/components/lawyer/SmartVaultModal/VaultCategoryPicker.tsx",115,1,"button",1,0,"B0-SAFE-explicit-type-button","","<button type=""button"" onClick={applyNewCategory} disabled={disabled || !newName.trim()} className=""flex flex-1 min-h-[44px] items-center justify-center gap-1 rounded-xl border-0 bg-[#E6C673] py-2 text-xs font-medium text-[#0A0F1C] disabl"
"src/app/components/lawyer/SmartVaultModal/VaultDocEditSheet.tsx",76,1,"button",1,0,"B0-SAFE-explicit-type-button","","<button type=""button"" onClick={onClose} disabled={isSaving} className=""p-2 rounded-lg hover:bg-[#4A4440]/40"">"
"src/app/components/lawyer/SmartVaultModal/VaultDocEditSheet.tsx",111,1,"button",1,0,"B0-SAFE-explicit-type-button","","<button type=""button"" onClick={onClose} disabled={isSaving} className={VAULT_BTN_CANCEL}>"
"src/app/components/lawyer/SmartVaultModal/VaultDocEditSheet.tsx",114,1,"button",1,0,"B0-SAFE-explicit-type-button","","<button type=""button"" disabled={isSaving || !title.trim()} onClick={() => onSave({ title: title.trim(), lawyerNote: lawyerNote.trim(), classification: classification.trim(), }) } className={VAULT_BTN_SAVE} >"
"src/app/components/lawyer/SmartVaultModal/VaultDocViewer.tsx",113,1,"button",1,0,"B0-SAFE-explicit-type-button","","<button type=""button"" onClick={onClose} aria-label=""إغلاق المعاينة"" className=""inline-flex items-center justify-center min-h-[44px] min-w-[44px] rounded-xl border border-white/10 bg-white/[0.04] text-white/70 hover:text-[#E6C673] hover"
"src/app/components/lawyer/SmartVaultModal/VaultDocViewer.tsx",121,1,"button",1,0,"B0-SAFE-explicit-type-button","","<button type=""button"" onClick={() => void handleDownload()} disabled={isDownloading} data-testid={`vault-doc-download-${doc.id}`} aria-label={`تنزيل ${doc.title}`} className=""inline-flex items-center justify-center min-h-[44px] min-w-[44"
"src/app/components/lawyer/SmartVaultModal/VaultPdfJsViewer.tsx",258,1,"button",1,0,"B0-SAFE-explicit-type-button","","<button type=""button"" onClick={() => setLoadAttempt((n) => n + 1)} className=""inline-flex min-h-[44px] items-center gap-1.5 rounded-xl border border-[#E6C673]/35 bg-[#E6C673]/10 px-4 text-xs font-bold text-[#E6C673] transition-colors hov"
"src/app/components/lawyer/SmartVaultModal/VaultPdfJsViewer.tsx",298,1,"button",1,0,"B0-SAFE-explicit-type-button","","<button type=""button"" onClick={() => goToPage(currentPage - 1)} disabled={currentPage <= 1} aria-label=""الصفحة السابقة"" className=""flex h-11 w-11 items-center justify-center rounded-lg border border-white/[0.08] bg-white/[0.04] text-wh"
"src/app/components/lawyer/SmartVaultModal/VaultPdfJsViewer.tsx",310,1,"button",1,0,"B0-SAFE-explicit-type-button","","<button type=""button"" onClick={() => goToPage(currentPage + 1)} disabled={currentPage >= doc.numPages} aria-label=""الصفحة التالية"" className=""flex h-11 w-11 items-center justify-center rounded-lg border border-white/[0.08] bg-white/[0."
"src/app/components/lawyer/SmartVaultModal/VaultSearchFilterHub.tsx",127,1,"button",1,0,"B0-SAFE-explicit-type-button","","<button ref={filterToggleRef} type=""button"" data-testid=""repository-classification-toggle"" aria-label={filterPopoverOpen ? 'إخفاء التصنيفات' : 'إظهار التصنيفات'} aria-expanded={filterPopoverOpen} aria-controls={filtersPanelId} title=""ت"
"src/app/components/lawyer/SmartVaultModal/VaultSearchFilterHub.tsx",165,1,"button",1,0,"B0-SAFE-explicit-type-button","","<button type=""button"" onClick={() => onSearchChange('')} title=""مسح البحث"" aria-label=""مسح البحث"" className=""shrink-0 inline-flex items-center justify-center min-h-[44px] min-w-[44px] rounded-xl hover:bg-white/[0.06] text-white/42 ho"
"src/app/components/lawyer/SmartVaultModal/VaultSearchFilterHub.tsx",179,1,"button",1,0,"B0-SAFE-explicit-type-button","","<button type=""button"" onClick={() => setFiltersExpanded(true)} className=""mt-2 flex w-full flex-wrap items-center gap-1.5 text-right"" data-testid=""repository-active-filter-summary"" >"
"src/app/components/lawyer/SmartVaultModal/VaultUploadMetaSheet.tsx",107,1,"button",1,0,"B0-SAFE-explicit-type-button","","<button type=""button"" onClick={onCancel} disabled={isSaving} aria-label=""إغلاق"" data-testid=""vault-upload-cancel-icon"" className=""inline-flex min-h-[44px] min-w-[44px] items-center justify-center rounded-lg hover:bg-[#4A4440]/40 touc"
"src/app/components/lawyer/SmartVaultModal/VaultUploadMetaSheet.tsx",196,1,"button",1,0,"B0-SAFE-explicit-type-button","","<button type=""button"" onClick={onCancel} disabled={isSaving} className={VAULT_BTN_CANCEL} data-testid=""vault-upload-cancel"" >"
"src/app/components/lawyer/SmartVaultModal/VaultUploadMetaSheet.tsx",205,1,"button",1,0,"B0-SAFE-explicit-type-button","","<button type=""button"" disabled={isSaving || !title.trim()} onClick={() => onConfirm({ title: title.trim(), lawyerNote: lawyerNote.trim(), classification: classification.trim(), }) } className={VAULT_BTN_SAVE} data-testid=""vault-upload-co"
"src/app/components/lawyer/TransactionsThreading/AddTaskBottomSheet.tsx",77,1,"button",1,0,"B0-SAFE-explicit-type-button","","<button type=""button"" disabled={!canSubmit || !!readOnly || isSubmitting} onClick={() => void submit()} className={GLASS_BTN + ' disabled:opacity-50'} >"
"src/app/components/lawyer/TransactionsThreading/AddTransactionBottomSheet.tsx",128,1,"submit",0,1,"B1-SAFE-explicit-type-submit","inside_form=true","<button type=""submit"" disabled={!canSubmit || isSubmitting} className={GLASS_BTN} data-testid=""transactions-add-submit"" >"
"src/app/components/lawyer/TransactionsThreading/DocumentCard.tsx",23,1,"button",1,0,"B0-SAFE-explicit-type-button","","<button type=""button"" className={`${TX_ICON_BTN} absolute top-1 left-0`} aria-label=""حذف المستمسك"" onClick={() => onDelete(doc)} >"
"src/app/components/lawyer/TransactionsThreading/DocumentsAddSheet.tsx",52,1,"button",1,0,"B0-SAFE-explicit-type-button","","<button type=""button"" disabled={!canSubmit || !!readOnly} onClick={() => void submit()} className={GLASS_BTN} >"
"src/app/components/lawyer/TransactionsThreading/DocumentsAddSheet.tsx",83,1,"button",1,0,"B0-SAFE-explicit-type-button","","<button key={t} type=""button"" aria-pressed={active} onClick={() => setOwnerTag(t)} className={active ? TX_DRAWER_CHIP_ACTIVE : TX_DRAWER_CHIP} >"
"src/app/components/lawyer/TransactionsThreading/DocumentsDeleteDialog.tsx",30,1,"button",1,0,"B0-SAFE-explicit-type-button","","<button type=""button"" onClick={() => onOpenChange(false)} className={TX_DIALOG_BTN_CANCEL}>"
"src/app/components/lawyer/TransactionsThreading/DocumentsDeleteDialog.tsx",33,1,"button",1,0,"B0-SAFE-explicit-type-button","","<button type=""button"" onClick={() => void onConfirm()} className={TX_DIALOG_BTN_DANGER}>"
"src/app/components/lawyer/TransactionsThreading/DocumentsTabView.tsx",80,1,"button",1,0,"B0-SAFE-explicit-type-button","","<button type=""button"" disabled={!!readOnly} onClick={() => setOpen(true)} className={`${TX_GOLD_BTN} disabled:opacity-50 disabled:cursor-not-allowed`} >"
"src/app/components/lawyer/TransactionsThreading/ShareProcedureForm.tsx",123,1,"button",1,0,"B0-SAFE-explicit-type-button","","<button type=""button"" onClick={onRebuildBody} disabled={submitting || steps.length === 0} className={`${TX_TEXT_OCHRE} text-[11px] font-bold min-h-[44px] px-2 touch-manipulation disabled:opacity-45`} >"
"src/app/components/lawyer/TransactionsThreading/ShareProcedureModal.tsx",59,1,"button",1,0,"B0-SAFE-explicit-type-button","","<button type=""button"" onClick={() => onOpenChange(false)} disabled={vm.submitting} className={TX_DIALOG_BTN_CANCEL} >"
"src/app/components/lawyer/TransactionsThreading/ShareProcedureModal.tsx",67,1,"button",1,0,"B0-SAFE-explicit-type-button","","<button type=""button"" onClick={() => void vm.publish()} disabled={vm.submitting || !vm.bodyText.trim()} data-testid=""share-procedure-publish"" className={GLASS_BTN + ' !w-auto !h-11 !px-5'} >"
"src/app/components/lawyer/TransactionsThreading/TaskNodeCard.tsx",153,1,"button",1,0,"B0-SAFE-explicit-type-button","","<button type=""button"" onClick={() => onAddSubTask(task)} className={TX_ICON_BTN} aria-label=""متفرع"" >"
"src/app/components/lawyer/TransactionsThreading/taskThread/TaskThreadDialogs.tsx",88,1,"button",1,0,"B0-SAFE-explicit-type-button","","<button type=""button"" onClick={() => actions.setEditOpen(false)} className={TX_DIALOG_BTN_CANCEL}>"
"src/app/components/lawyer/TransactionsThreading/taskThread/TaskThreadDialogs.tsx",91,1,"button",1,0,"B0-SAFE-explicit-type-button","","<button type=""button"" onClick={actions.saveEdit} className={TX_GOLD_BTN + ' !h-11 !px-5 !text-sm !w-auto'}>"
"src/app/components/lawyer/TransactionsThreading/taskThread/TaskThreadDialogs.tsx",139,1,"button",1,0,"B0-SAFE-explicit-type-button","","<button type=""button"" onClick={() => actions.setDeleteOpen(false)} className={TX_DIALOG_BTN_CANCEL}>"
"src/app/components/lawyer/TransactionsThreading/taskThread/TaskThreadDialogs.tsx",142,1,"button",1,0,"B0-SAFE-explicit-type-button","","<button type=""button"" onClick={actions.confirmDelete} className={TX_DIALOG_BTN_DANGER}>"
"src/app/components/lawyer/TransactionsThreading/taskThread/TaskThreadDialogs.tsx",176,1,"button",1,0,"B0-SAFE-explicit-type-button","","<button type=""button"" onClick={() => actions.setCompleteOpen(false)} className={TX_DIALOG_BTN_CANCEL}>"
"src/app/components/lawyer/TransactionsThreading/taskThread/TaskThreadDialogs.tsx",179,1,"button",1,0,"B0-SAFE-explicit-type-button","","<button type=""button"" onClick={actions.confirmComplete} className={GLASS_BTN + ' !w-auto !h-11 !px-5'}>"
"src/app/components/lawyer/TransactionsThreading/taskThread/TaskThreadPathEmptyHint.tsx",25,1,"button",1,0,"B0-SAFE-explicit-type-button","","<button type=""button"" onClick={() => { localStorage.setItem(emptyPathDismissKey(transactionId), '1'); setDismissed(true); }} className={`absolute top-2 left-0 ${TX_ICON_BTN}`} aria-label=""إخفاء التلميح"" >"
"src/app/components/lawyer/TransactionsThreading/taskThread/TaskThreadPathEmptyHint.tsx",42,1,"button",1,0,"B0-SAFE-explicit-type-button","","<button type=""button"" onClick={onImportFromMyTemplates} className={`${TX_GOLD_BTN} mt-2`}>"
"src/app/components/lawyer/TransactionsThreading/TransactionCard.tsx",28,1,"button",1,0,"B0-SAFE-explicit-type-button","","<button type=""button"" onPointerDown={() => { if (pressDisabled) return; onPrimeDetails?.(); }} onClick={() => { if (pressDisabled) return; onPress(transaction); }} disabled={pressDisabled} data-testid={`transactions-card-${transaction.id}"
"src/app/components/lawyer/TransactionsThreading/TransactionCardActions.tsx",72,1,"button",1,0,"B0-SAFE-explicit-type-button","","<button type=""button"" className={TX_CARD_ACTION_BTN} aria-label=""أرشفة المعاملة"" data-testid={`transactions-archive-${transaction.id}`} onClick={() => void onArchive()} >"
"src/app/components/lawyer/TransactionsThreading/TransactionCardActions.tsx",81,1,"button",1,0,"B0-SAFE-explicit-type-button","","<button type=""button"" className={TX_CARD_ACTION_BTN} aria-label=""حذف المعاملة"" data-testid={`transactions-delete-${transaction.id}`} onClick={() => void onDelete()} >"
"src/app/components/lawyer/TransactionsThreading/TransactionCardActions.tsx",93,1,"button",1,0,"B0-SAFE-explicit-type-button","","<button type=""button"" className={TX_CARD_ACTION_BTN} aria-label=""استعادة من الأرشيف"" data-testid={`transactions-restore-archive-${transaction.id}`} onClick={() => void onRestoreFromArchive()} >"
"src/app/components/lawyer/TransactionsThreading/TransactionCardActions.tsx",104,1,"button",1,0,"B0-SAFE-explicit-type-button","","<button type=""button"" className={TX_CARD_ACTION_BTN} aria-label=""استعادة من المحذوفات"" data-testid={`transactions-restore-trash-${transaction.id}`} onClick={() => void onRestoreFromTrash()} >"
"src/app/components/lawyer/TransactionsThreading/transactionDetails/ClientReportDialog.tsx",24,1,"button",1,0,"B0-SAFE-explicit-type-button","","<button type=""button"" onClick={() => void onCopy()} className={GLASS_BTN + ' !w-auto px-5 h-11'}>"
"src/app/components/lawyer/TransactionsThreading/transactionDetails/CompleteTransactionDialog.tsx",21,1,"button",1,0,"B0-SAFE-explicit-type-button","","<button type=""button"" onClick={() => onOpenChange(false)} className={TX_DIALOG_BTN_CANCEL}>"
"src/app/components/lawyer/TransactionsThreading/transactionDetails/CompleteTransactionDialog.tsx",24,1,"button",1,0,"B0-SAFE-explicit-type-button","","<button type=""button"" onClick={() => { onOpenChange(false); void onConfirm(); }} className={GLASS_BTN + ' !w-auto px-5 h-11'} >"
"src/app/components/lawyer/TransactionsThreading/transactionDetails/ImportTemplatesSheet.tsx",51,1,"button",1,0,"B0-SAFE-explicit-type-button","","<button type=""button"" disabled={!canImportTaskTemplate({ isReadOnly, existingTaskCount })} onClick={() => void onImport(t.id)} className={`${DRAWER_ROW_BTN} text-[#0A0F1C]`} >"
"src/app/components/lawyer/TransactionsThreading/transactionDetails/ImportTemplatesSheet.tsx",59,1,"button",1,0,"B0-SAFE-explicit-type-button","","<button type=""button"" disabled={isReadOnly} onClick={() => { if (!userId) return; onDelete(t.id); }} className={`${DRAWER_ROW_BTN} text-black/45`} >"
"src/app/components/lawyer/TransactionsThreading/transactionDetails/SaveTemplateDialog.tsx",34,1,"button",1,0,"B0-SAFE-explicit-type-button","","<button type=""button"" onClick={() => onOpenChange(false)} className={TX_DIALOG_BTN_CANCEL}>"
"src/app/components/lawyer/TransactionsThreading/transactionDetails/SaveTemplateDialog.tsx",37,1,"button",1,0,"B0-SAFE-explicit-type-button","","<button type=""button"" disabled={!canSave} onClick={onSave} className={GLASS_BTN + ' !w-auto px-5 h-11 disabled:opacity-45'} >"
"src/app/components/lawyer/TransactionsThreading/transactionDetails/TransactionDetailsHeader.tsx",65,1,"button",1,0,"B0-SAFE-explicit-type-button","","<button type=""button"" onClick={onReopen} className={TX_GOLD_BTN} aria-label={`إعادة فتح المعاملة ${tx.title}`}>"
"src/app/components/lawyer/TransactionsThreading/transactionDetails/TransactionDetailsHeader.tsx",69,1,"button",1,0,"B0-SAFE-explicit-type-button","","<button type=""button"" onClick={onRequestComplete} onPointerDown={() => onPrimeDetailsDialogs?.()} className={TX_OCHRE_BTN} aria-haspopup=""dialog"" aria-label={`إنهاء المعاملة ${tx.title}`} >"
"src/app/components/lawyer/TransactionsThreading/transactionDetails/TransactionDetailsHeader.tsx",81,1,"button",1,0,"B0-SAFE-explicit-type-button","","<button type=""button"" onClick={onShareProcedure} onPointerDown={() => { if (taskCount === 0) return; onPrimeShare?.(); }} disabled={taskCount === 0} data-testid=""transactions-share-procedure"" className={`${TX_ICON_BTN} disabled:opacity-"
"src/app/components/lawyer/TransactionsThreading/transactionDetails/TransactionDetailsHeader.tsx",98,1,"button",1,0,"B0-SAFE-explicit-type-button","","<button type=""button"" onClick={onOpenReport} onPointerDown={() => onPrimeDetailsDialogs?.()} className={TX_ICON_BTN} title=""مشاركة تحديث الموكل"" aria-label=""مشاركة تحديث الموكل"" aria-haspopup=""dialog"" >"
"src/app/components/lawyer/TransactionsThreading/transactionDetails/TransactionDetailsHeader.tsx",134,1,"button",1,0,"B0-SAFE-explicit-type-button","","<button type=""button"" role=""tab"" className={`${TX_TAB_TRIGGER} ${tab === 'path' ? TX_TAB_TRIGGER_ACTIVE : ''}`} data-testid=""transactions-tab-path"" aria-selected={tab === 'path'} onClick={() => onTabChange('path')} >"
"src/app/components/lawyer/TransactionsThreading/transactionDetails/TransactionDetailsHeader.tsx",144,1,"button",1,0,"B0-SAFE-explicit-type-button","","<button type=""button"" role=""tab"" className={`${TX_TAB_TRIGGER} ${tab === 'docs' ? TX_TAB_TRIGGER_ACTIVE : ''}`} data-testid=""transactions-tab-docs"" aria-selected={tab === 'docs'} onPointerDown={() => onPrimeDocsTab?.()} onClick={() =>"
"src/app/components/lawyer/TransactionsThreading/TransactionsErrorBoundary.tsx",18,1,"button",1,0,"B0-SAFE-explicit-type-button","","<button type=""button"" onClick={onClose} data-testid=""transactions-error-close"" className=""min-h-[48px] px-8 rounded-xl bg-[#E6C673]/15 text-[#E6C673] border border-[#E6C673]/35 active:bg-[#E6C673]/25 transition-colors text-sm font-bold"
"src/app/components/lawyer/TransactionsThreading/TransactionsHubDialog.tsx",120,1,"button",1,0,"B0-SAFE-explicit-type-button","","<button type=""button"" aria-label=""إغلاق"" className={`absolute inset-0 bg-black/50 ${backdropMotion}`} onClick={() => onOpenChange(false)} />"
"src/app/components/lawyer/TransactionsThreading/TransactionsHubSheet.tsx",54,1,"button",1,0,"B0-SAFE-explicit-type-button","","<button type=""button"" tabIndex={open ? 0 : -1} aria-label=""إغلاق"" className={`absolute inset-0 bg-black/50 ${backdropMotion} ${open ? 'opacity-100' : 'opacity-0'}`} onClick={() => onOpenChange(false)} />"
"src/app/components/lawyer/TransactionsThreading/TransactionsListQueryBar.tsx",77,1,"button",1,0,"B0-SAFE-explicit-type-button","","<button key={String(f.id)} type=""button"" data-testid={`transactions-filter-${String(f.id)}`} aria-pressed={active} onClick={() => onFilterChange(f.id)} className={ active ? `${TX_QUERY_CHIP_BASE} ${GLASS_CHIP_ACTIVE}` : `${TX_QUERY_CHIP_B"
"src/app/components/lawyer/TransactionsThreading/TransactionsLiteMenu.tsx",147,1,"button",1,0,"B0-SAFE-explicit-type-button","","<button key={item.label} type=""button"" role=""menuitem"" data-testid={item.testId} className={`${TX_DROPDOWN_FOCUS} flex w-full min-h-[44px] items-center px-3 text-sm font-medium text-right ${ item.accent ? 'text-[#E6C673]' : 'text-[#F4F4"
"src/app/components/lawyer/TransactionsThreading/TransactionsLiteMenu.tsx",170,1,"button",1,0,"B0-SAFE-explicit-type-button","","<button ref={triggerRef} type=""button"" className={TX_ICON_BTN} aria-label={triggerLabel} aria-haspopup=""menu"" aria-expanded={open} aria-controls={open ? menuId : undefined} onPointerDown={() => onTriggerPointerDown?.()} onClick={() => {"
"src/app/components/lawyer/TransactionsThreading/transactionsTheme/chrome.tsx",41,1,"button",1,0,"B0-SAFE-explicit-type-button","","<button type=""button"" onClick={onBack} data-testid={backTestId} className={`${TX_TOUCH_ICON} rounded-xl text-[#F4F4F5] hover:bg-white/[0.06] transition-colors`} aria-label=""رجوع"" >"
"src/app/components/lawyer/TransactionsThreading/transactionsTheme/chrome.tsx",78,1,"button",1,0,"B0-SAFE-explicit-type-button","","<button type=""button"" aria-label={label} data-testid={testId} onClick={onClick} onPointerDown={onPointerDown} style={{ touchAction: 'manipulation' }} className={`fixed z-[80] pointer-events-auto flex items-center justify-center gap-2 font"
"src/app/components/lawyer/View_Urgent_And_Orders_Dashboard/DashboardControls.tsx",48,1,"button",1,0,"B0-SAFE-explicit-type-button","","<button type=""button"" role=""tab"" aria-selected={isActive} onClick={() => onScopeChange('active')} className={`h-full min-w-[3.25rem] rounded-lg px-2.5 text-[11px] font-bold touch-manipulation ${ isActive ? 'bg-white/[0.12] text-white' :"
"src/app/components/lawyer/View_Urgent_And_Orders_Dashboard/DashboardControls.tsx",59,1,"button",1,0,"B0-SAFE-explicit-type-button","","<button type=""button"" role=""tab"" aria-selected={isArchive} onClick={() => onScopeChange('archive')} className={`inline-flex h-full min-w-[3.25rem] items-center justify-center gap-1 rounded-lg px-2.5 text-[11px] font-bold touch-manipulat"
"src/app/components/lawyer/View_Urgent_And_Orders_Dashboard/DashboardControls.tsx",102,1,"button",1,0,"B0-SAFE-explicit-type-button","","<button type=""button"" title=""عرض شبكي"" aria-pressed={viewMode === 'grid'} onClick={() => onViewModeChange('grid')} className={`inline-flex min-h-[44px] min-w-[44px] items-center justify-center rounded-lg touch-manipulation ${ viewMode ="
"src/app/components/lawyer/View_Urgent_And_Orders_Dashboard/DashboardControls.tsx",113,1,"button",1,0,"B0-SAFE-explicit-type-button","","<button type=""button"" title=""عرض قائمة"" aria-pressed={viewMode === 'list'} onClick={() => onViewModeChange('list')} className={`inline-flex min-h-[44px] min-w-[44px] items-center justify-center rounded-lg touch-manipulation ${ viewMode "
"src/app/components/lawyer/View_Urgent_And_Orders_Dashboard/DashboardControls.tsx",127,1,"button",1,0,"B0-SAFE-explicit-type-button","","<button type=""button"" title=""سلة المهملات"" aria-pressed={scope === 'trash'} aria-label={`سلة المهملات${trashedCount > 0 ? ` (${trashedCount})` : ''}`} onClick={() => onScopeChange(scope === 'trash' ? 'active' : 'trash')} className={`fle"
"src/app/components/lawyer/View_Urgent_And_Orders_Dashboard/DashboardSection.tsx",96,1,"button",1,0,"B0-SAFE-explicit-type-button","","<button type=""button"" onClick={onToggle} className={DASHBOARD_SECTION_SHELL}>"
"src/app/components/lawyer/View_Urgent_And_Orders_Dashboard/UrgentDashboardErrorFallbacks.tsx",20,1,"button",1,0,"B0-SAFE-explicit-type-button","","<button type=""button"" onClick={onClose} className=""min-h-[44px] text-xs font-bold rounded-xl px-4 py-2 border border-white/20 text-white/80 hover:bg-white/10 touch-manipulation"" >"
"src/app/components/lawyer/View_Urgent_And_Orders_Dashboard/UrgentDashboardErrorFallbacks.tsx",27,1,"button",1,0,"B0-SAFE-explicit-type-button","","<button type=""button"" onClick={onRetry} className=""min-h-[44px] text-xs font-bold rounded-xl px-4 py-2 border border-[#E6C673]/40 text-[#E6C673] hover:bg-[#E6C673]/10 touch-manipulation"" >"
"src/app/components/lawyer/View_Urgent_And_Orders_Dashboard/UrgentLifecycleModals.tsx",58,1,"button",1,0,"B0-SAFE-explicit-type-button","","<button type=""button"" onClick={onCloseTrash} className={`${URGENT_DOSSIER_BTN_GHOST} min-h-[44px] py-2 text-xs`} >"
"src/app/components/lawyer/View_Urgent_And_Orders_Dashboard/UrgentLifecycleModals.tsx",65,1,"button",1,0,"B0-SAFE-explicit-type-button","","<button type=""button"" onClick={onConfirmTrash} className={`${URGENT_DOSSIER_BTN_PRIMARY} min-h-[44px] py-2 text-xs`} >"
"src/app/components/lawyer/View_Urgent_And_Orders_Dashboard/UrgentLifecycleModals.tsx",86,1,"button",1,0,"B0-SAFE-explicit-type-button","","<button type=""button"" onClick={onClosePermanentDelete} className={`${URGENT_DOSSIER_BTN_GHOST} min-h-[44px] py-2 text-xs`} >"
"src/app/components/lawyer/View_Urgent_And_Orders_Dashboard/UrgentLifecycleModals.tsx",93,1,"button",1,0,"B0-SAFE-explicit-type-button","","<button type=""button"" onClick={onConfirmPermanentDelete} disabled={permanentDeleteModal.countdown > 0} className={`${URGENT_DOSSIER_BTN_PRIMARY} min-h-[44px] py-2 text-xs disabled:opacity-50 disabled:cursor-not-allowed`} >"
"src/app/components/lawyer/View_Urgent_And_Orders_Dashboard.tsx",103,1,"button",1,0,"B0-SAFE-explicit-type-button","","<button type=""button"" onClick={onBack} className=""min-h-[44px] min-w-[44px] rounded-lg bg-white/5 hover:bg-white/10 flex items-center justify-center touch-manipulation"" aria-label=""رجوع"" >"
"src/app/components/lawyer/View_Urgent_And_Orders_Dashboard.tsx",149,1,"button",1,0,"B0-SAFE-explicit-type-button","","<button type=""button"" onClick={handleAddNew} title=""إضافة طلب مستعجل"" aria-label=""إضافة طلب مستعجل جديد"" style={{ position: 'fixed', zIndex: 60, bottom: 'max(1.25rem, env(safe-area-inset-bottom, 0px))', right: 'max(1.25rem, env(safe-a"
"src/app/components/SettingsScreens.tsx",92,1,"button",1,0,"B0-SAFE-explicit-type-button","","<button type=""button"" onClick={onLogout} className=""w-full py-3 rounded-xl border border-red-400/30 text-red-300 text-sm font-bold hover:bg-red-500/10 transition-colors"" >"
"src/app/components/shared/ExecutionInlineExecutorDecisionActions.tsx",85,1,"button",1,0,"B0-SAFE-explicit-type-button","","<button type=""button"" onClick={props.onOpenAppealCenter} className=""w-full rounded-xl border border-amber-500/35 bg-amber-500/10 px-3 py-2 text-[11px] font-extrabold text-amber-200 hover:bg-amber-500/15"" >"
"src/app/components/shared/ExecutionInlineExecutorDecisionActions.tsx",94,1,"button",1,0,"B0-SAFE-explicit-type-button","","<button type=""button"" disabled={disabled || busy} onClick={(e) => { e.stopPropagation(); resolve('rejected'); }} className=""rounded-xl border border-rose-500/35 bg-rose-500/10 px-3 py-2 text-[11px] font-extrabold text-rose-200 hover:bg-r"
"src/app/components/shared/ExecutionInlineExecutorDecisionActions.tsx",105,1,"button",1,0,"B0-SAFE-explicit-type-button","","<button type=""button"" disabled={disabled || busy} onClick={(e) => { e.stopPropagation(); resolve('approved'); }} className=""rounded-xl border border-emerald-500/35 bg-emerald-500/10 px-3 py-2 text-[11px] font-extrabold text-emerald-200 h"
"src/app/components/shared/GlobalErrorBoundary.tsx",174,1,"button",1,0,"B0-SAFE-explicit-type-button","","<button type=""button"" onClick={this.handleReset} data-testid=""global-error-boundary-retry"" className=""flex items-center gap-2 px-6 py-3 bg-[#E6C673] text-[#0F172A] rounded-xl font-bold hover:bg-[#F4D03F] transition-all"" >"
"src/app/components/shared/ZoomableContainer.tsx",169,1,"button",1,0,"B0-SAFE-explicit-type-button","","<button type=""button"" onClick={() => applyScale(scaleRef.current * BUTTON_ZOOM_STEP)} disabled={scale >= MAX_ZOOM} aria-label=""تكبير"" title=""تكبير (Ctrl + عجلة الفأرة أو قرصة اللمس)"" className=""flex h-11 w-11 items-center justify-cen"
"src/app/components/shared/ZoomableContainer.tsx",182,1,"button",1,0,"B0-SAFE-explicit-type-button","","<button type=""button"" onClick={() => applyScale(scaleRef.current / BUTTON_ZOOM_STEP)} disabled={!zoomed} aria-label=""تصغير"" className=""flex h-11 w-11 items-center justify-center rounded-xl text-white/70 transition-colors hover:bg-white"
"src/app/components/shared/ZoomableContainer.tsx",191,1,"button",1,0,"B0-SAFE-explicit-type-button","","<button type=""button"" onClick={() => applyScale(MIN_ZOOM)} disabled={!zoomed} aria-label=""إعادة الضبط إلى الحجم الأصلي"" className=""flex h-11 w-11 items-center justify-center rounded-xl text-white/70 transition-colors hover:bg-white/10 "
"src/app/components/ui/ErrorBoundary.tsx",154,1,"button",1,0,"B0-SAFE-explicit-type-button","","<button type=""button"" onClick={this.handleReset} className=""flex items-center justify-center gap-2 px-6 py-3 bg-gold-500 hover:bg-gold-600 text-navy-900 font-semibold rounded-lg transition-colors"" >"
"src/app/components/ui/ErrorBoundary.tsx",163,1,"button",1,0,"B0-SAFE-explicit-type-button","","<button type=""button"" onClick={this.handleReload} className=""flex items-center justify-center gap-2 px-6 py-3 bg-navy-700 hover:bg-navy-600 text-white font-semibold rounded-lg transition-colors border border-navy-600"" >"
"src/app/components/ui/ErrorBoundary.tsx",172,1,"button",1,0,"B0-SAFE-explicit-type-button","","<button type=""button"" onClick={this.handleGoHome} className=""flex items-center justify-center gap-2 px-6 py-3 bg-navy-700 hover:bg-navy-600 text-white font-semibold rounded-lg transition-colors border border-navy-600"" >"
"src/app/components/ui/HamiDateInput.tsx",227,1,"button",1,0,"B0-SAFE-explicit-type-button","","<button type=""button"" onClick={() => shiftMonth(-1)} className=""p-1.5 rounded-lg border border-white/[0.08] bg-white/[0.03] hover:bg-[#E6C673]/10 hover:border-[#E6C673]/25 transition-colors min-h-[36px] min-w-[36px] flex items-center jus"
"src/app/components/ui/HamiDateInput.tsx",238,1,"button",1,0,"B0-SAFE-explicit-type-button","","<button type=""button"" onClick={() => shiftMonth(1)} className=""p-1.5 rounded-lg border border-white/[0.08] bg-white/[0.03] hover:bg-[#E6C673]/10 hover:border-[#E6C673]/25 transition-colors min-h-[36px] min-w-[36px] flex items-center just"
"src/app/components/ui/HamiDateInput.tsx",266,1,"button",1,0,"B0-SAFE-explicit-type-button","","<button key={day.toISOString()} type=""button"" disabled={disabledDay} onClick={() => pickDay(day)} className={cn( 'h-8 rounded-lg text-[11px] font-bold transition-colors', disabledDay && 'opacity-20 cursor-not-allowed', !disabledDay && !is"
"src/app/components/ui/HamiDateInput.tsx",287,1,"button",1,0,"B0-SAFE-explicit-type-button","","<button type=""button"" onClick={() => { if (!isDisabledDay(today)) pickDay(today); }} className=""text-[10px] font-bold text-[#E6C673] px-2.5 py-1 rounded-md border border-[#E6C673]/22 bg-[#E6C673]/8 hover:bg-[#E6C673]/14 transition-colors"
"src/app/components/ui/HamiDateInput.tsx",302,1,"button",1,0,"B0-SAFE-explicit-type-button","","<button {...rest} ref={triggerRef} type=""button"" disabled={disabled} aria-haspopup=""dialog"" aria-expanded={open} onClick={() => { if (!disabled) setOpen((o) => !o); }} className={cn( 'w-full flex items-center justify-between gap-2 text-"
"src/app/components/ui/SmartDialogContainer.tsx",224,1,"button",1,0,"B0-SAFE-explicit-type-button","","<button type=""button"" onClick={onCancel} className=""min-h-[44px] min-w-[44px] px-4 py-2 rounded-xl text-white/60 hover:text-white hover:bg-white/5 transition-colors font-bold text-sm touch-manipulation"" >"
"src/app/components/ui/SmartDialogContainer.tsx",231,1,"button",1,0,"B0-SAFE-explicit-type-button","","<button type=""button"" onClick={onConfirm} disabled={confirmLocked} data-testid=""smart-dialog-confirm"" className={`${URGENT_DOSSIER_BTN_PRIMARY} min-w-[44px] py-2 text-xs disabled:opacity-40 disabled:pointer-events-none tabular-nums`} >"
"src/app/components/ui/SmartToastContainer.tsx",153,1,"button",1,0,"B0-SAFE-explicit-type-button","","<button type=""button"" onClick={(e) => { e.stopPropagation(); actionButton.onClick(); }} className={`mt-2.5 px-3.5 py-1.5 rounded-xl text-xs font-bold border transition-colors ${style.btnClass}`} >"
"src/app/components/ui/SmartToastContainer.tsx",165,1,"button",1,0,"B0-SAFE-explicit-type-button","","<button type=""button"" onClick={() => onDismiss(toast.id)} className=""shrink-0 w-8 h-8 rounded-lg flex items-center justify-center text-white/35 hover:text-white hover:bg-white/5 transition-colors"" aria-label=""إغلاق"" >"
"src/app/workspace/WorkspacePinButton.tsx",49,1,"button",1,0,"B0-SAFE-explicit-type-button","","<button type=""button"" title={pinTitle} aria-label={pinned ? 'إلغاء تثبيت البطاقة' : 'تثبيت الإضبارة'} aria-pressed={pinned} data-testid={`workspace-pin-${item.type}-${item.id}`} onClick={(e) => { e.stopPropagation(); togglePin(item); }} c"
"src/app/components/lawyer/Dashboard_Active_Order_File/panels/cassation/CassationPhaseHeader.tsx",41,role-only,"",,,"R3-NEEDS-FIX-ROLE-BUTTON→NATIVE-BUTTON","","<span role=""button"" tabIndex={0} onClick={(e) => { e.stopPropagation(); setEditCassation(true); setActiveLifecycleStep('cassation'); }} className=""inline-flex min-h-[44px] items-center px-2 rounded"
"src/app/components/lawyer/Dashboard_Active_Order_File/panels/grievance/GrievancePhaseHeader.tsx",40,role-only,"",,,"R3-NEEDS-FIX-ROLE-BUTTON→NATIVE-BUTTON","","<span role=""button"" tabIndex={0} onClick={(e) => { e.stopPropagation(); setEditGrievance(true); setActiveLifecycleStep('grievance'); }} className=""inline-flex min-h-[44px] items-center px-2 rounded"
"src/app/components/lawyer/ExecutionDashboard/components/DashboardHeaderSection.tsx",193,role-only,"",,,"R3-NEEDS-FIX-ROLE-BUTTON→NATIVE-BUTTON","","<div className={`${EXECUTION_DOSSIER_SUMMARY_TOGGLE} ${ headerExpanded ? 'rounded-t-lg rounded-b-none' : 'rounded-lg' }`} role=""button"" tabIndex={0} onClick={() => setLocalHeaderExpanded((open) => !"
"src/app/components/lawyer/FinancialOperationsCenter/components/FocFundsCardHeader.tsx",54,role-only,"",,,"R3-NEEDS-FIX-ROLE-BUTTON→NATIVE-BUTTON","","<div role=""button"" tabIndex={0} onClick={onToggle} onKeyDown={onKeyToggle} className={`${collapsedHeaderClassName} flex min-w-0 flex-1 cursor-pointer items-stretch outline-none focus-visible:ring-2 "
"src/app/components/lawyer/FinancialOperationsCenter/components/FocFundsCardHeader.tsx",120,role-only,"",,,"R3-NEEDS-FIX-ROLE-BUTTON→NATIVE-BUTTON","","<div role=""button"" tabIndex={0} onClick={onToggle} onKeyDown={onKeyToggle} className={`${expandedHeaderClassName} min-w-0 flex-1 cursor-pointer text-right outline-none focus-visible:ring-2 focus-vis"
"src/app/components/lawyer/GlobalSearchOverlay/components/GlobalSearchSheetHandle.tsx",42,role-only,"",,,"R3-NEEDS-FIX-ROLE-BUTTON→NATIVE-BUTTON","","<div ref={hitRef} className=""hami-gs-handle-hit"" data-testid=""global-search-swipe-handle"" role=""button"" tabIndex={enabled ? 0 : -1} aria-label=""اسحب للأسفل لإغلاق البحث"" onKeyDown={(event) => "
"src/app/components/lawyer/NotificationPanel/components/IncomingNotificationPopups.tsx",23,role-only,"",,,"R3-NEEDS-FIX-ROLE-BUTTON→NATIVE-BUTTON","","<div role=""button"" tabIndex={0} onClick={() => onOpen(item.id)} onKeyDown={(e) => { if (e.key !== 'Enter' && e.key !== ' ') return; e.preventDefault(); onOpen(item.id); }} data-testid={`incoming-not"
"src/app/components/lawyer/NotificationPanel/components/NotificationCard.tsx",35,role-only,"",,,"R3-NEEDS-FIX-ROLE-BUTTON→NATIVE-BUTTON","","<div role=""button"" tabIndex={0} onClick={() => onTap(notification)} onKeyDown={(event) => { if (event.target !== event.currentTarget) return; if (event.key !== 'Enter' && event.key !== ' ') return; "
"src/app/components/lawyer/TransactionsThreading/TaskNodeCard.tsx",100,role-only,"",,,"R3-NEEDS-FIX-ROLE-BUTTON→NATIVE-BUTTON","","<div role=""button"" tabIndex={readOnly ? -1 : 0} onClick={() => { if (!readOnly) onToggleStatus(task); }} onKeyDown={(e) => { if (readOnly) return; if (e.key === 'Enter' || e.key === ' ') { e.prevent"
